Workbook

Sheet Proximal Validation (prelim)
A2: Ground Truth | H2: Gimbal | J2: 6-Axis FT Sensor | P2: SoRoSim get_proximal_value | V2: Proximal Errors
A3: F (N) | B3: s (m) | C3: el (rad) | D3: az (deg) | E3: tau1 (N) | F3: tau2 (N) | G3: tau3 (N) | H3: α_roll (deg) | I3: β_pitch (deg) | J3: Tx (Nm) | K3: Ty (Nm) | L3: Tz(Nm) | M3: Fx (N) | N3: Fy (N) | O3: Fz (N) | P3: Tx (Nm) | Q3: Ty (Nm) | R3: Tz(Nm) | S3: Fx (N) | T3: Fy (N) | U3: Fz (N) | V3: Tx (Nm) | W3: Ty (Nm) | X3: Tz(Nm) | Y3: Fx (N) | Z3: Fy (N) | AA3: Fz (N)
A4: 0.713 | B4: 0.04 | C4: 1.571 | D4: -3.142 | E4: 1.19 | F4: 0.377 | G4: 0.338 | H4: =DEGREES(ATAN2(COS($C4) * SIN($D4), -SIN($C4)))+90 -> -4.7535757e-06 | I4: =DEGREES(ACOS(COS($C4) * COS($D4))) -> 89.98833 | J4: -0.0005501227 | K4: -0.09199293 | L4: 0.00083513604 | M4: -0.011971755 | N4: 0.0070847869 | O4: 0.69741023 | P4: 0.000109 | Q4: -0.09265 | R4: -3.6e-06 | S4: -0.01621 | T4: -4.7e-05 | U4: 0.712811 | V4: =ABS(J4-P4) -> 0.0006591227 | W4: =ABS(K4-Q4) -> 0.00065707042 | X4: =ABS(L4-R4) -> 0.00083873604 | Y4: =ABS(M4-S4) -> 0.004238245 | Z4: =ABS(N4-T4) -> 0.0071317869 | AA4: =ABS(O4-U4) -> 0.015400774
A5: 0.42 | B5: 0.1 | C5: 1.571 | D5: -3.142 | E5: 0.455 | F5: 0.619 | G5: 0.95 | H5: =DEGREES(ATAN2(COS($C5) * SIN($D5), -SIN($C5)))+90 -> -4.7535757e-06 | I5: =DEGREES(ACOS(COS($C5) * COS($D5))) -> 89.98833 | J5: 0.00015116832 | K5: -0.064147308 | L5: 0.00037789688 | M5: -0.01675386 | N5: 0.000162635 | O5: 0.32800156 | P5: -9.9e-05 | Q5: -0.07968 | R5: 1.38e-06 | S5: -0.02886 | T5: 4.33e-05 | U5: 0.419007 | V5: =ABS(J5-P5) -> 0.00025016832 | W5: =ABS(K5-Q5) -> 0.015532692 | X5: =ABS(L5-R5) -> 0.00037651688 | Y5: =ABS(M5-S5) -> 0.01210614 | Z5: =ABS(N5-T5) -> 0.000119335 | AA5: =ABS(O5-U5) -> 0.091005441
A6: 0.852 | B6: 0.06 | C6: 0.785 | D6: -3.142 | E6: 0.308 | F6: 0.694 | G6: 0.013 | H6: =DEGREES(ATAN2(COS($C6) * SIN($D6), -SIN($C6)))+90 -> 0.023357821 | I6: =DEGREES(ACOS(COS($C6) * COS($D6))) -> 135.02281 | J6: 0.0006245696 | K6: -0.081467919 | L6: -0.00096467417 | M6: -0.55178428 | N6: -0.0025920421 | O6: 0.49018782 | P6: -0.0001 | Q6: -0.08712 | R6: 0.000511 | S6: -0.62927 | T6: 0.004057 | U6: 0.574359 | V6: =ABS(J6-P6) -> 0.0007245696 | W6: =ABS(K6-Q6) -> 0.0056520809 | X6: =ABS(L6-R6) -> 0.0014756742 | Y6: =ABS(M6-S6) -> 0.077485723 | Z6: =ABS(N6-T6) -> 0.0066490421 | AA6: =ABS(O6-U6) -> 0.084171176
A7: 0.611 | B7: 0.1 | C7: 0.785 | D7: -3.142 | E7: 1.008 | F7: 0.046 | G7: 1.286 | H7: =DEGREES(ATAN2(COS($C7) * SIN($D7), -SIN($C7)))+90 -> 0.023357821 | I7: =DEGREES(ACOS(COS($C7) * COS($D7))) -> 135.02281 | J7: 0.0014487131 | K7: -0.092176184 | L7: -0.0007676839 | M7: -0.5339607 | N7: -0.0091972947 | O7: 0.43053609 | P7: 0.00059 | Q7: -0.079 | R7: -0.00208 | S7: -0.45588 | T7: -0.01395 | U7: 0.406559 | V7: =ABS(J7-P7) -> 0.00085871313 | W7: =ABS(K7-Q7) -> 0.013176184 | X7: =ABS(L7-R7) -> 0.0013123161 | Y7: =ABS(M7-S7) -> 0.0780807 | Z7: =ABS(N7-T7) -> 0.0047527053 | AA7: =ABS(O7-U7) -> 0.023977091
A8: 0.658 | B8: 0.04 | C8: -0.785 | D8: 0 | E8: 0.397 | F8: 0.309 | G8: 0.065 | H8: =DEGREES(ATAN2(COS($C8) * SIN($D8), -SIN($C8)))+90 -> 180 | I8: =DEGREES(ACOS(COS($C8) * COS($D8))) -> 44.977187 | J8: 0.0013399257 | K8: 0.060653578 | L8: 0.0018496325 | M8: 0.3945944 | N8: 0.0046048462 | O8: -0.48639551 | P8: -7.7e-06 | Q8: 0.060845 | R8: 4.56e-05 | S8: 0.461502 | T8: 0.0004 | U8: -0.46902 | V8: =ABS(J8-P8) -> 0.0013476257 | W8: =ABS(K8-Q8) -> 0.00019142151 | X8: =ABS(L8-R8) -> 0.0018040325 | Y8: =ABS(M8-S8) -> 0.066907599 | Z8: =ABS(N8-T8) -> 0.0042048462 | AA8: =ABS(O8-U8) -> 0.017375508
A9: 0.363 | B9: 0.18 | C9: -0.785 | D9: 0 | E9: 0.756 | F9: 1.339 | G9: 0.394 | H9: =DEGREES(ATAN2(COS($C9) * SIN($D9), -SIN($C9)))+90 -> 180 | I9: =DEGREES(ACOS(COS($C9) * COS($D9))) -> 44.977187 | J9: 0.0009165337 | K9: 0.043244336 | L9: 0.0038156479 | M9: 0.19862668 | N9: 0.0099807931 | O9: -0.16723004 | P9: 0.00113 | Q9: 0.075069 | R9: -0.00458 | S9: 0.209427 | T9: -0.02112 | U9: -0.2957 | V9: =ABS(J9-P9) -> 0.0002134663 | W9: =ABS(K9-Q9) -> 0.031824664 | X9: =ABS(L9-R9) -> 0.0083956479 | Y9: =ABS(M9-S9) -> 0.010800318 | Z9: =ABS(N9-T9) -> 0.031100793 | AA9: =ABS(O9-U9) -> 0.12846996
A10: 0.216 | B10: 0.04 | C10: -1.047 | D10: 0 | E10: 1.106 | F10: 0.213 | G10: 0.419 | H10: =DEGREES(ATAN2(COS($C10) * SIN($D10), -SIN($C10)))+90 -> 180 | I10: =DEGREES(ACOS(COS($C10) * COS($D10))) -> 59.988681 | J10: 0.00045122195 | K10: 0.0220937 | L10: 0.00041068564 | M10: 0.10166593 | N10: -0.0023199152 | O10: -0.17379917 | P10: -3.1e-05 | Q10: 0.024329 | R10: 0.000107 | S10: 0.107658 | T10: 0.000941 | U10: -0.18726 | V10: =ABS(J10-P10) -> 0.00048222195 | W10: =ABS(K10-Q10) -> 0.0022352998 | X10: =ABS(L10-R10) -> 0.00030368564 | Y10: =ABS(M10-S10) -> 0.005992071 | Z10: =ABS(N10-T10) -> 0.0032609152 | AA10: =ABS(O10-U10) -> 0.013460828
A11: 0.166 | B11: 0.1 | C11: -1.047 | D11: 0 | E11: 0.962 | F11: 0.959 | G11: 0.779 | H11: =DEGREES(ATAN2(COS($C11) * SIN($D11), -SIN($C11)))+90 -> 180 | I11: =DEGREES(ACOS(COS($C11) * COS($D11))) -> 59.988681 | J11: 0.00033241365 | K11: 0.022209086 | L11: 0.00023622061 | M11: 0.074208476 | N11: -0.0029545557 | O11: -0.11434805 | P11: -6.2e-07 | Q11: 0.027531 | R11: 1.31e-06 | S11: 0.07984 | T11: 8.66e-06 | U11: -0.14554 | V11: =ABS(J11-P11) -> 0.00033303365 | W11: =ABS(K11-Q11) -> 0.0053219145 | X11: =ABS(L11-R11) -> 0.00023491061 | Y11: =ABS(M11-S11) -> 0.0056315244 | Z11: =ABS(N11-T11) -> 0.0029632157 | AA11: =ABS(O11-U11) -> 0.031191954
A12: 0.184 | B12: 0.12 | C12: -1.047 | D12: 0 | E12: 0.276 | F12: 0.894 | G12: 0.747 | H12: =DEGREES(ATAN2(COS($C12) * SIN($D12), -SIN($C12)))+90 -> 180 | I12: =DEGREES(ACOS(COS($C12) * COS($D12))) -> 59.988681 | J12: 0.00041037553 | K12: 0.018090434 | L12: 0.00032764772 | M12: 0.055308752 | N12: -0.00017109048 | O12: -0.087187305 | P12: 0.000225 | Q12: 0.034217 | R12: -0.00045 | S12: 0.082174 | T12: -0.0027 | U12: -0.16461 | V12: =ABS(J12-P12) -> 0.00018537553 | W12: =ABS(K12-Q12) -> 0.016126566 | X12: =ABS(L12-R12) -> 0.00077764772 | Y12: =ABS(M12-S12) -> 0.026865248 | Z12: =ABS(N12-T12) -> 0.0025289095 | AA12: =ABS(O12-U12) -> 0.077422695
A13: 0.961 | B13: 0.14 | C13: -1.047 | D13: 0 | E13: 0.61 | F13: 0.648 | G13: 1.244 | H13: =DEGREES(ATAN2(COS($C13) * SIN($D13), -SIN($C13)))+90 -> 180 | I13: =DEGREES(ACOS(COS($C13) * COS($D13))) -> 59.988681 | J13: 0.0016050215 | K13: 0.20343687 | L13: -0.00094352686 | M13: 0.16312501 | N13: -0.011226714 | O13: -0.93589824 | P13: 0.000112 | Q13: 0.213129 | R13: -0.00021 | S13: 0.049297 | T13: -0.00097 | U13: -0.95956 | V13: =ABS(J13-P13) -> 0.0014930215 | W13: =ABS(K13-Q13) -> 0.0096921336 | X13: =ABS(L13-R13) -> 0.00073352686 | Y13: =ABS(M13-S13) -> 0.11382801 | Z13: =ABS(N13-T13) -> 0.010256714 | AA13: =ABS(O13-U13) -> 0.023661756
A14: 0.51 | B14: 0.06 | C14: -1.571 | D14: -3.142 | E14: 0.77 | F14: 0.723 | G14: 0.808 | H14: =DEGREES(ATAN2(COS($C14) * SIN($D14), -SIN($C14)))+90 -> 180 | I14: =DEGREES(ACOS(COS($C14) * COS($D14))) -> 89.98833 | J14: 0.0011370532 | K14: 0.069547608 | L14: -0.00019496295 | M14: 0.0058881054 | N14: -0.0041733608 | O14: -0.45174664 | P14: -1.1e-05 | Q14: 0.07646 | R14: -2.6e-07 | S14: -0.0162 | T14: -4e-06 | U14: -0.50974 | V14: =ABS(J14-P14) -> 0.0011480532 | W14: =ABS(K14-Q14) -> 0.0069123915 | X14: =ABS(L14-R14) -> 0.00019470295 | Y14: =ABS(M14-S14) -> 0.022088105 | Z14: =ABS(N14-T14) -> 0.0041693608 | AA14: =ABS(O14-U14) -> 0.057993357
A15: 0.309 | B15: 0.12 | C15: -1.571 | D15: 0 | E15: 0.075 | F15: 0.871 | G15: 0.308 | H15: =DEGREES(ATAN2(COS($C15) * SIN($D15), -SIN($C15)))+90 -> 180 | I15: =DEGREES(ACOS(COS($C15) * COS($D15))) -> 90.01167 | J15: 0.0011122038 | K15: 0.044223316 | L15: 0.00030775432 | M15: -0.0076349932 | N15: 0.0019808747 | O15: -0.20005062 | P15: 0.000558 | Q15: 0.064725 | R15: 1.26e-05 | S15: -0.02776 | T15: 0.000299 | U15: -0.30775 | V15: =ABS(J15-P15) -> 0.00055420381 | W15: =ABS(K15-Q15) -> 0.020501684 | X15: =ABS(L15-R15) -> 0.00029515432 | Y15: =ABS(M15-S15) -> 0.020125007 | Z15: =ABS(N15-T15) -> 0.0016818747 | AA15: =ABS(O15-U15) -> 0.10769938
... A18: 0.429 | B18: 0.18 | C18: -1.047 | D18: -3.142 | E18: 1.105 | F18: 1.337 | G18: 0.407 | H18: =DEGREES(ATAN2(COS($C18) * SIN($D18), -SIN($C18)))+90 -> 179.98652 | I18: =DEGREES(ACOS(COS($C18) * COS($D18))) -> 120.01132 | J18: 0.00086086942 | K18: 0.064414084 | L18: 0.0011422571 | M18: -0.11927793 | N18: -0.00085563958 | O18: -0.2179742 | P18: 0.000585 | Q18: 0.089931 | R18: 0.001246 | S18: -0.30026 | T18: 0.006161 | U18: -0.30629 | V18: =ABS(J18-P18) -> 0.00027586942 | W18: =ABS(K18-Q18) -> 0.025516916 | X18: =ABS(L18-R18) -> 0.00010374287 | Y18: =ABS(M18-S18) -> 0.18098207 | Z18: =ABS(N18-T18) -> 0.0070166396 | AA18: =ABS(O18-U18) -> 0.088315799
AI19: `
P26: 0.0017147952 | Q26: 0.066436306 | R26: 0.0047061667 | S26: -0.027332893 | T26: 0.01427271 | U26: -0.30307317

Sheet Distal Validation (prelim)
A2: Ground Truth | H2: Gimbal | J2: 6-Axis FT Sensor | P2: SoRoSim get_distal_value | T2: Distal Errors | X2: Ground-truth unit vector | AA2: Predicted unit vector
A3: F (N) | B3: s (m) | C3: el (rad) | D3: az (rad) | E3: tau1 (N) | F3: tau2 (N) | G3: tau3 (N) | H3: α_roll (deg) | I3: β_pitch (deg) | J3: Tx (Nm) | K3: Ty (Nm) | L3: Tz(Nm) | M3: Fx (N) | N3: Fy (N) | O3: Fz (N) | P3: F (N) | Q3: s (m) | R3: el (rad) | S3: az (rad) | T3: F (N) | U3: s (m) | V3: Combiend Angular (deg) | X3: x | Y3: y | Z3: z | AA3: x | AB3: y | AC3: z
A4: ='Proximal Validation (prelim)'!A4 -> 0.713 | B4: ='Proximal Validation (prelim)'!B4 -> 0.04 | C4: ='Proximal Validation (prelim)'!C4 -> 1.571 | D4: ='Proximal Validation (prelim)'!D4 -> -3.142 | E4: ='Proximal Validation (prelim)'!E4 -> 1.19 | F4: ='Proximal Validation (prelim)'!F4 -> 0.377 | G4: ='Proximal Validation (prelim)'!G4 -> 0.338 | H4: ='Proximal Validation (prelim)'!H4 -> -4.7535757e-06 | ... O4: ='Proximal Validation (prelim)'!O4 -> 0.69741023 | P4: 0.697144 | Q4: 0.042011 | R4: 1.558158 | S4: 0.921867 | T4: =P4-A4 -> -0.015856 | U4: =Q4-B4 -> 0.002011 | V4: =DEGREES(ACOS( MAX(-1, MIN(1, AA4*X4 + AB4*Y4 + AC4*Z4)) )) -> 0.71713454 | X4: =COS(C4)*COS(D4) -> 0.00020367319 | Y4: =COS(C4)*SIN(D4) -> -8.2965546e-08 | Z4: =SIN(C4) -> 0.99999998 | AA4: =COS(R4)*COS(S4) -> 0.0076375636 | AB4: =COS(R4)*SIN(S4) -> 0.010069082 | AC4: =SIN(R4) -> 0.99992014
A5: ='Proximal Validation (prelim)'!A5 -> 0.42 | B5: ='Proximal Validation (prelim)'!B5 -> 0.1 | C5: ='Proximal Validation (prelim)'!C5 -> 1.571 | D5: ='Proximal Validation (prelim)'!D5 -> -3.142 | E5: ='Proximal Validation (prelim)'!E5 -> 0.455 | F5: ='Proximal Validation (prelim)'!F5 -> 0.619 | G5: ='Proximal Validation (prelim)'!G5 -> 0.95 | H5: ='Proximal Validation (prelim)'!H5 -> -4.7535757e-06 | ... O5: ='Proximal Validation (prelim)'!O5 -> 0.32800156 | P5: 0.328561 | Q5: 0.102375 | R5: 1.570796 | S5: -2.13799 | T5: =P5-A5 -> -0.091439 | U5: =Q5-B5 -> 0.002375 | V5: =DEGREES(ACOS( MAX(-1, MIN(1, AA5*X5 + AB5*Y5 + AC5*Z5)) )) -> 0.011679679 | X5: =COS(C5)*COS(D5) -> 0.00020367319 | Y5: =COS(C5)*SIN(D5) -> -8.2965546e-08 | Z5: =SIN(C5) -> 0.99999998 | AA5: =COS(R5)*COS(S5) -> -1.755762e-07 | AB5: =COS(R5)*SIN(S5) -> -2.7562275e-07 | AC5: =SIN(R5) -> 1
A6: ='Proximal Validation (prelim)'!A6 -> 0.852 | B6: ='Proximal Validation (prelim)'!B6 -> 0.06 | C6: ='Proximal Validation (prelim)'!C6 -> 0.785 | D6: ='Proximal Validation (prelim)'!D6 -> -3.142 | E6: ='Proximal Validation (prelim)'!E6 -> 0.308 | F6: ='Proximal Validation (prelim)'!F6 -> 0.694 | G6: ='Proximal Validation (prelim)'!G6 -> 0.013 | H6: ='Proximal Validation (prelim)'!H6 -> 0.023357821 | ... O6: ='Proximal Validation (prelim)'!O6 -> 0.49018782 | P6: 0.738125 | Q6: 0.072558 | R6: 0.786265 | S6: -3.12675 | T6: =P6-A6 -> -0.113875 | U6: =Q6-B6 -> 0.012558 | V6: =DEGREES(ACOS( MAX(-1, MIN(1, AA6*X6 + AB6*Y6 + AC6*Z6)) )) -> 0.62193187 | X6: =COS(C6)*COS(D6) -> -0.70738821 | Y6: =COS(C6)*SIN(D6) -> 0.00028815206 | Z6: =SIN(C6) -> 0.70682518 | AA6: =COS(R6)*COS(S6) -> -0.70641575 | AB6: =COS(R6)*SIN(S6) -> -0.010485854 | AC6: =SIN(R6) -> 0.70771946
A7: ='Proximal Validation (prelim)'!A7 -> 0.611 | B7: ='Proximal Validation (prelim)'!B7 -> 0.1 | C7: ='Proximal Validation (prelim)'!C7 -> 0.785 | D7: ='Proximal Validation (prelim)'!D7 -> -3.142 | E7: ='Proximal Validation (prelim)'!E7 -> 1.008 | F7: ='Proximal Validation (prelim)'!F7 -> 0.046 | G7: ='Proximal Validation (prelim)'!G7 -> 1.286 | H7: ='Proximal Validation (prelim)'!H7 -> 0.023357821 | ... O7: ='Proximal Validation (prelim)'!O7 -> 0.43053609 | P7: 0.686306 | Q7: 0.114683 | R7: 0.77569 | S7: 3.115279 | T7: =P7-A7 -> 0.075306 | U7: =Q7-B7 -> 0.014683 | V7: =DEGREES(ACOS( MAX(-1, MIN(1, AA7*X7 + AB7*Y7 + AC7*Z7)) )) -> 1.1820395 | X7: =COS(C7)*COS(D7) -> -0.70738821 | Y7: =COS(C7)*SIN(D7) -> 0.00028815206 | Z7: =SIN(C7) -> 0.70682518 | AA7: =COS(R7)*COS(S7) -> -0.71369091 | AB7: =COS(R7)*SIN(S7) -> 0.018784151 | AC7: =SIN(R7) -> 0.70020886
A8: ='Proximal Validation (prelim)'!A8 -> 0.658 | B8: ='Proximal Validation (prelim)'!B8 -> 0.04 | C8: ='Proximal Validation (prelim)'!C8 -> -0.785 | D8: ='Proximal Validation (prelim)'!D8 -> 0 | E8: ='Proximal Validation (prelim)'!E8 -> 0.397 | F8: ='Proximal Validation (prelim)'!F8 -> 0.309 | G8: ='Proximal Validation (prelim)'!G8 -> 0.065 | H8: ='Proximal Validation (prelim)'!H8 -> 180 | ... O8: ='Proximal Validation (prelim)'!O8 -> -0.48639551 | P8: 0.626296 | Q8: 0.035716 | R8: -0.88149 | S8: 0.012138 | T8: =P8-A8 -> -0.031704 | U8: =Q8-B8 -> -0.004284 | V8: =DEGREES(ACOS( MAX(-1, MIN(1, AA8*X8 + AB8*Y8 + AC8*Z8)) )) -> 5.548145 | X8: =COS(C8)*COS(D8) -> 0.70738827 | Y8: =COS(C8)*SIN(D8) -> 0 | Z8: =SIN(C8) -> -0.70682518 | AA8: =COS(R8)*COS(S8) -> 0.63595519 | AB8: =COS(R8)*SIN(S8) -> 0.0077196032 | AC8: =SIN(R8) -> -0.77168738
A9: ='Proximal Validation (prelim)'!A9 -> 0.363 | B9: ='Proximal Validation (prelim)'!B9 -> 0.18 | C9: ='Proximal Validation (prelim)'!C9 -> -0.785 | D9: ='Proximal Validation (prelim)'!D9 -> 0 | E9: ='Proximal Validation (prelim)'!E9 -> 0.756 | F9: ='Proximal Validation (prelim)'!F9 -> 1.339 | G9: ='Proximal Validation (prelim)'!G9 -> 0.394 | H9: ='Proximal Validation (prelim)'!H9 -> 180 | ... O9: ='Proximal Validation (prelim)'!O9 -> -0.16723004 | P9: 0.26 | Q9: 0.180788 | R9: -0.63808 | S9: 0.108522 | T9: =P9-A9 -> -0.103 | U9: =Q9-B9 -> 0.000788 | V9: =DEGREES(ACOS( MAX(-1, MIN(1, AA9*X9 + AB9*Y9 + AC9*Z9)) )) -> 9.6383926 | X9: =COS(C9)*COS(D9) -> 0.70738827 | Y9: =COS(C9)*SIN(D9) -> 0 | Z9: =SIN(C9) -> -0.70682518 | AA9: =COS(R9)*COS(S9) -> 0.79851564 | AB9: =COS(R9)*SIN(S9) -> 0.08699831 | AC9: =SIN(R9) -> -0.59565432
A10: ='Proximal Validation (prelim)'!A10 -> 0.216 | B10: ='Proximal Validation (prelim)'!B10 -> 0.04 | C10: ='Proximal Validation (prelim)'!C10 -> -1.047 | D10: ='Proximal Validation (prelim)'!D10 -> 0 | E10: ='Proximal Validation (prelim)'!E10 -> 1.106 | F10: ='Proximal Validation (prelim)'!F10 -> 0.213 | G10: ='Proximal Validation (prelim)'!G10 -> 0.419 | H10: ='Proximal Validation (prelim)'!H10 -> 180 | ... O10: ='Proximal Validation (prelim)'!O10 -> -0.17379917 | P10: 0.201703 | Q10: 0.036476 | R10: -1.0393 | S10: -0.02695 | T10: =P10-A10 -> -0.014297 | U10: =Q10-B10 -> -0.003524 | V10: =DEGREES(ACOS( MAX(-1, MIN(1, AA10*X10 + AB10*Y10 + AC10*Z10)) )) -> 0.89388794 | X10: =COS(C10)*COS(D10) -> 0.50017107 | Y10: =COS(C10)*SIN(D10) -> 0 | Z10: =SIN(C10) -> -0.86592661 | AA10: =COS(R10)*COS(S10) -> 0.50663977 | AB10: =COS(R10)*SIN(S10) -> -0.013657248 | AC10: =SIN(R10) -> -0.86204966
A11: ='Proximal Validation (prelim)'!A11 -> 0.166 | B11: ='Proximal Validation (prelim)'!B11 -> 0.1 | C11: ='Proximal Validation (prelim)'!C11 -> -1.047 | D11: ='Proximal Validation (prelim)'!D11 -> 0 | E11: ='Proximal Validation (prelim)'!E11 -> 0.962 | F11: ='Proximal Validation (prelim)'!F11 -> 0.959 | G11: ='Proximal Validation (prelim)'!G11 -> 0.779 | H11: ='Proximal Validation (prelim)'!H11 -> 180 | ... O11: ='Proximal Validation (prelim)'!O11 -> -0.11434805 | P11: 0.135945 | Q11: 0.103683 | R11: -0.97736 | S11: -0.03754 | T11: =P11-A11 -> -0.030055 | U11: =Q11-B11 -> 0.003683 | V11: =DEGREES(ACOS( MAX(-1, MIN(1, AA11*X11 + AB11*Y11 + AC11*Z11)) )) -> 4.1491742 | X11: =COS(C11)*COS(D11) -> 0.50017107 | Y11: =COS(C11)*SIN(D11) -> 0 | Z11: =SIN(C11) -> -0.86592661 | AA11: =COS(R11)*COS(S11) -> 0.55881913 | AB11: =COS(R11)*SIN(S11) -> -0.02098793 | AC11: =SIN(R11) -> -0.82902394
A12: ='Proximal Validation (prelim)'!A12 -> 0.184 | B12: ='Proximal Validation (prelim)'!B12 -> 0.12 | C12: ='Proximal Validation (prelim)'!C12 -> -1.047 | D12: ='Proximal Validation (prelim)'!D12 -> 0 | E12: ='Proximal Validation (prelim)'!E12 -> 0.276 | F12: ='Proximal Validation (prelim)'!F12 -> 0.894 | G12: ='Proximal Validation (prelim)'!G12 -> 0.747 | H12: ='Proximal Validation (prelim)'!H12 -> 180 | ... O12: ='Proximal Validation (prelim)'!O12 -> -0.087187305 | P12: 0.102928 | Q12: 0.118312 | R12: -0.97177 | S12: 0.028124 | T12: =P12-A12 -> -0.081072 | U12: =Q12-B12 -> -0.001688 | V12: =DEGREES(ACOS( MAX(-1, MIN(1, AA12*X12 + AB12*Y12 + AC12*Z12)) )) -> 4.3945586 | X12: =COS(C12)*COS(D12) -> 0.50017107 | Y12: =COS(C12)*SIN(D12) -> 0 | Z12: =SIN(C12) -> -0.86592661 | AA12: =COS(R12)*COS(S12) -> 0.56361563 | AB12: =COS(R12)*SIN(S12) -> 0.015855306 | AC12: =SIN(R12) -> -0.825885
A13: ='Proximal Validation (prelim)'!A13 -> 0.961 | B13: ='Proximal Validation (prelim)'!B13 -> 0.14 | C13: ='Proximal Validation (prelim)'!C13 -> -1.047 | D13: ='Proximal Validation (prelim)'!D13 -> 0 | E13: ='Proximal Validation (prelim)'!E13 -> 0.61 | F13: ='Proximal Validation (prelim)'!F13 -> 0.648 | G13: ='Proximal Validation (prelim)'!G13 -> 1.244 | H13: ='Proximal Validation (prelim)'!H13 -> 180 | ... O13: ='Proximal Validation (prelim)'!O13 -> -0.93589824 | P13: 0.950294 | Q13: 0.137302 | R13: -0.97117 | S13: -0.01532 | T13: =P13-A13 -> -0.010706 | U13: =Q13-B13 -> -0.002698 | V13: =DEGREES(ACOS( MAX(-1, MIN(1, AA13*X13 + AB13*Y13 + AC13*Z13)) )) -> 4.3697187 | X13: =COS(C13)*COS(D13) -> 0.50017107 | Y13: =COS(C13)*SIN(D13) -> 0 | Z13: =SIN(C13) -> -0.86592661 | AA13: =COS(R13)*COS(S13) -> 0.5642678 | AB13: =COS(R13)*SIN(S13) -> -0.0086452591 | AC13: =SIN(R13) -> -0.82554655
A14: ='Proximal Validation (prelim)'!A14 -> 0.51 | B14: ='Proximal Validation (prelim)'!B14 -> 0.06 | C14: ='Proximal Validation (prelim)'!C14 -> -1.571 | D14: ='Proximal Validation (prelim)'!D14 -> -3.142 | E14: ='Proximal Validation (prelim)'!E14 -> 0.77 | F14: ='Proximal Validation (prelim)'!F14 -> 0.723 | G14: ='Proximal Validation (prelim)'!G14 -> 0.808 | H14: ='Proximal Validation (prelim)'!H14 -> 180 | ... O14: ='Proximal Validation (prelim)'!O14 -> -0.45174664 | P14: 0.452059 | Q14: 0.064913 | R14: -1.52278 | S14: -0.18149 | T14: =P14-A14 -> -0.057941 | U14: =Q14-B14 -> 0.004913 | V14: =DEGREES(ACOS( MAX(-1, MIN(1, AA14*X14 + AB14*Y14 + AC14*Z14)) )) -> 2.7396549 | X14: =COS(C14)*COS(D14) -> 0.00020367319 | Y14: =COS(C14)*SIN(D14) -> -8.2965546e-08 | Z14: =SIN(C14) -> -0.99999998 | AA14: =COS(R14)*COS(S14) -> 0.047209554 | AB14: =COS(R14)*SIN(S14) -> -0.0086633915 | AC14: =SIN(R14) -> -0.99884744
A15: ='Proximal Validation (prelim)'!A15 -> 0.309 | B15: ='Proximal Validation (prelim)'!B15 -> 0.12 | C15: ='Proximal Validation (prelim)'!C15 -> -1.571 | D15: ='Proximal Validation (prelim)'!D15 -> 0 | E15: ='Proximal Validation (prelim)'!E15 -> 0.075 | F15: ='Proximal Validation (prelim)'!F15 -> 0.871 | G15: ='Proximal Validation (prelim)'!G15 -> 0.308 | H15: ='Proximal Validation (prelim)'!H15 -> 180 | ... O15: ='Proximal Validation (prelim)'!O15 -> -0.20005062 | P15: 0.200166 | Q15: 0.130096 | R15: -1.5411 | S15: 0.344539 | T15: =P15-A15 -> -0.108834 | U15: =Q15-B15 -> 0.010096 | V15: =DEGREES(ACOS( MAX(-1, MIN(1, AA15*X15 + AB15*Y15 + AC15*Z15)) )) -> 1.7124625 | X15: =COS(C15)*COS(D15) -> -0.0002036732 | Y15: =COS(C15)*SIN(D15) -> 0 | Z15: =SIN(C15) -> -0.99999998 | AA15: =COS(R15)*COS(S15) -> 0.027947003 | AB15: =COS(R15)*SIN(S15) -> 0.01002884 | AC15: =SIN(R15) -> -0.9995591
... A18: ='Proximal Validation (prelim)'!A18 -> 0.429 | B18: ='Proximal Validation (prelim)'!B18 -> 0.18 | C18: ='Proximal Validation (prelim)'!C18 -> -1.047 | D18: ='Proximal Validation (prelim)'!D18 -> -3.142 | E18: ='Proximal Validation (prelim)'!E18 -> 1.105 | F18: ='Proximal Validation (prelim)'!F18 -> 1.337 | G18: ='Proximal Validation (prelim)'!G18 -> 0.407 | H18: ='Proximal Validation (prelim)'!H18 -> 179.98652 | ... O18: ='Proximal Validation (prelim)'!O18 -> -0.2179742 | P18: 0.248487 | Q18: 0.2 | R18: -1.22007 | S18: -3.09454 | T18: =P18-A18 -> -0.180513 | U18: =Q18-B18 -> 0.02 | V18: =DEGREES(ACOS( MAX(-1, MIN(1, AA18*X18 + AB18*Y18 + AC18*Z18)) )) -> 9.9803565 | X18: =COS(C18)*COS(D18) -> -0.50017103 | Y18: =COS(C18)*SIN(D18) -> 0.00020374289 | Z18: =SIN(C18) -> -0.86592661 | AA18: =COS(R18)*COS(S18) -> -0.34319974 | AB18: =COS(R18)*SIN(S18) -> -0.016160387 | AC18: =SIN(R18) -> -0.93912341
T24: ABS Mean Error
T25: {=AVERAGE(ABS(T4:T18))} -> 0.082715 | U25: {=AVERAGE(ABS(U4:U18))} -> 0.0073351333 | V25: {=AVERAGE(ABS(V4:V18))} -> 3.408154
T26: Mean Error
T27: =AVERAGE(T4:T18) -> -0.0726742 | U27: =AVERAGE(U4:U18) -> 0.0021458 | V27: =AVERAGE(V4:V18) -> 3.408154
T28: STDEV
T29: =_xlfn.STDEV.S(T4:T18) -> 0.079952522 | U29: =_xlfn.STDEV.S(U4:U18) -> 0.010721616 | V29: =_xlfn.STDEV.S(V4:V18) -> 3.2155156

Sheet Proximal Validation (single)
A1: Ground Truth | H1: 6-Axis FT Sensor | N1: SoRoSim get_proximal_value | T1: Proximal Errors
A2: F (N) | B2: s (m) | C2: roll (rad) | D2: pitch (deg) | E2: tau1 (N) | F2: tau2 (N) | G2: tau3 (N) | H2: Tx (Nm) | I2: Ty (Nm) | J2: Tz(Nm) | K2: Fx (N) | L2: Fy (N) | M2: Fz (N) | N2: Tx (Nm) | O2: Ty (Nm) | P2: Tz(Nm) | Q2: Fx (N) | R2: Fy (N) | S2: Fz (N) | T2: Tx (Nm) | U2: Ty (Nm) | V2: Tz(Nm) | W2: Fx (N) | X2: Fy (N) | Y2: Fz (N)
A3: 0.7 | B3: 0.14 | C3: 1.571 | D3: 0.785 | E3: 1.4 | F3: 0 | G3: 0 | H3: 0.00069867191 | I3: -0.12202822 | J3: -0.0032366468 | K3: 0.37189677 | L3: -0.0053712726 | M3: 0.5518707 | N3: 0.0025787868 | O3: -0.13208672 | P3: 0.0058244073 | Q3: 0.31874072 | R3: 0.033640493 | S3: 0.62230891 | T3: =ABS(H3-N3) -> 0.0018801149 | U3: =ABS(I3-O3) -> 0.010058506 | V3: =ABS(J3-P3) -> 0.0090610541 | W3: =ABS(K3-Q3) -> 0.053156056 | X3: =ABS(L3-R3) -> 0.039011765 | Y3: =ABS(M3-S3) -> 0.070438205
A4: 0.3 | B4: 0.06 | C4: 1.571 | D4: 1.571 | E4: 0 | F4: 0 | G4: 0 | H4: -0.00034992315 | I4: -0.044687353 | J4: 4.3301116e-05 | K4: -0.0017817328 | L4: 0.0039914772 | M4: 0.28623131 | N4: 1.4944998e-23 | O4: -0.044950326 | P4: -9.1551771e-06 | Q4: -0.0085121069 | R4: -6.1077351e-05 | S4: 0.29987916 | T4: =ABS(H4-N4) -> 0.00034992315 | U4: =ABS(I4-O4) -> 0.00026297296 | V4: =ABS(J4-P4) -> 5.2456293e-05 | W4: =ABS(K4-Q4) -> 0.0067303742 | X4: =ABS(L4-R4) -> 0.0040525545 | Y4: =ABS(M4-S4) -> 0.013647855
A5: 0.4 | B5: 0.08 | C5: 2.356 | D5: 0.524 | E5: 1.4 | F5: 0 | G5: 0 | H5: -0.00014477957 | I5: -0.022709889 | J5: -0.02470028 | K5: 0.37153226 | L5: -0.14569911 | M5: 0.14101422 | N5: 0.00036914386 | O5: -0.026089227 | P5: -0.023130061 | Q5: 0.34162432 | R5: -0.13532486 | S5: 0.15804754 | T5: =ABS(H5-N5) -> 0.00051392343 | U5: =ABS(I5-O5) -> 0.0033793377 | V5: =ABS(J5-P5) -> 0.0015702192 | W5: =ABS(K5-Q5) -> 0.029907945 | X5: =ABS(L5-R5) -> 0.010374249 | Y5: =ABS(M5-S5) -> 0.01703332
A6: 0.4 | B6: 0.2 | C6: 2.356 | D6: 0.785 | E6: 0 | F6: 0 | G6: 0 | H6: 9.3833427e-05 | I6: -0.05153136 | J6: -0.053816821 | K6: 0.24047643 | L6: -0.18773703 | M6: 0.19507205 | N6: -2.4396936e-19 | O6: -0.065678177 | P6: -0.065652635 | Q6: 0.18519494 | R6: -0.25065308 | S6: 0.2507506 | T6: =ABS(H6-N6) -> 9.3833427e-05 | U6: =ABS(I6-O6) -> 0.014146818 | V6: =ABS(J6-P6) -> 0.011835813 | W6: =ABS(K6-Q6) -> 0.055281487 | X6: =ABS(L6-R6) -> 0.062916049 | Y6: =ABS(M6-S6) -> 0.055678545
A7: 0.8 | B7: 0.1 | C7: 2.356 | D7: 1.047 | E7: 0 | F7: 0 | G7: 0 | H7: -0.00044502015 | I7: -0.10392305 | J7: -0.11376407 | K7: 0.34864503 | L7: -0.59189409 | M7: 0.56364733 | N7: -6.5201141e-19 | O7: -0.098625228 | P7: -0.098586872 | Q7: 0.265525 | R7: -0.53351335 | S7: 0.53372091 | T7: =ABS(H7-N7) -> 0.00044502015 | U7: =ABS(I7-O7) -> 0.0052978247 | V7: =ABS(J7-P7) -> 0.015177198 | W7: =ABS(K7-Q7) -> 0.083120035 | X7: =ABS(L7-R7) -> 0.058380743 | Y7: =ABS(M7-S7) -> 0.029926416
A8: 0.7 | B8: 0.18 | C8: 2.356 | D8: 1.047 | E8: 1.4 | F8: 0 | G8: 0 | H8: 0.001905198 | I8: -0.11076053 | J8: -0.13038863 | K8: 0.14236915 | L8: -0.47970119 | M8: 0.43018264 | N8: 0.0058744906 | O8: -0.13189049 | P8: -0.12217232 | Q8: 0.0061072752 | R8: -0.47554113 | S8: 0.51363627 | T8: =ABS(H8-N8) -> 0.0039692926 | U8: =ABS(I8-O8) -> 0.021129956 | V8: =ABS(J8-P8) -> 0.0082163105 | W8: =ABS(K8-Q8) -> 0.13626188 | X8: =ABS(L8-R8) -> 0.0041600571 | Y8: =ABS(M8-S8) -> 0.083453635
A9: 0.7 | B9: 0.08 | C9: 3.142 | D9: 1.571 | E9: 0 | F9: 0 | G9: 0 | H9: -0.001249135 | I9: 0.0011835042 | J9: -0.12853877 | K9: -0.048892774 | L9: -0.72314239 | M9: 0.0058930516 | N9: 4.5801664e-22 | O9: 4.8254722e-05 | P9: -0.11846114 | Q9: -0.081543561 | R9: -0.69523332 | S9: -0.00028320081 | T9: =ABS(H9-N9) -> 0.001249135 | U9: =ABS(I9-O9) -> 0.0011352495 | V9: =ABS(J9-P9) -> 0.010077635 | W9: =ABS(K9-Q9) -> 0.032650787 | X9: =ABS(L9-R9) -> 0.027909069 | Y9: =ABS(M9-S9) -> 0.0061762524
A10: 0.4 | B10: 0.16 | C10: 3.142 | D10: 1.571 | E10: 1.4 | F10: 0 | G10: 0 | H10: 0.0013951196 | I10: 0.0034124546 | J10: -0.11282073 | K10: -0.042202741 | L10: -0.41744444 | M10: -0.0037499666 | N10: 0.0015142152 | O10: -1.0686885e-05 | P10: -0.099246017 | Q10: -0.074825408 | R10: -0.39293693 | S10: -0.0010993129 | T10: =ABS(H10-N10) -> 0.00011909558 | U10: =ABS(I10-O10) -> 0.0034231415 | V10: =ABS(J10-P10) -> 0.013574713 | W10: =ABS(K10-Q10) -> 0.032622668 | X10: =ABS(L10-R10) -> 0.02450751 | Y10: =ABS(M10-S10) -> 0.0026506537
A11: 0.7 | B11: 0.18 | C11: 3.927 | D11: 0.524 | E11: 0 | F11: 0 | G11: 0 | H11: -9.7516691e-05 | I11: 0.063756838 | J11: -0.067828089 | K11: 0.52534062 | L11: -0.27887076 | M11: -0.25877005 | N11: 1.2569158e-19 | O11: 0.085924147 | P11: -0.085922569 | Q11: 0.46134049 | R11: -0.37226314 | S11: -0.37226998 | T11: =ABS(H11-N11) -> 9.7516691e-05 | U11: =ABS(I11-O11) -> 0.022167308 | V11: =ABS(J11-P11) -> 0.01809448 | W11: =ABS(K11-Q11) -> 0.064000124 | X11: =ABS(L11-R11) -> 0.093392379 | Y11: =ABS(M11-S11) -> 0.11349993
A12: 0.3 | B12: 0.1 | C12: 3.927 | D12: 0.785 | E12: 1.4 | F12: 0 | G12: 0 | H12: -0.00047630793 | I12: 0.025936101 | J12: -0.028502099 | K12: 0.25695685 | L12: -0.14679137 | M12: -0.13515541 | N12: -0.00016372469 | O12: 0.028646764 | P12: -0.027986501 | Q12: 0.21254363 | R12: -0.14733237 | S12: -0.15204564 | T12: =ABS(H12-N12) -> 0.00031258325 | U12: =ABS(I12-O12) -> 0.0027106637 | V12: =ABS(J12-P12) -> 0.00051559795 | W12: =ABS(K12-Q12) -> 0.044413214 | X12: =ABS(L12-R12) -> 0.00054100483 | Y12: =ABS(M12-S12) -> 0.016890229
A13: 0.6 | B13: 0.06 | C13: 3.927 | D13: 1.047 | E13: 1.4 | F13: 0 | G13: 0 | H13: -0.00093124202 | I13: 0.060908224 | J13: -0.065952823 | K13: 0.39123669 | L13: -0.43392634 | M13: -0.39902776 | N13: -0.00014374965 | O13: 0.055564589 | P13: -0.055089972 | Q13: 0.29245614 | R13: -0.36848237 | S13: -0.37240943 | T13: =ABS(H13-N13) -> 0.00078749236 | U13: =ABS(I13-O13) -> 0.0053436358 | V13: =ABS(J13-P13) -> 0.01086285 | W13: =ABS(K13-Q13) -> 0.098780555 | X13: =ABS(L13-R13) -> 0.065443973 | Y13: =ABS(M13-S13) -> 0.026618337
A14: 0.4 | B14: 0.16 | C14: 3.927 | D14: 1.047 | E14: 0 | F14: 0 | G14: 0 | H14: -0.00024879072 | I14: 0.053856809 | J14: -0.057678618 | K14: 0.14910565 | L14: -0.22375992 | M14: -0.2058433 | N14: -1.2518597e-18 | O14: 0.065237778 | P14: -0.065236579 | Q14: 0.11248242 | R14: -0.27142672 | S14: -0.2714317 | T14: =ABS(H14-N14) -> 0.00024879072 | U14: =ABS(I14-O14) -> 0.011380969 | V14: =ABS(J14-P14) -> 0.0075579619 | W14: =ABS(K14-Q14) -> 0.036623236 | X14: =ABS(L14-R14) -> 0.047666797 | Y14: =ABS(M14-S14) -> 0.065588402
... A17: 0.8 | B17: 0.2 | C17: 4.712 | D17: 1.571 | E17: 1.4 | F17: 0 | G17: 0 | H17: -0.010631438 | I17: 0.20346698 | J17: -0.0093788113 | K17: -0.43627015 | L17: -0.051647142 | M17: -0.57094836 | N17: -0.0078606352 | O17: 0.20211787 | P17: 0.00012172509 | Q17: -0.54471561 | R17: -0.020832084 | S17: -0.58553459 | T17: =ABS(H17-N17) -> 0.0027708032 | U17: =ABS(I17-O17) -> 0.00134911 | V17: =ABS(J17-P17) -> 0.0095005364 | W17: =ABS(K17-Q17) -> 0.10844546 | X17: =ABS(L17-R17) -> 0.030815058 | Y17: =ABS(M17-S17) -> 0.014586231

Sheet Distal Validation (single)
A1: Ground Truth | H1: 6-Axis FT Sensor | N1: SoRoSim get_distal_value | S1: Distal Errors | W1: Mean Average Error
A2: F (N) | B2: s (m) | C2: roll (rad) | D2: pitch (deg) | E2: tau1 (N) | F2: tau2 (N) | G2: tau3 (N) | H2: Tx (Nm) | I2: Ty (Nm) | J2: Tz(Nm) | K2: Fx (N) | L2: Fy (N) | M2: Fz (N) | N2: F (N) | O2: s (m) | P2: roll (rad) | Q2: pitch (deg) | R2: f_final | S2: Force Error | T2: Position Error | U2: Roll Error | V2: Pitch Error | W2: Force Error | X2: Position Error | Y2: Roll Error | Z2: Pitch Error
A3: ='Proximal Validation (single)'!A3 -> 0.7 | B3: ='Proximal Validation (single)'!B3 -> 0.14 | C3: ='Proximal Validation (single)'!C3 -> 1.571 | D3: ='Proximal Validation (single)'!D3 -> 0.785 | E3: ='Proximal Validation (single)'!E3 -> 1.4 | F3: ='Proximal Validation (single)'!F3 -> 0 | G3: ='Proximal Validation (single)'!G3 -> 0 | H3: ='Proximal Validation (single)'!H3 -> 0.00069867191 | ... M3: ='Proximal Validation (single)'!M3 -> 0.5518707 | N3: 0.6655337 | O3: 0.15738058 | P3: 1.6619899 | Q3: 0.65217752 | R3: 4.6050658e-06 | S3: =ABS(N3-A3) -> 0.034466296 | T3: =ABS(O3-B3) -> 0.017380576 | U3: =ABS(P3-C3) -> 0.090989904 | V3: =ABS(Q3-D3) -> 0.13282248 | W3: =AVERAGE(S3:S17) -> 0.05193037 | X3: =AVERAGE(T3:T17) -> 0.0094847546 | Y3: =AVERAGE(U3:U17) -> 0.043917933 | Z3: =AVERAGE(V3:V17) -> 0.10730696
A4: ='Proximal Validation (single)'!A4 -> 0.3 | B4: ='Proximal Validation (single)'!B4 -> 0.06 | C4: ='Proximal Validation (single)'!C4 -> 1.571 | D4: ='Proximal Validation (single)'!D4 -> 1.571 | E4: ='Proximal Validation (single)'!E4 -> 0 | F4: ='Proximal Validation (single)'!F4 -> 0 | G4: ='Proximal Validation (single)'!G4 -> 0 | H4: ='Proximal Validation (single)'!H4 -> -0.00034992315 | ... M4: ='Proximal Validation (single)'!M4 -> 0.28623131 | N4: 0.28626471 | O4: 0.066212472 | P4: 1.5571609 | Q4: 1.5443957 | R4: 4.5062339e-07 | S4: =ABS(N4-A4) -> 0.013735288 | T4: =ABS(O4-B4) -> 0.0062124716 | U4: =ABS(P4-C4) -> 0.01383906 | V4: =ABS(Q4-D4) -> 0.026604342
A5: ='Proximal Validation (single)'!A5 -> 0.4 | B5: ='Proximal Validation (single)'!B5 -> 0.08 | C5: ='Proximal Validation (single)'!C5 -> 2.356 | D5: ='Proximal Validation (single)'!D5 -> 0.524 | E5: ='Proximal Validation (single)'!E5 -> 1.4 | F5: ='Proximal Validation (single)'!F5 -> 0 | G5: ='Proximal Validation (single)'!G5 -> 0 | H5: ='Proximal Validation (single)'!H5 -> -0.00014477957 | ... M5: ='Proximal Validation (single)'!M5 -> 0.14101422 | N5: 0.42326188 | O5: 0.077542999 | P5: 2.4533606 | Q5: 0.48311204 | R5: 2.9113464e-07 | S5: =ABS(N5-A5) -> 0.023261876 | T5: =ABS(O5-B5) -> 0.0024570006 | U5: =ABS(P5-C5) -> 0.097360583 | V5: =ABS(Q5-D5) -> 0.040887963
A6: ='Proximal Validation (single)'!A6 -> 0.4 | B6: ='Proximal Validation (single)'!B6 -> 0.2 | C6: ='Proximal Validation (single)'!C6 -> 2.356 | D6: ='Proximal Validation (single)'!D6 -> 0.785 | E6: ='Proximal Validation (single)'!E6 -> 0 | F6: ='Proximal Validation (single)'!F6 -> 0 | G6: ='Proximal Validation (single)'!G6 -> 0 | H6: ='Proximal Validation (single)'!H6 -> 9.3833427e-05 | ... M6: ='Proximal Validation (single)'!M6 -> 0.19507205 | N6: 0.36284935 | O6: 0.2 | P6: 2.3397475 | Q6: 0.61916409 | R6: 2.7615904e-05 | S6: =ABS(N6-A6) -> 0.037150646 | T6: =ABS(O6-B6) -> 0 | U6: =ABS(P6-C6) -> 0.016252505 | V6: =ABS(Q6-D6) -> 0.16583591
A7: ='Proximal Validation (single)'!A7 -> 0.8 | B7: ='Proximal Validation (single)'!B7 -> 0.1 | C7: ='Proximal Validation (single)'!C7 -> 2.356 | D7: ='Proximal Validation (single)'!D7 -> 1.047 | E7: ='Proximal Validation (single)'!E7 -> 0 | F7: ='Proximal Validation (single)'!F7 -> 0 | G7: ='Proximal Validation (single)'!G7 -> 0 | H7: ='Proximal Validation (single)'!H7 -> -0.00044502015 | ... M7: ='Proximal Validation (single)'!M7 -> 0.56364733 | N7: 0.88859018 | O7: 0.10647146 | P7: 2.3813457 | Q7: 0.94641193 | R7: 1.0055767e-05 | S7: =ABS(N7-A7) -> 0.088590178 | T7: =ABS(O7-B7) -> 0.0064714649 | U7: =ABS(P7-C7) -> 0.025345744 | V7: =ABS(Q7-D7) -> 0.10058807
A8: ='Proximal Validation (single)'!A8 -> 0.7 | B8: ='Proximal Validation (single)'!B8 -> 0.18 | C8: ='Proximal Validation (single)'!C8 -> 2.356 | D8: ='Proximal Validation (single)'!D8 -> 1.047 | E8: ='Proximal Validation (single)'!E8 -> 1.4 | F8: ='Proximal Validation (single)'!F8 -> 0 | G8: ='Proximal Validation (single)'!G8 -> 0 | H8: ='Proximal Validation (single)'!H8 -> 0.001905198 | ... M8: ='Proximal Validation (single)'!M8 -> 0.43018264 | N8: 0.6607142 | O8: 0.2 | P8: 2.4780465 | Q8: 0.85288014 | R8: 4.0466124e-05 | S8: =ABS(N8-A8) -> 0.039285804 | T8: =ABS(O8-B8) -> 0.02 | U8: =ABS(P8-C8) -> 0.1220465 | V8: =ABS(Q8-D8) -> 0.19411986
A9: ='Proximal Validation (single)'!A9 -> 0.7 | B9: ='Proximal Validation (single)'!B9 -> 0.08 | C9: ='Proximal Validation (single)'!C9 -> 3.142 | D9: ='Proximal Validation (single)'!D9 -> 1.571 | E9: ='Proximal Validation (single)'!E9 -> 0 | F9: ='Proximal Validation (single)'!F9 -> 0 | G9: ='Proximal Validation (single)'!G9 -> 0 | H9: ='Proximal Validation (single)'!H9 -> -0.001249135 | ... M9: ='Proximal Validation (single)'!M9 -> 0.0058930516 | N9: 0.72481831 | O9: 0.087670497 | P9: 3.1339751 | Q9: 1.4930006 | R9: 6.3849568e-06 | S9: =ABS(N9-A9) -> 0.024818311 | T9: =ABS(O9-B9) -> 0.0076704967 | U9: =ABS(P9-C9) -> 0.0080249059 | V9: =ABS(Q9-D9) -> 0.077999415
A10: ='Proximal Validation (single)'!A10 -> 0.4 | B10: ='Proximal Validation (single)'!B10 -> 0.16 | C10: ='Proximal Validation (single)'!C10 -> 3.142 | D10: ='Proximal Validation (single)'!D10 -> 1.571 | E10: ='Proximal Validation (single)'!E10 -> 1.4 | F10: ='Proximal Validation (single)'!F10 -> 0 | G10: ='Proximal Validation (single)'!G10 -> 0 | H10: ='Proximal Validation (single)'!H10 -> 0.0013951196 | ... M10: ='Proximal Validation (single)'!M10 -> -0.0037499666 | N10: 0.41959702 | O10: 0.18011359 | P10: 3.1568857 | Q10: 1.4071035 | R10: 6.6092919e-06 | S10: =ABS(N10-A10) -> 0.019597018 | T10: =ABS(O10-B10) -> 0.020113591 | U10: =ABS(P10-C10) -> 0.014885674 | V10: =ABS(Q10-D10) -> 0.16389652
A11: ='Proximal Validation (single)'!A11 -> 0.7 | B11: ='Proximal Validation (single)'!B11 -> 0.18 | C11: ='Proximal Validation (single)'!C11 -> 3.927 | D11: ='Proximal Validation (single)'!D11 -> 0.524 | E11: ='Proximal Validation (single)'!E11 -> 0 | F11: ='Proximal Validation (single)'!F11 -> 0 | G11: ='Proximal Validation (single)'!G11 -> 0 | H11: ='Proximal Validation (single)'!H11 -> -9.7516691e-05 | ... M11: ='Proximal Validation (single)'!M11 -> -0.25877005 | N11: 0.64900396 | O11: 0.2 | P11: 3.8899724 | Q11: 0.3644601 | R11: 1.1527251e-05 | S11: =ABS(N11-A11) -> 0.050996037 | T11: =ABS(O11-B11) -> 0.02 | U11: =ABS(P11-C11) -> 0.037027591 | V11: =ABS(Q11-D11) -> 0.1595399
A12: ='Proximal Validation (single)'!A12 -> 0.3 | B12: ='Proximal Validation (single)'!B12 -> 0.1 | C12: ='Proximal Validation (single)'!C12 -> 3.927 | D12: ='Proximal Validation (single)'!D12 -> 0.785 | E12: ='Proximal Validation (single)'!E12 -> 1.4 | F12: ='Proximal Validation (single)'!F12 -> 0 | G12: ='Proximal Validation (single)'!G12 -> 0 | H12: ='Proximal Validation (single)'!H12 -> -0.00047630793 | ... M12: ='Proximal Validation (single)'!M12 -> -0.13515541 | N12: 0.32533343 | O12: 0.10415395 | P12: 3.8691866 | Q12: 0.6637226 | R12: 1.2180168e-07 | S12: =ABS(N12-A12) -> 0.025333429 | T12: =ABS(O12-B12) -> 0.0041539531 | U12: =ABS(P12-C12) -> 0.057813399 | V12: =ABS(Q12-D12) -> 0.1212774
A13: ='Proximal Validation (single)'!A13 -> 0.6 | B13: ='Proximal Validation (single)'!B13 -> 0.06 | C13: ='Proximal Validation (single)'!C13 -> 3.927 | D13: ='Proximal Validation (single)'!D13 -> 1.047 | E13: ='Proximal Validation (single)'!E13 -> 1.4 | F13: ='Proximal Validation (single)'!F13 -> 0 | G13: ='Proximal Validation (single)'!G13 -> 0 | H13: ='Proximal Validation (single)'!H13 -> -0.00093124202 | ... M13: ='Proximal Validation (single)'!M13 -> -0.39902776 | N13: 0.7074 | O13: 0.0635 | P13: 3.8796 | Q13: 0.9608 | R13: 8.350133e-07 | S13: =ABS(N13-A13) -> 0.1074 | T13: =ABS(O13-B13) -> 0.0035 | U13: =ABS(P13-C13) -> 0.0474 | V13: =ABS(Q13-D13) -> 0.0862
A14: ='Proximal Validation (single)'!A14 -> 0.4 | B14: ='Proximal Validation (single)'!B14 -> 0.16 | C14: ='Proximal Validation (single)'!C14 -> 3.927 | D14: ='Proximal Validation (single)'!D14 -> 1.047 | E14: ='Proximal Validation (single)'!E14 -> 0 | F14: ='Proximal Validation (single)'!F14 -> 0 | G14: ='Proximal Validation (single)'!G14 -> 0 | H14: ='Proximal Validation (single)'!H14 -> -0.00024879072 | ... M14: ='Proximal Validation (single)'!M14 -> -0.2058433 | N14: 0.33863321 | O14: 0.18659093 | P14: 3.8857788 | Q14: 0.8671961 | R14: 3.8387727e-07 | S14: =ABS(N14-A14) -> 0.061366786 | T14: =ABS(O14-B14) -> 0.026590928 | U14: =ABS(P14-C14) -> 0.04122121 | V14: =ABS(Q14-D14) -> 0.1798039
A15: ='Proximal Validation (single)'!A15 -> 0.8 | B15: ='Proximal Validation (single)'!B15 -> 0.06 | C15: ='Proximal Validation (single)'!C15 -> 4.712 | D15: ='Proximal Validation (single)'!D15 -> 0.785 | E15: ='Proximal Validation (single)'!E15 -> 0 | F15: ='Proximal Validation (single)'!F15 -> 0 | G15: ='Proximal Validation (single)'!G15 -> 0 | H15: ='Proximal Validation (single)'!H15 -> -0.00081355358 | ... M15: ='Proximal Validation (single)'!M15 -> -0.74946982 | N15: 0.97046186 | O15: 0.057996013 | P15: 4.6996747 | Q15: 0.81947666 | R15: 8.5218025e-07 | S15: =ABS(N15-A15) -> 0.17046186 | T15: =ABS(O15-B15) -> 0.0020039873 | U15: =ABS(P15-C15) -> 0.012325264 | V15: =ABS(Q15-D15) -> 0.034476656
... A17: ='Proximal Validation (single)'!A17 -> 0.8 | B17: ='Proximal Validation (single)'!B17 -> 0.2 | C17: ='Proximal Validation (single)'!C17 -> 4.712 | D17: ='Proximal Validation (single)'!D17 -> 1.571 | E17: ='Proximal Validation (single)'!E17 -> 1.4 | F17: ='Proximal Validation (single)'!F17 -> 0 | G17: ='Proximal Validation (single)'!G17 -> 0 | H17: ='Proximal Validation (single)'!H17 -> -0.010631438 | ... M17: ='Proximal Validation (single)'!M17 -> -0.57094836 | N17: 0.7243025 | O17: 0.2 | P17: 4.6488733 | Q17: 1.5487346 | R17: 0.00024335241 | S17: =ABS(N17-A17) -> 0.075697504 | T17: =ABS(O17-B17) -> 0 | U17: =ABS(P17-C17) -> 0.063126682 | V17: =ABS(Q17-D17) -> 0.022265431

Sheet Sheet1

Sheet Conversion
A1: Raw Data | H1: Converted
A2: Fx | B2: Fy | C2: Fz | D2: Tx | E2: Ty | F2: Tz | H2: Tx | I2: Ty | J2: Tz | K2: Fx | L2: Fy | M2: Fz
H3: =$F3 -> 0 | I3: =-1*$E3 -> 0 | J3: =$D3 -> 0 | K3: =$C3 -> 0 | L3: =-1*$B3 -> 0 | M3: =$A3 -> 0
H4: =$F4 -> 0 | I4: =-1*$E4 -> 0 | J4: =$D4 -> 0 | K4: =$C4 -> 0 | L4: =-1*$B4 -> 0 | M4: =$A4 -> 0
H5: =$F5 -> 0 | I5: =-1*$E5 -> 0 | J5: =$D5 -> 0 | K5: =$C5 -> 0 | L5: =-1*$B5 -> 0 | M5: =$A5 -> 0
H6: =$F6 -> 0 | I6: =-1*$E6 -> 0 | J6: =$D6 -> 0 | K6: =$C6 -> 0 | L6: =-1*$B6 -> 0 | M6: =$A6 -> 0
H7: =$F7 -> 0 | I7: =-1*$E7 -> 0 | J7: =$D7 -> 0 | K7: =$C7 -> 0 | L7: =-1*$B7 -> 0 | M7: =$A7 -> 0
H8: =$F8 -> 0 | I8: =-1*$E8 -> 0 | J8: =$D8 -> 0 | K8: =$C8 -> 0 | L8: =-1*$B8 -> 0 | M8: =$A8 -> 0
H9: =$F9 -> 0 | I9: =-1*$E9 -> 0 | J9: =$D9 -> 0 | K9: =$C9 -> 0 | L9: =-1*$B9 -> 0 | M9: =$A9 -> 0
H10: =$F10 -> 0 | I10: =-1*$E10 -> 0 | J10: =$D10 -> 0 | K10: =$C10 -> 0 | L10: =-1*$B10 -> 0 | M10: =$A10 -> 0
H11: =$F11 -> 0 | I11: =-1*$E11 -> 0 | J11: =$D11 -> 0 | K11: =$C11 -> 0 | L11: =-1*$B11 -> 0 | M11: =$A11 -> 0
H12: =$F12 -> 0 | I12: =-1*$E12 -> 0 | J12: =$D12 -> 0 | K12: =$C12 -> 0 | L12: =-1*$B12 -> 0 | M12: =$A12 -> 0
H13: =$F13 -> 0 | I13: =-1*$E13 -> 0 | J13: =$D13 -> 0 | K13: =$C13 -> 0 | L13: =-1*$B13 -> 0 | M13: =$A13 -> 0
H14: =$F14 -> 0 | I14: =-1*$E14 -> 0 | J14: =$D14 -> 0 | K14: =$C14 -> 0 | L14: =-1*$B14 -> 0 | M14: =$A14 -> 0
... H28: =$F28 -> 0 | I28: =-1*$E28 -> 0 | J28: =$D28 -> 0 | K28: =$C28 -> 0 | L28: =-1*$B28 -> 0 | M28: =$A28 -> 0
