Workbook

Sheet Proximal Validation (single)
A1: Ground Truth | H1: 6-Axis FT Sensor | N1: SoRoSim get_proximal_value | T1: Proximal Errors
A2: F (N) | B2: s (m) | C2: roll (rad) | D2: pitch (deg) | E2: tau1 (N) | F2: tau2 (N) | G2: tau3 (N) | H2: Tx (Nm) | I2: Ty (Nm) | J2: Tz(Nm) | K2: Fx (N) | L2: Fy (N) | M2: Fz (N) | N2: Tx (Nm) | O2: Ty (Nm) | P2: Tz(Nm) | Q2: Fx (N) | R2: Fy (N) | S2: Fz (N) | T2: Tx (Nm) | U2: Ty (Nm) | V2: Tz(Nm) | W2: Fx (N) | X2: Fy (N) | Y2: Fz (N)
A3: 0.4 | B3: 0.06 | C3: 1.571 | D3: 1.571 | E3: 1.4 | F3: 0 | G3: 0 | H3: 0.0011252735 | I3: -0.055980932 | J3: -0.00074938103 | K3: -0.035423979 | L3: -0.010494843 | M3: 0.35301661 | N3: 0.00068201096 | O3: -0.059716799 | P3: -7.8735274e-05 | Q3: -0.040876346 | R3: -0.00099146332 | S3: 0.3979014 | T3: =ABS(H3-N3) -> 0.00044326257 | U3: =ABS(I3-O3) -> 0.0037358668 | V3: =ABS(J3-P3) -> 0.00067064575 | W3: =ABS(K3-Q3) -> 0.0054523667 | X3: =ABS(L3-R3) -> 0.0095033798 | Y3: =ABS(M3-S3) -> 0.044884786
A4: 0.8 | B4: 0.08 | C4: 1.571 | D4: 1.571 | E4: 0 | F4: 0 | G4: 0 | H4: -0.00055839424 | I4: -0.11975701 | J4: -0.00099074037 | K4: -0.19020733 | L4: -0.0026012212 | M4: 0.66739637 | N4: -3.6558238e-22 | O4: -0.13340417 | P4: -2.7170856e-05 | Q4: -0.19526642 | R4: -0.00015800945 | S4: 0.77579889 | T4: =ABS(H4-N4) -> 0.00055839424 | U4: =ABS(I4-O4) -> 0.01364716 | V4: =ABS(J4-P4) -> 0.00096356952 | W4: =ABS(K4-Q4) -> 0.005059086 | X4: =ABS(L4-R4) -> 0.0024432118 | Y4: =ABS(M4-S4) -> 0.10840252
A5: 0.7 | B5: 0.16 | C5: 1.571 | D5: 1.571 | E5: 1.4 | F5: 0 | G5: 0 | H5: 0.010437043 | I5: -0.12975721 | J5: -0.0073771281 | K5: -0.55726922 | L5: -0.060898364 | M5: 0.32599643 | N5: 0.0081742887 | O5: -0.13915056 | P5: -0.0010658797 | Q5: -0.56100538 | R5: -0.036150604 | S5: 0.41707689 | T5: =ABS(H5-N5) -> 0.0022627547 | U5: =ABS(I5-O5) -> 0.0093933461 | V5: =ABS(J5-P5) -> 0.0063112484 | W5: =ABS(K5-Q5) -> 0.003736164 | X5: =ABS(L5-R5) -> 0.024747759 | Y5: =ABS(M5-S5) -> 0.091080466
A6: 0.7 | B6: 0.2 | C6: 1.571 | D6: 1.571 | E6: 0 | F6: 0 | G6: 0 | H6: -0.00053893542 | I6: -0.11880944 | J6: 0.0034749229 | K6: -0.62149334 | L6: 0.015605319 | M6: 0.10576335 | N6: 7.3177615e-21 | O6: -0.13611421 | P6: -2.7722817e-05 | Q6: -0.6668314 | R6: -4.3366485e-05 | S6: 0.21292189 | T6: =ABS(H6-N6) -> 0.00053893542 | U6: =ABS(I6-O6) -> 0.017304767 | V6: =ABS(J6-P6) -> 0.0035026457 | W6: =ABS(K6-Q6) -> 0.045338056 | X6: =ABS(L6-R6) -> 0.015648686 | Y6: =ABS(M6-S6) -> 0.10715855
A7: 0.4 | B7: 0.1 | C7: 3.665 | D7: 1.571 | E7: 1.4 | F7: 0 | G7: 0 | H7: -0.00048927497 | I7: 0.032692719 | J7: -0.058575917 | K7: -0.01288351 | L7: -0.2920453 | M7: -0.16083619 | N7: 4.4731453e-07 | O7: 0.037910529 | P7: -0.065692039 | Q7: -0.03433953 | R7: -0.34516715 | S7: -0.19919437 | T7: =ABS(H7-N7) -> 0.00048972229 | U7: =ABS(I7-O7) -> 0.0052178101 | V7: =ABS(J7-P7) -> 0.0071161221 | W7: =ABS(K7-Q7) -> 0.02145602 | X7: =ABS(L7-R7) -> 0.053121851 | Y7: =ABS(M7-S7) -> 0.038358183
A8: 0.7 | B8: 0.1 | C8: 3.665 | D8: 1.571 | E8: 1.4 | F8: 0 | G8: 0 | H8: -0.00016112858 | I8: 0.066224433 | J8: -0.1180518 | K8: -0.18827668 | L8: -0.57758576 | M8: -0.31810004 | N8: 7.8275549e-07 | O8: 0.065485799 | P8: -0.11347489 | Q8: -0.16082362 | R8: -0.59006471 | S8: -0.34052454 | T8: =ABS(H8-N8) -> 0.00016191134 | U8: =ABS(I8-O8) -> 0.00073863405 | V8: =ABS(J8-P8) -> 0.0045769138 | W8: =ABS(K8-Q8) -> 0.027453061 | X8: =ABS(L8-R8) -> 0.012478955 | Y8: =ABS(M8-S8) -> 0.022424507
A9: 0.4 | B9: 0.16 | C9: 3.665 | D9: 1.571 | E9: 0 | F9: 0 | G9: 0 | H9: 0.00032763835 | I9: 0.041303895 | J9: -0.071706265 | K9: -0.16764185 | L9: -0.24127176 | M9: -0.13795975 | N9: 1.3675925e-18 | O9: 0.047072221 | P9: -0.081567534 | Q9: -0.19051393 | R9: -0.30462861 | S9: -0.17579966 | T9: =ABS(H9-N9) -> 0.00032763835 | U9: =ABS(I9-O9) -> 0.0057683251 | V9: =ABS(J9-P9) -> 0.0098612684 | W9: =ABS(K9-Q9) -> 0.022872081 | X9: =ABS(L9-R9) -> 0.063356841 | Y9: =ABS(M9-S9) -> 0.037839914
A10: 0.3 | B10: 0.18 | C10: 3.665 | D10: 1.571 | E10: 0 | F10: 0 | G10: 0 | H10: 0.00035051629 | I10: 0.032155216 | J10: -0.054656163 | K10: -0.10698747 | L10: -0.16471621 | M10: -0.09704788 | N10: 2.4885535e-19 | O10: 0.038480328 | P10: -0.066679358 | Q10: -0.13700256 | R10: -0.23115898 | S10: -0.13340071 | T10: =ABS(H10-N10) -> 0.00035051629 | U10: =ABS(I10-O10) -> 0.0063251124 | V10: =ABS(J10-P10) -> 0.012023195 | W10: =ABS(K10-Q10) -> 0.030015087 | X10: =ABS(L10-R10) -> 0.066442768 | Y10: =ABS(M10-S10) -> 0.036352826

Sheet Distal Validation (single)
A1: Ground Truth | H1: 6-Axis FT Sensor | N1: SoRoSim get_distal_value | R1: Distal Errors | U1: Mean Average Error
A2: F (N) | B2: s (m) | C2: roll (rad) | D2: pitch (deg) | E2: tau1 (N) | F2: tau2 (N) | G2: tau3 (N) | H2: Tx (Nm) | I2: Ty (Nm) | J2: Tz(Nm) | K2: Fx (N) | L2: Fy (N) | M2: Fz (N) | N2: F (N) | O2: s (m) | P2: roll (rad) | Q2: f_final | R2: Force Error | S2: Position Error | T2: Roll Error | U2: Force Error | V2: Position Error | W2: Roll Error
A3: ='Proximal Validation (single)'!A3 -> 0.4 | B3: ='Proximal Validation (single)'!B3 -> 0.06 | C3: ='Proximal Validation (single)'!C3 -> 1.571 | D3: ='Proximal Validation (single)'!D3 -> 1.571 | E3: ='Proximal Validation (single)'!E3 -> 1.4 | F3: ='Proximal Validation (single)'!F3 -> 0 | G3: ='Proximal Validation (single)'!G3 -> 0 | H3: ='Proximal Validation (single)'!H3 -> 0.0011252735 | ... M3: ='Proximal Validation (single)'!M3 -> 0.35301661 | N3: 0.32533829 | O3: 0.074183697 | P3: 1.5659782 | Q3: 8.1076385e-08 | R3: =ABS(N3-A3) -> 0.074661712 | S3: =ABS(O3-B3) -> 0.014183697 | T3: =ABS(P3-C3) -> 0.0050217521 | U3: =AVERAGE(R3:R10) -> 0.1638385 | V3: =AVERAGE(S3:S10) -> 0.044786564 | W3: =AVERAGE(T3:T10) -> 0.011363715
A4: ='Proximal Validation (single)'!A4 -> 0.8 | B4: ='Proximal Validation (single)'!B4 -> 0.08 | C4: ='Proximal Validation (single)'!C4 -> 1.571 | D4: ='Proximal Validation (single)'!D4 -> 1.571 | E4: ='Proximal Validation (single)'!E4 -> 0 | F4: ='Proximal Validation (single)'!F4 -> 0 | G4: ='Proximal Validation (single)'!G4 -> 0 | H4: ='Proximal Validation (single)'!H4 -> -0.00055839424 | ... M4: ='Proximal Validation (single)'!M4 -> 0.66739637 | N4: 0.515725 | O4: 0.1185307 | P4: 1.5834716 | Q4: 4.179254e-07 | R4: =ABS(N4-A4) -> 0.284275 | S4: =ABS(O4-B4) -> 0.038530696 | T4: =ABS(P4-C4) -> 0.012471616 | W4: =DEGREES(W3) -> 0.6510929
A5: ='Proximal Validation (single)'!A5 -> 0.7 | B5: ='Proximal Validation (single)'!B5 -> 0.16 | C5: ='Proximal Validation (single)'!C5 -> 1.571 | D5: ='Proximal Validation (single)'!D5 -> 1.571 | E5: ='Proximal Validation (single)'!E5 -> 1.4 | F5: ='Proximal Validation (single)'!F5 -> 0 | G5: ='Proximal Validation (single)'!G5 -> 0 | H5: ='Proximal Validation (single)'!H5 -> 0.010437043 | ... M5: ='Proximal Validation (single)'!M5 -> 0.32599643 | N5: 0.88186277 | O5: 0.12047931 | P5: 1.600895 | Q5: 1.1075001e-07 | R5: =ABS(N5-A5) -> 0.18186277 | S5: =ABS(O5-B5) -> 0.039520692 | T5: =ABS(P5-C5) -> 0.029894999
A6: ='Proximal Validation (single)'!A6 -> 0.7 | B6: ='Proximal Validation (single)'!B6 -> 0.2 | C6: ='Proximal Validation (single)'!C6 -> 1.571 | D6: ='Proximal Validation (single)'!D6 -> 1.571 | E6: ='Proximal Validation (single)'!E6 -> 0 | F6: ='Proximal Validation (single)'!F6 -> 0 | G6: ='Proximal Validation (single)'!G6 -> 0 | H6: ='Proximal Validation (single)'!H6 -> -0.00053893542 | ... M6: ='Proximal Validation (single)'!M6 -> 0.10576335 | N6: 0.97212132 | O6: 0.11963924 | P6: 1.5518542 | Q6: 1.3759006e-06 | R6: =ABS(N6-A6) -> 0.27212132 | S6: =ABS(O6-B6) -> 0.080360757 | T6: =ABS(P6-C6) -> 0.019145778
A7: ='Proximal Validation (single)'!A7 -> 0.4 | B7: ='Proximal Validation (single)'!B7 -> 0.1 | C7: ='Proximal Validation (single)'!C7 -> 3.665 | D7: ='Proximal Validation (single)'!D7 -> 1.571 | E7: ='Proximal Validation (single)'!E7 -> 1.4 | F7: ='Proximal Validation (single)'!F7 -> 0 | G7: ='Proximal Validation (single)'!G7 -> 0 | H7: ='Proximal Validation (single)'!H7 -> -0.00048927497 | ... M7: ='Proximal Validation (single)'!M7 -> -0.16083619 | N7: 0.49762743 | O7: 0.073987747 | P7: 3.6552884 | Q7: 3.5835768e-07 | R7: =ABS(N7-A7) -> 0.097627432 | S7: =ABS(O7-B7) -> 0.026012253 | T7: =ABS(P7-C7) -> 0.0097115919
A8: ='Proximal Validation (single)'!A8 -> 0.7 | B8: ='Proximal Validation (single)'!B8 -> 0.1 | C8: ='Proximal Validation (single)'!C8 -> 3.665 | D8: ='Proximal Validation (single)'!D8 -> 1.571 | E8: ='Proximal Validation (single)'!E8 -> 1.4 | F8: ='Proximal Validation (single)'!F8 -> 0 | G8: ='Proximal Validation (single)'!G8 -> 0 | H8: ='Proximal Validation (single)'!H8 -> -0.00016112858 | ... M8: ='Proximal Validation (single)'!M8 -> -0.31810004 | N8: 0.49445283 | O8: 0.15472155 | P8: 3.6590378 | Q8: 1.6944979e-07 | R8: =ABS(N8-A8) -> 0.20554717 | S8: =ABS(O8-B8) -> 0.054721547 | T8: =ABS(P8-C8) -> 0.0059621708
A9: ='Proximal Validation (single)'!A9 -> 0.4 | B9: ='Proximal Validation (single)'!B9 -> 0.16 | C9: ='Proximal Validation (single)'!C9 -> 3.665 | D9: ='Proximal Validation (single)'!D9 -> 1.571 | E9: ='Proximal Validation (single)'!E9 -> 0 | F9: ='Proximal Validation (single)'!F9 -> 0 | G9: ='Proximal Validation (single)'!G9 -> 0 | H9: ='Proximal Validation (single)'!H9 -> 0.00032763835 | ... M9: ='Proximal Validation (single)'!M9 -> -0.13795975 | N9: 0.49588753 | O9: 0.11813214 | P9: 3.6655624 | Q9: 3.389736e-08 | R9: =ABS(N9-A9) -> 0.095887534 | S9: =ABS(O9-B9) -> 0.041867858 | T9: =ABS(P9-C9) -> 0.0005624332
A10: ='Proximal Validation (single)'!A10 -> 0.3 | B10: ='Proximal Validation (single)'!B10 -> 0.18 | C10: ='Proximal Validation (single)'!C10 -> 3.665 | D10: ='Proximal Validation (single)'!D10 -> 1.571 | E10: ='Proximal Validation (single)'!E10 -> 0 | F10: ='Proximal Validation (single)'!F10 -> 0 | G10: ='Proximal Validation (single)'!G10 -> 0 | H10: ='Proximal Validation (single)'!H10 -> 0.00035051629 | ... M10: ='Proximal Validation (single)'!M10 -> -0.09704788 | N10: 0.39872506 | O10: 0.11690499 | P10: 3.6731394 | Q10: 1.1507962e-08 | R10: =ABS(N10-A10) -> 0.098725062 | S10: =ABS(O10-B10) -> 0.06309501 | T10: =ABS(P10-C10) -> 0.0081393776

Sheet Sheet1
J3: [ | K3: 0.00083457411 | L3: -0.034524299 | M3: -0.0014681163 | N3: 0.17940304 | O3: -0.0075630695 | P3: 0.20382217 | Q3: 1.4 | R3: 0 | S3: 0 | T3: ;
K4: -0.00080810196 | L4: -0.066743046 | M4: 0.00044342974 | N4: 0.21195751 | O4: 0.0011818819 | P4: 0.30656093 | Q4: 0 | R4: 0 | S4: 0 | T4: ;
K5: 0.0078557301 | L5: -0.12781028 | M5: -0.011611282 | N5: 0.02856116 | O5: -0.047612399 | P5: 0.55316103 | Q5: 1.4 | R5: 0 | S5: 0 | T5: ;
K6: 0.0011252735 | L6: -0.055980932 | M6: -0.00074938103 | N6: -0.035423979 | O6: -0.010494843 | P6: 0.35301661 | Q6: 1.4 | R6: 0 | S6: 0 | T6: ;
K7: -0.00055839424 | L7: -0.11975701 | M7: -0.00099074037 | N7: -0.19020733 | O7: -0.0026012212 | P7: 0.66739637 | Q7: 0 | R7: 0 | S7: 0 | T7: ;
K8: 0.010437043 | L8: -0.12975721 | M8: -0.0073771281 | N8: -0.55726922 | O8: -0.060898364 | P8: 0.32599643 | Q8: 1.4 | R8: 0 | S8: 0 | T8: ;
K9: -0.00053893542 | L9: -0.11880944 | M9: 0.0034749229 | N9: -0.62149334 | O9: 0.015605319 | P9: 0.10576335 | Q9: 0 | R9: 0 | S9: 0 | T9: ;
K10: -0.00078150304 | L10: 0.044897478 | M10: -0.082051888 | N10: 0.48326424 | O10: -0.55701375 | P10: -0.30146328 | Q10: 0 | R10: 0 | S10: 0 | T10: ;
K11: -0.00048895599 | L11: 0.046247739 | M11: -0.083231397 | N11: 0.33926415 | O11: -0.45690826 | P11: -0.2506513 | Q11: 0 | R11: 0 | S11: 0 | T11: ;
K12: 0.0017005717 | L12: 0.08478865 | M12: -0.14360036 | N12: 0.28701612 | O12: -0.64443815 | P12: -0.37070236 | Q12: 1.4 | R12: 0 | S12: 0 | T12: ;
K13: 0.001073956 | L13: 0.041172292 | M13: -0.06770768 | N13: 0.18796542 | O13: -0.24406707 | P13: -0.14198835 | Q13: 1.4 | R13: 0 | S13: 0 | T13: ;
K14: -0.00048927497 | L14: 0.032692719 | M14: -0.058575917 | N14: -0.01288351 | O14: -0.2920453 | P14: -0.16083619 | Q14: 1.4 | R14: 0 | S14: 0 | T14: ;
K15: -0.00016112858 | L15: 0.066224433 | M15: -0.1180518 | N15: -0.18827668 | O15: -0.57758576 | P15: -0.31810004 | Q15: 1.4 | R15: 0 | S15: 0 | T15: ;
K16: 0.00032763835 | L16: 0.041303895 | M16: -0.071706265 | N16: -0.16764185 | O16: -0.24127176 | P16: -0.13795975 | Q16: 0 | R16: 0 | S16: 0 | T16: ;
K17: 0.00035051629 | L17: 0.032155216 | M17: -0.054656163 | N17: -0.10698747 | O17: -0.16471621 | P17: -0.09704788 | Q17: 0 | R17: 0 | S17: 0 | T17: ] | U17: ;
J22: [ | K22: 0.0011252735 | L22: -0.055980932 | M22: -0.00074938103 | N22: -0.035423979 | O22: -0.010494843 | P22: 0.35301661 | Q22: 1.4 | R22: 0 | S22: 0 | T22: ;
K23: -0.00055839424 | L23: -0.11975701 | M23: -0.00099074037 | N23: -0.19020733 | O23: -0.0026012212 | P23: 0.66739637 | Q23: 0 | R23: 0 | S23: 0 | T23: ;
K24: 0.010437043 | L24: -0.12975721 | M24: -0.0073771281 | N24: -0.55726922 | O24: -0.060898364 | P24: 0.32599643 | Q24: 1.4 | R24: 0 | S24: 0 | T24: ;
K25: -0.00053893542 | L25: -0.11880944 | M25: 0.0034749229 | N25: -0.62149334 | O25: 0.015605319 | P25: 0.10576335 | Q25: 0 | R25: 0 | S25: 0 | T25: ;
K26: -0.00048927497 | L26: 0.032692719 | M26: -0.058575917 | N26: -0.01288351 | O26: -0.2920453 | P26: -0.16083619 | Q26: 1.4 | R26: 0 | S26: 0 | T26: ;
K27: -0.00016112858 | L27: 0.066224433 | M27: -0.1180518 | N27: -0.18827668 | O27: -0.57758576 | P27: -0.31810004 | Q27: 1.4 | R27: 0 | S27: 0 | T27: ;
K28: 0.00032763835 | L28: 0.041303895 | M28: -0.071706265 | N28: -0.16764185 | O28: -0.24127176 | P28: -0.13795975 | Q28: 0 | R28: 0 | S28: 0 | T28: ;
K29: 0.00035051629 | L29: 0.032155216 | M29: -0.054656163 | N29: -0.10698747 | O29: -0.16471621 | P29: -0.09704788 | Q29: 0 | R29: 0 | S29: 0 | T29: ] | U29: ;

Sheet Conversion
A1: Raw Data | H1: Converted
A2: Fx | B2: Fy | C2: Fz | D2: Tx | E2: Ty | F2: Tz | H2: Tx | I2: Ty | J2: Tz | K2: Fx | L2: Fy | M2: Fz
A3: 0.20382217 | B3: 0.0075630695 | C3: 0.17940304 | D3: -0.0014681163 | E3: 0.034524299 | F3: 0.00083457411 | H3: =$F3 -> 0.00083457411 | I3: =-1*$E3 -> -0.034524299 | J3: =$D3 -> -0.0014681163 | K3: =$C3 -> 0.17940304 | L3: =-1*$B3 -> -0.0075630695 | M3: =$A3 -> 0.20382217
A4: 0.30656093 | B4: -0.0011818819 | C4: 0.21195751 | D4: 0.00044342974 | E4: 0.066743046 | F4: -0.00080810196 | H4: =$F4 -> -0.00080810196 | I4: =-1*$E4 -> -0.066743046 | J4: =$D4 -> 0.00044342974 | K4: =$C4 -> 0.21195751 | L4: =-1*$B4 -> 0.0011818819 | M4: =$A4 -> 0.30656093
A5: 0.55316103 | B5: 0.047612399 | C5: 0.02856116 | D5: -0.011611282 | E5: 0.12781028 | F5: 0.0078557301 | H5: =$F5 -> 0.0078557301 | I5: =-1*$E5 -> -0.12781028 | J5: =$D5 -> -0.011611282 | K5: =$C5 -> 0.02856116 | L5: =-1*$B5 -> -0.047612399 | M5: =$A5 -> 0.55316103
A6: 0.35301661 | B6: 0.010494843 | C6: -0.035423979 | D6: -0.00074938103 | E6: 0.055980932 | F6: 0.0011252735 | H6: =$F6 -> 0.0011252735 | I6: =-1*$E6 -> -0.055980932 | J6: =$D6 -> -0.00074938103 | K6: =$C6 -> -0.035423979 | L6: =-1*$B6 -> -0.010494843 | M6: =$A6 -> 0.35301661
A7: 0.66739637 | B7: 0.0026012212 | C7: -0.19020733 | D7: -0.00099074037 | E7: 0.11975701 | F7: -0.00055839424 | H7: =$F7 -> -0.00055839424 | I7: =-1*$E7 -> -0.11975701 | J7: =$D7 -> -0.00099074037 | K7: =$C7 -> -0.19020733 | L7: =-1*$B7 -> -0.0026012212 | M7: =$A7 -> 0.66739637
A8: 0.32599643 | B8: 0.060898364 | C8: -0.55726922 | D8: -0.0073771281 | E8: 0.12975721 | F8: 0.010437043 | H8: =$F8 -> 0.010437043 | I8: =-1*$E8 -> -0.12975721 | J8: =$D8 -> -0.0073771281 | K8: =$C8 -> -0.55726922 | L8: =-1*$B8 -> -0.060898364 | M8: =$A8 -> 0.32599643
A9: -0.30146328 | B9: 0.55701375 | C9: 0.48326424 | D9: -0.082051888 | E9: -0.044897478 | F9: -0.00078150304 | H9: =$F9 -> -0.00078150304 | I9: =-1*$E9 -> 0.044897478 | J9: =$D9 -> -0.082051888 | K9: =$C9 -> 0.48326424 | L9: =-1*$B9 -> -0.55701375 | M9: =$A9 -> -0.30146328
A10: -0.2506513 | B10: 0.45690826 | C10: 0.33926415 | D10: -0.083231397 | E10: -0.046247739 | F10: -0.00048895599 | H10: =$F10 -> -0.00048895599 | I10: =-1*$E10 -> 0.046247739 | J10: =$D10 -> -0.083231397 | K10: =$C10 -> 0.33926415 | L10: =-1*$B10 -> -0.45690826 | M10: =$A10 -> -0.2506513
A11: -0.37070236 | B11: 0.64443815 | C11: 0.28701612 | D11: -0.14360036 | E11: -0.08478865 | F11: 0.0017005717 | H11: =$F11 -> 0.0017005717 | I11: =-1*$E11 -> 0.08478865 | J11: =$D11 -> -0.14360036 | K11: =$C11 -> 0.28701612 | L11: =-1*$B11 -> -0.64443815 | M11: =$A11 -> -0.37070236
A12: -0.14198835 | B12: 0.24406707 | C12: 0.18796542 | D12: -0.06770768 | E12: -0.041172292 | F12: 0.001073956 | H12: =$F12 -> 0.001073956 | I12: =-1*$E12 -> 0.041172292 | J12: =$D12 -> -0.06770768 | K12: =$C12 -> 0.18796542 | L12: =-1*$B12 -> -0.24406707 | M12: =$A12 -> -0.14198835
A13: -0.16083619 | B13: 0.2920453 | C13: -0.01288351 | D13: -0.058575917 | E13: -0.032692719 | F13: -0.00048927497 | H13: =$F13 -> -0.00048927497 | I13: =-1*$E13 -> 0.032692719 | J13: =$D13 -> -0.058575917 | K13: =$C13 -> -0.01288351 | L13: =-1*$B13 -> -0.2920453 | M13: =$A13 -> -0.16083619
A14: -0.31810004 | B14: 0.57758576 | C14: -0.18827668 | D14: -0.1180518 | E14: -0.066224433 | F14: -0.00016112858 | H14: =$F14 -> -0.00016112858 | I14: =-1*$E14 -> 0.066224433 | J14: =$D14 -> -0.1180518 | K14: =$C14 -> -0.18827668 | L14: =-1*$B14 -> -0.57758576 | M14: =$A14 -> -0.31810004
... A17: 0.10576335 | B17: -0.015605319 | C17: -0.62149334 | D17: 0.0034749229 | E17: 0.11880944 | F17: -0.00053893542 | H17: =$F17 -> -0.00053893542 | I17: =-1*$E17 -> -0.11880944 | J17: =$D17 -> 0.0034749229 | K17: =$C17 -> -0.62149334 | L17: =-1*$B17 -> 0.015605319 | M17: =$A17 -> 0.10576335
H18: =$F18 -> 0 | I18: =-1*$E18 -> 0 | J18: =$D18 -> 0 | K18: =$C18 -> 0 | L18: =-1*$B18 -> 0 | M18: =$A18 -> 0
H19: =$F19 -> 0 | I19: =-1*$E19 -> 0 | J19: =$D19 -> 0 | K19: =$C19 -> 0 | L19: =-1*$B19 -> 0 | M19: =$A19 -> 0
H20: =$F20 -> 0 | I20: =-1*$E20 -> 0 | J20: =$D20 -> 0 | K20: =$C20 -> 0 | L20: =-1*$B20 -> 0 | M20: =$A20 -> 0
H21: =$F21 -> 0 | I21: =-1*$E21 -> 0 | J21: =$D21 -> 0 | K21: =$C21 -> 0 | L21: =-1*$B21 -> 0 | M21: =$A21 -> 0
H22: =$F22 -> 0 | I22: =-1*$E22 -> 0 | J22: =$D22 -> 0 | K22: =$C22 -> 0 | L22: =-1*$B22 -> 0 | M22: =$A22 -> 0
H23: =$F23 -> 0 | I23: =-1*$E23 -> 0 | J23: =$D23 -> 0 | K23: =$C23 -> 0 | L23: =-1*$B23 -> 0 | M23: =$A23 -> 0
H24: =$F24 -> 0 | I24: =-1*$E24 -> 0 | J24: =$D24 -> 0 | K24: =$C24 -> 0 | L24: =-1*$B24 -> 0 | M24: =$A24 -> 0
H25: =$F25 -> 0 | I25: =-1*$E25 -> 0 | J25: =$D25 -> 0 | K25: =$C25 -> 0 | L25: =-1*$B25 -> 0 | M25: =$A25 -> 0
H26: =$F26 -> 0 | I26: =-1*$E26 -> 0 | J26: =$D26 -> 0 | K26: =$C26 -> 0 | L26: =-1*$B26 -> 0 | M26: =$A26 -> 0
H27: =$F27 -> 0 | I27: =-1*$E27 -> 0 | J27: =$D27 -> 0 | K27: =$C27 -> 0 | L27: =-1*$B27 -> 0 | M27: =$A27 -> 0
H28: =$F28 -> 0 | I28: =-1*$E28 -> 0 | J28: =$D28 -> 0 | K28: =$C28 -> 0 | L28: =-1*$B28 -> 0 | M28: =$A28 -> 0
