Workbook

Sheet Proximal Validation (single)
A1: Ground Truth | H1: 6-Axis FT Sensor | N1: SoRoSim get_proximal_value | T1: Proximal Errors
A2: F (N) | B2: s (m) | C2: roll (rad) | D2: pitch (deg) | E2: tau1 (N) | F2: tau2 (N) | G2: tau3 (N) | H2: Tx (Nm) | I2: Ty (Nm) | J2: Tz(Nm) | K2: Fx (N) | L2: Fy (N) | M2: Fz (N) | N2: Tx (Nm) | O2: Ty (Nm) | P2: Tz(Nm) | Q2: Fx (N) | R2: Fy (N) | S2: Fz (N) | T2: Tx (Nm) | U2: Ty (Nm) | V2: Tz(Nm) | W2: Fx (N) | X2: Fy (N) | Y2: Fz (N)
A3: 0.4 | B3: 0.06 | C3: 1.571 | D3: 1.571 | E3: 1.4 | F3: 0 | G3: 0 | H3: 0.00067002582 | I3: -0.066750191 | J3: 0.0016002768 | K3: -0.039701398 | L3: 0.0073561743 | M3: 0.42381418 | T3: =ABS(H3-N3) -> 0.00067002582 | U3: =ABS(I3-O3) -> 0.066750191 | V3: =ABS(J3-P3) -> 0.0016002768 | W3: =ABS(K3-Q3) -> 0.039701398 | X3: =ABS(L3-R3) -> 0.0073561743 | Y3: =ABS(M3-S3) -> 0.42381418
A4: 0.8 | B4: 0.08 | C4: 1.571 | D4: 1.571 | E4: 0 | F4: 0 | G4: 0 | H4: 0.00074092089 | I4: -0.14775538 | J4: 0.0034220633 | K4: -0.16136234 | L4: 0.020262048 | M4: 0.82944489 | T4: =ABS(H4-N4) -> 0.00074092089 | U4: =ABS(I4-O4) -> 0.14775538 | V4: =ABS(J4-P4) -> 0.0034220633 | W4: =ABS(K4-Q4) -> 0.16136234 | X4: =ABS(L4-R4) -> 0.020262048 | Y4: =ABS(M4-S4) -> 0.82944489
A5: 0.7 | B5: 0.16 | C5: 1.571 | D5: 1.571 | E5: 1.4 | F5: 0 | G5: 0 | H5: 0.0066551082 | I5: -0.1483079 | J5: -0.0010527462 | K5: -0.44470632 | L5: -0.021994621 | M5: 0.48979318 | T5: =ABS(H5-N5) -> 0.0066551082 | U5: =ABS(I5-O5) -> 0.1483079 | V5: =ABS(J5-P5) -> 0.0010527462 | W5: =ABS(K5-Q5) -> 0.44470632 | X5: =ABS(L5-R5) -> 0.021994621 | Y5: =ABS(M5-S5) -> 0.48979318
A6: 0.7 | B6: 0.2 | C6: 1.571 | D6: 1.571 | E6: 0 | F6: 0 | G6: 0 | H6: 0.00087637117 | I6: -0.16448845 | J6: 0.0037763002 | K6: -0.58729076 | L6: 0.0078071319 | M6: 0.38755593 | T6: =ABS(H6-N6) -> 0.00087637117 | U6: =ABS(I6-O6) -> 0.16448845 | V6: =ABS(J6-P6) -> 0.0037763002 | W6: =ABS(K6-Q6) -> 0.58729076 | X6: =ABS(L6-R6) -> 0.0078071319 | Y6: =ABS(M6-S6) -> 0.38755593
A7: 0.4 | B7: 0.1 | C7: 3.665 | D7: 1.571 | E7: 1.4 | F7: 0 | G7: 0 | H7: -0.00037108036 | I7: 0.037644271 | J7: -0.067399666 | K7: 0.016782975 | L7: -0.33880779 | M7: -0.18529797 | T7: =ABS(H7-N7) -> 0.00037108036 | U7: =ABS(I7-O7) -> 0.037644271 | V7: =ABS(J7-P7) -> 0.067399666 | W7: =ABS(K7-Q7) -> 0.016782975 | X7: =ABS(L7-R7) -> 0.33880779 | Y7: =ABS(M7-S7) -> 0.18529797
A8: 0.7 | B8: 0.1 | C8: 3.665 | D8: 1.571 | E8: 1.4 | F8: 0 | G8: 0 | H8: -0.0010242919 | I8: 0.070613205 | J8: -0.12678832 | K8: -0.029671347 | L8: -0.63574088 | M8: -0.34651768 | T8: =ABS(H8-N8) -> 0.0010242919 | U8: =ABS(I8-O8) -> 0.070613205 | V8: =ABS(J8-P8) -> 0.12678832 | W8: =ABS(K8-Q8) -> 0.029671347 | X8: =ABS(L8-R8) -> 0.63574088 | Y8: =ABS(M8-S8) -> 0.34651768
A9: 0.4 | B9: 0.16 | C9: 3.665 | D9: 1.571 | E9: 0 | F9: 0 | G9: 0 | H9: -0.00060879067 | I9: 0.047145899 | J9: -0.085028917 | K9: -0.074065492 | L9: -0.3154611 | M9: -0.17043319 | T9: =ABS(H9-N9) -> 0.00060879067 | U9: =ABS(I9-O9) -> 0.047145899 | V9: =ABS(J9-P9) -> 0.085028917 | W9: =ABS(K9-Q9) -> 0.074065492 | X9: =ABS(L9-R9) -> 0.3154611 | Y9: =ABS(M9-S9) -> 0.17043319
A10: 0.3 | B10: 0.18 | C10: 3.665 | D10: 1.571 | E10: 0 | F10: 0 | G10: 0 | H10: 3.8368395e-05 | I10: 0.032897148 | J10: -0.058571801 | K10: -0.063505612 | L10: -0.19738522 | M10: -0.10824893 | T10: =ABS(H10-N10) -> 3.8368395e-05 | U10: =ABS(I10-O10) -> 0.032897148 | V10: =ABS(J10-P10) -> 0.058571801 | W10: =ABS(K10-Q10) -> 0.063505612 | X10: =ABS(L10-R10) -> 0.19738522 | Y10: =ABS(M10-S10) -> 0.10824893

Sheet Distal Validation (single)
A1: Ground Truth | H1: 6-Axis FT Sensor | N1: SoRoSim get_distal_value | R1: Distal Errors | U1: Mean Average Error
A2: F (N) | B2: s (m) | C2: roll (rad) | D2: pitch (deg) | E2: tau1 (N) | F2: tau2 (N) | G2: tau3 (N) | H2: Tx (Nm) | I2: Ty (Nm) | J2: Tz(Nm) | K2: Fx (N) | L2: Fy (N) | M2: Fz (N) | N2: F (N) | O2: s (m) | P2: roll (rad) | Q2: f_final | R2: Force Error | S2: Position Error | T2: Roll Error | U2: Force Error | V2: Position Error | W2: Roll Error
A3: ='Proximal Validation (single)'!A3 -> 0.4 | B3: ='Proximal Validation (single)'!B3 -> 0.06 | C3: ='Proximal Validation (single)'!C3 -> 1.571 | D3: ='Proximal Validation (single)'!D3 -> 1.571 | E3: ='Proximal Validation (single)'!E3 -> 1.4 | F3: ='Proximal Validation (single)'!F3 -> 0 | G3: ='Proximal Validation (single)'!G3 -> 0 | H3: ='Proximal Validation (single)'!H3 -> 0.00067002582 | ... M3: ='Proximal Validation (single)'!M3 -> 0.42381418 | N3: 0.14709842 | O3: 0.19996735 | P3: 1.5370839 | Q3: 3.4718516e-09 | R3: =ABS(N3-A3) -> 0.25290158 | S3: =ABS(O3-B3) -> 0.13996735 | T3: =ABS(P3-C3) -> 0.033916099 | U3: =AVERAGE(R3:R10) -> 0.26362786 | V3: =AVERAGE(S3:S10) -> 0.058690512 | W3: =AVERAGE(T3:T10) -> 0.015198383
A4: ='Proximal Validation (single)'!A4 -> 0.8 | B4: ='Proximal Validation (single)'!B4 -> 0.08 | C4: ='Proximal Validation (single)'!C4 -> 1.571 | D4: ='Proximal Validation (single)'!D4 -> 1.571 | E4: ='Proximal Validation (single)'!E4 -> 0 | F4: ='Proximal Validation (single)'!F4 -> 0 | G4: ='Proximal Validation (single)'!G4 -> 0 | H4: ='Proximal Validation (single)'!H4 -> 0.00074092089 | ... M4: ='Proximal Validation (single)'!M4 -> 0.82944489 | N4: 0.38061737 | O4: 0.2 | P4: 1.5489344 | Q4: 8.6508147e-09 | R4: =ABS(N4-A4) -> 0.41938263 | S4: =ABS(O4-B4) -> 0.12 | T4: =ABS(P4-C4) -> 0.022065604
A5: ='Proximal Validation (single)'!A5 -> 0.7 | B5: ='Proximal Validation (single)'!B5 -> 0.16 | C5: ='Proximal Validation (single)'!C5 -> 1.571 | D5: ='Proximal Validation (single)'!D5 -> 1.571 | E5: ='Proximal Validation (single)'!E5 -> 1.4 | F5: ='Proximal Validation (single)'!F5 -> 0 | G5: ='Proximal Validation (single)'!G5 -> 0 | H5: ='Proximal Validation (single)'!H5 -> 0.0066551082 | ... M5: ='Proximal Validation (single)'!M5 -> 0.48979318 | N5: 0.59565967 | O5: 0.2 | P5: 1.5628478 | Q5: 5.0027017e-06 | R5: =ABS(N5-A5) -> 0.10434033 | S5: =ABS(O5-B5) -> 0.04 | T5: =ABS(P5-C5) -> 0.0081521905
A6: ='Proximal Validation (single)'!A6 -> 0.7 | B6: ='Proximal Validation (single)'!B6 -> 0.2 | C6: ='Proximal Validation (single)'!C6 -> 1.571 | D6: ='Proximal Validation (single)'!D6 -> 1.571 | E6: ='Proximal Validation (single)'!E6 -> 0 | F6: ='Proximal Validation (single)'!F6 -> 0 | G6: ='Proximal Validation (single)'!G6 -> 0 | H6: ='Proximal Validation (single)'!H6 -> 0.00087637117 | ... M6: ='Proximal Validation (single)'!M6 -> 0.38755593 | N6: 0.74707129 | O6: 0.2 | P6: 1.5470858 | Q6: 5.4365961e-06 | R6: =ABS(N6-A6) -> 0.047071286 | S6: =ABS(O6-B6) -> 5.9478783e-11 | T6: =ABS(P6-C6) -> 0.023914187
A7: ='Proximal Validation (single)'!A7 -> 0.4 | B7: ='Proximal Validation (single)'!B7 -> 0.1 | C7: ='Proximal Validation (single)'!C7 -> 3.665 | D7: ='Proximal Validation (single)'!D7 -> 1.571 | E7: ='Proximal Validation (single)'!E7 -> 1.4 | F7: ='Proximal Validation (single)'!F7 -> 0 | G7: ='Proximal Validation (single)'!G7 -> 0 | H7: ='Proximal Validation (single)'!H7 -> -0.00037108036 | ... M7: ='Proximal Validation (single)'!M7 -> -0.18529797 | N7: 0.73147182 | O7: 0.057735021 | P7: 3.6582609 | Q7: 2.003538e-06 | R7: =ABS(N7-A7) -> 0.33147182 | S7: =ABS(O7-B7) -> 0.042264979 | T7: =ABS(P7-C7) -> 0.0067391172
A8: ='Proximal Validation (single)'!A8 -> 0.7 | B8: ='Proximal Validation (single)'!B8 -> 0.1 | C8: ='Proximal Validation (single)'!C8 -> 3.665 | D8: ='Proximal Validation (single)'!D8 -> 1.571 | E8: ='Proximal Validation (single)'!E8 -> 1.4 | F8: ='Proximal Validation (single)'!F8 -> 0 | G8: ='Proximal Validation (single)'!G8 -> 0 | H8: ='Proximal Validation (single)'!H8 -> -0.0010242919 | ... M8: ='Proximal Validation (single)'!M8 -> -0.34651768 | N8: 1 | O8: 0.078685052 | P8: 3.6571999 | Q8: 6.0050784e-06 | R8: =ABS(N8-A8) -> 0.3 | S8: =ABS(O8-B8) -> 0.021314948 | T8: =ABS(P8-C8) -> 0.0078001471
A9: ='Proximal Validation (single)'!A9 -> 0.4 | B9: ='Proximal Validation (single)'!B9 -> 0.16 | C9: ='Proximal Validation (single)'!C9 -> 3.665 | D9: ='Proximal Validation (single)'!D9 -> 1.571 | E9: ='Proximal Validation (single)'!E9 -> 0 | F9: ='Proximal Validation (single)'!F9 -> 0 | G9: ='Proximal Validation (single)'!G9 -> 0 | H9: ='Proximal Validation (single)'!H9 -> -0.00060879067 | ... M9: ='Proximal Validation (single)'!M9 -> -0.17043319 | N9: 0.99999975 | O9: 0.065046664 | P9: 3.6532893 | Q9: 7.6566208e-09 | R9: =ABS(N9-A9) -> 0.59999975 | S9: =ABS(O9-B9) -> 0.094953336 | T9: =ABS(P9-C9) -> 0.011710719
A10: ='Proximal Validation (single)'!A10 -> 0.3 | B10: ='Proximal Validation (single)'!B10 -> 0.18 | C10: ='Proximal Validation (single)'!C10 -> 3.665 | D10: ='Proximal Validation (single)'!D10 -> 1.571 | E10: ='Proximal Validation (single)'!E10 -> 0 | F10: ='Proximal Validation (single)'!F10 -> 0 | G10: ='Proximal Validation (single)'!G10 -> 0 | H10: ='Proximal Validation (single)'!H10 -> 3.8368395e-05 | ... M10: ='Proximal Validation (single)'!M10 -> -0.10824893 | N10: 0.24614454 | O10: 0.19102348 | P10: 3.657711 | Q10: 1.783334e-12 | R10: =ABS(N10-A10) -> 0.053855458 | S10: =ABS(O10-B10) -> 0.011023479 | T10: =ABS(P10-C10) -> 0.0072889952
I19: 0.001 | J19: -0.07339 | K19: 0.0012 | L19: -0.161 | M19: 0.02 | N19: 0.829

Sheet Conversion
A1: Raw Data | H1: Converted
A2: Fx | B2: Fy | C2: Fz | D2: Tx | E2: Ty | F2: Tz | H2: Tx | I2: Ty | J2: Tz | K2: Fx | L2: Fy | M2: Fz
A3: 0.19288233 | B3: -0.0011325702 | C3: 0.18583472 | D3: 0.00056162861 | E3: 0.032978263 | F3: 0.00026342465 | H3: =$F3 -> 0.00026342465 | I3: =-1*$E3 -> -0.032978263 | J3: =$D3 -> 0.00056162861 | K3: =$C3 -> 0.18583472 | L3: =-1*$B3 -> 0.0011325702 | M3: =$A3 -> 0.19288233
A4: 0.27653545 | B4: -0.010736909 | C4: 0.25303724 | D4: 0.0025845002 | E4: 0.062425632 | F4: -0.00043474312 | H4: =$F4 -> -0.00043474312 | I4: =-1*$E4 -> -0.062425632 | J4: =$D4 -> 0.0025845002 | K4: =$C4 -> 0.25303724 | L4: =-1*$B4 -> 0.010736909 | M4: =$A4 -> 0.27653545
A5: 0.5263381 | B5: 0.024467468 | C5: 0.26806161 | D5: -0.0083989212 | E5: 0.12275674 | F5: 0.0053234044 | H5: =$F5 -> 0.0053234044 | I5: =-1*$E5 -> -0.12275674 | J5: =$D5 -> -0.0083989212 | K5: =$C5 -> 0.26806161 | L5: =-1*$B5 -> -0.024467468 | M5: =$A5 -> 0.5263381
A6: 0.42381418 | B6: -0.0073561743 | C6: -0.039701398 | D6: 0.0016002768 | E6: 0.066750191 | F6: 0.00067002582 | H6: =$F6 -> 0.00067002582 | I6: =-1*$E6 -> -0.066750191 | J6: =$D6 -> 0.0016002768 | K6: =$C6 -> -0.039701398 | L6: =-1*$B6 -> 0.0073561743 | M6: =$A6 -> 0.42381418
A7: 0.82944489 | B7: -0.020262048 | C7: -0.16136234 | D7: 0.0034220633 | E7: 0.14775538 | F7: 0.00074092089 | H7: =$F7 -> 0.00074092089 | I7: =-1*$E7 -> -0.14775538 | J7: =$D7 -> 0.0034220633 | K7: =$C7 -> -0.16136234 | L7: =-1*$B7 -> 0.020262048 | M7: =$A7 -> 0.82944489
A8: 0.48979318 | B8: 0.021994621 | C8: -0.44470632 | D8: -0.0010527462 | E8: 0.1483079 | F8: 0.0066551082 | H8: =$F8 -> 0.0066551082 | I8: =-1*$E8 -> -0.1483079 | J8: =$D8 -> -0.0010527462 | K8: =$C8 -> -0.44470632 | L8: =-1*$B8 -> -0.021994621 | M8: =$A8 -> 0.48979318
A9: 0.38755593 | B9: -0.0078071319 | C9: -0.58729076 | D9: 0.0037763002 | E9: 0.16448845 | F9: 0.00087637117 | H9: =$F9 -> 0.00087637117 | I9: =-1*$E9 -> -0.16448845 | J9: =$D9 -> 0.0037763002 | K9: =$C9 -> -0.58729076 | L9: =-1*$B9 -> 0.0078071319 | M9: =$A9 -> 0.38755593
A10: -0.28817487 | B10: 0.54026973 | C10: 0.61245459 | D10: -0.080319755 | E10: -0.042902049 | F10: -0.00086323917 | H10: =$F10 -> -0.00086323917 | I10: =-1*$E10 -> 0.042902049 | J10: =$D10 -> -0.080319755 | K10: =$C10 -> 0.61245459 | L10: =-1*$B10 -> -0.54026973 | M10: =$A10 -> -0.28817487
A11: -0.22529536 | B11: 0.42717016 | C11: 0.4433108 | D11: -0.080293678 | E11: -0.042666439 | F11: -0.00080120983 | H11: =$F11 -> -0.00080120983 | I11: =-1*$E11 -> 0.042666439 | J11: =$D11 -> -0.080293678 | K11: =$C11 -> 0.4433108 | L11: =-1*$B11 -> -0.42717016 | M11: =$A11 -> -0.22529536
A12: -0.30630308 | B12: 0.5512532 | C12: 0.41918036 | D12: -0.13737398 | E12: -0.077956624 | F12: -5.5334065e-05 | H12: =$F12 -> -5.5334065e-05 | I12: =-1*$E12 -> 0.077956624 | J12: =$D12 -> -0.13737398 | K12: =$C12 -> 0.41918036 | L12: =-1*$B12 -> -0.5512532 | M12: =$A12 -> -0.30630308
A13: -0.11506069 | B13: 0.21448079 | C13: 0.26709822 | D13: -0.061656475 | E13: -0.034424368 | F13: -9.6024014e-05 | H13: =$F13 -> -9.6024014e-05 | I13: =-1*$E13 -> 0.034424368 | J13: =$D13 -> -0.061656475 | K13: =$C13 -> 0.26709822 | L13: =-1*$B13 -> -0.21448079 | M13: =$A13 -> -0.11506069
A14: -0.18529797 | B14: 0.33880779 | C14: 0.016782975 | D14: -0.067399666 | E14: -0.037644271 | F14: -0.00037108036 | H14: =$F14 -> -0.00037108036 | I14: =-1*$E14 -> 0.037644271 | J14: =$D14 -> -0.067399666 | K14: =$C14 -> 0.016782975 | L14: =-1*$B14 -> -0.33880779 | M14: =$A14 -> -0.18529797
... A17: -0.10824893 | B17: 0.19738522 | C17: -0.063505612 | D17: -0.058571801 | E17: -0.032897148 | F17: 3.8368395e-05 | H17: =$F17 -> 3.8368395e-05 | I17: =-1*$E17 -> 0.032897148 | J17: =$D17 -> -0.058571801 | K17: =$C17 -> -0.063505612 | L17: =-1*$B17 -> -0.19738522 | M17: =$A17 -> -0.10824893
H18: =$F18 -> 0 | I18: =-1*$E18 -> 0 | J18: =$D18 -> 0 | K18: =$C18 -> 0 | L18: =-1*$B18 -> 0 | M18: =$A18 -> 0
H19: =$F19 -> 0 | I19: =-1*$E19 -> 0 | J19: =$D19 -> 0 | K19: =$C19 -> 0 | L19: =-1*$B19 -> 0 | M19: =$A19 -> 0
H20: =$F20 -> 0 | I20: =-1*$E20 -> 0 | J20: =$D20 -> 0 | K20: =$C20 -> 0 | L20: =-1*$B20 -> 0 | M20: =$A20 -> 0
H21: =$F21 -> 0 | I21: =-1*$E21 -> 0 | J21: =$D21 -> 0 | K21: =$C21 -> 0 | L21: =-1*$B21 -> 0 | M21: =$A21 -> 0
H22: =$F22 -> 0 | I22: =-1*$E22 -> 0 | J22: =$D22 -> 0 | K22: =$C22 -> 0 | L22: =-1*$B22 -> 0 | M22: =$A22 -> 0
H23: =$F23 -> 0 | I23: =-1*$E23 -> 0 | J23: =$D23 -> 0 | K23: =$C23 -> 0 | L23: =-1*$B23 -> 0 | M23: =$A23 -> 0
H24: =$F24 -> 0 | I24: =-1*$E24 -> 0 | J24: =$D24 -> 0 | K24: =$C24 -> 0 | L24: =-1*$B24 -> 0 | M24: =$A24 -> 0
H25: =$F25 -> 0 | I25: =-1*$E25 -> 0 | J25: =$D25 -> 0 | K25: =$C25 -> 0 | L25: =-1*$B25 -> 0 | M25: =$A25 -> 0
H26: =$F26 -> 0 | I26: =-1*$E26 -> 0 | J26: =$D26 -> 0 | K26: =$C26 -> 0 | L26: =-1*$B26 -> 0 | M26: =$A26 -> 0
H27: =$F27 -> 0 | I27: =-1*$E27 -> 0 | J27: =$D27 -> 0 | K27: =$C27 -> 0 | L27: =-1*$B27 -> 0 | M27: =$A27 -> 0
H28: =$F28 -> 0 | I28: =-1*$E28 -> 0 | J28: =$D28 -> 0 | K28: =$C28 -> 0 | L28: =-1*$B28 -> 0 | M28: =$A28 -> 0

Sheet Sheet1
J2: [ | K2: 0.00026342465 | L2: -0.032978263 | M2: 0.00056162861 | N2: 0.18583472 | O2: 0.0011325702 | P2: 0.19288233 | Q2: 1.4 | R2: 0 | S2: 0 | T2: ;
K3: -0.00043474312 | L3: -0.062425632 | M3: 0.0025845002 | N3: 0.25303724 | O3: 0.010736909 | P3: 0.27653545 | Q3: 0 | R3: 0 | S3: 0 | T3: ;
K4: 0.0053234044 | L4: -0.12275674 | M4: -0.0083989212 | N4: 0.26806161 | O4: -0.024467468 | P4: 0.5263381 | Q4: 1.4 | R4: 0 | S4: 0 | T4: ;
K5: 0.00067002582 | L5: -0.066750191 | M5: 0.0016002768 | N5: -0.039701398 | O5: 0.0073561743 | P5: 0.42381418 | Q5: 1.4 | R5: 0 | S5: 0 | T5: ;
K6: 0.00074092089 | L6: -0.14775538 | M6: 0.0034220633 | N6: -0.16136234 | O6: 0.020262048 | P6: 0.82944489 | Q6: 0 | R6: 0 | S6: 0 | T6: ;
K7: 0.0066551082 | L7: -0.1483079 | M7: -0.0010527462 | N7: -0.44470632 | O7: -0.021994621 | P7: 0.48979318 | Q7: 1.4 | R7: 0 | S7: 0 | T7: ;
K8: 0.00087637117 | L8: -0.16448845 | M8: 0.0037763002 | N8: -0.58729076 | O8: 0.0078071319 | P8: 0.38755593 | Q8: 0 | R8: 0 | S8: 0 | T8: ;
K9: -0.00086323917 | L9: 0.042902049 | M9: -0.080319755 | N9: 0.61245459 | O9: -0.54026973 | P9: -0.28817487 | Q9: 0 | R9: 0 | S9: 0 | T9: ;
K10: -0.00080120983 | L10: 0.042666439 | M10: -0.080293678 | N10: 0.4433108 | O10: -0.42717016 | P10: -0.22529536 | Q10: 0 | R10: 0 | S10: 0 | T10: ;
K11: -5.5334065e-05 | L11: 0.077956624 | M11: -0.13737398 | N11: 0.41918036 | O11: -0.5512532 | P11: -0.30630308 | Q11: 1.4 | R11: 0 | S11: 0 | T11: ;
K12: -9.6024014e-05 | L12: 0.034424368 | M12: -0.061656475 | N12: 0.26709822 | O12: -0.21448079 | P12: -0.11506069 | Q12: 1.4 | R12: 0 | S12: 0 | T12: ;
K13: -0.00037108036 | L13: 0.037644271 | M13: -0.067399666 | N13: 0.016782975 | O13: -0.33880779 | P13: -0.18529797 | Q13: 1.4 | R13: 0 | S13: 0 | T13: ;
K14: -0.0010242919 | L14: 0.070613205 | M14: -0.12678832 | N14: -0.029671347 | O14: -0.63574088 | P14: -0.34651768 | Q14: 1.4 | R14: 0 | S14: 0 | T14: ;
... K16: 3.8368395e-05 | L16: 0.032897148 | M16: -0.058571801 | N16: -0.063505612 | O16: -0.19738522 | P16: -0.10824893 | Q16: 0 | R16: 0 | S16: 0 | T16: ]
M19: [ | N19: 0.00067002582 | O19: -0.066750191 | P19: 0.0016002768 | Q19: -0.039701398 | R19: 0.0073561743 | S19: 0.42381418 | T19: 1.4 | U19: 0 | V19: 0 | W19: ;
N20: 0.00074092089 | O20: -0.14775538 | P20: 0.0034220633 | Q20: -0.16136234 | R20: 0.020262048 | S20: 0.82944489 | T20: 0 | U20: 0 | V20: 0 | W20: ;
N21: 0.0066551082 | O21: -0.1483079 | P21: -0.0010527462 | Q21: -0.44470632 | R21: -0.021994621 | S21: 0.48979318 | T21: 1.4 | U21: 0 | V21: 0 | W21: ;
N22: 0.00087637117 | O22: -0.16448845 | P22: 0.0037763002 | Q22: -0.58729076 | R22: 0.0078071319 | S22: 0.38755593 | T22: 0 | U22: 0 | V22: 0 | W22: ;
N23: -0.00037108036 | O23: 0.037644271 | P23: -0.067399666 | Q23: 0.016782975 | R23: -0.33880779 | S23: -0.18529797 | T23: 1.4 | U23: 0 | V23: 0 | W23: ;
N24: -0.0010242919 | O24: 0.070613205 | P24: -0.12678832 | Q24: -0.029671347 | R24: -0.63574088 | S24: -0.34651768 | T24: 1.4 | U24: 0 | V24: 0 | W24: ;
N25: -0.00060879067 | O25: 0.047145899 | P25: -0.085028917 | Q25: -0.074065492 | R25: -0.3154611 | S25: -0.17043319 | T25: 0 | U25: 0 | V25: 0 | W25: ;
N26: 3.8368395e-05 | O26: 0.032897148 | P26: -0.058571801 | Q26: -0.063505612 | R26: -0.19738522 | S26: -0.10824893 | T26: 0 | U26: 0 | V26: 0 | W26: ]
