Workbook

Sheet Proximal Validation (single)
A1: Ground Truth | H1: 6-Axis FT Sensor | N1: SoRoSim get_proximal_value | T1: Proximal Errors
A2: F (N) | B2: s (m) | C2: roll (rad) | D2: pitch (deg) | E2: tau1 (N) | F2: tau2 (N) | G2: tau3 (N) | H2: Tx (Nm) | I2: Ty (Nm) | J2: Tz(Nm) | K2: Fx (N) | L2: Fy (N) | M2: Fz (N) | N2: Tx (Nm) | O2: Ty (Nm) | P2: Tz(Nm) | Q2: Fx (N) | R2: Fy (N) | S2: Fz (N) | T2: Tx (Nm) | U2: Ty (Nm) | V2: Tz(Nm) | W2: Fx (N) | X2: Fy (N) | Y2: Fz (N)
A3: 0.3 | B3: 0.08 | C3: 1.571 | D3: 0.785 | E3: 1.4 | F3: 0 | G3: 0 | H3: -0.00015595352 | I3: -0.034215424 | J3: -1.4112447e-07 | K3: 0.19788618 | L3: -0.0031988472 | M3: 0.19883658 | N3: 0.00034924465 | O3: -0.037526673 | P3: 0.0011158353 | Q3: 0.19907962 | R3: 0.0085059071 | S3: 0.22426396 | T3: =ABS(H3-N3) -> 0.00050519817 | U3: =ABS(I3-O3) -> 0.0033112484 | V3: =ABS(J3-P3) -> 0.0011159764 | W3: =ABS(K3-Q3) -> 0.0011934377 | X3: =ABS(L3-R3) -> 0.011704754 | Y3: =ABS(M3-S3) -> 0.025427383
A4: 0.4 | B4: 0.14 | C4: 1.571 | D4: 0.785 | E4: 0 | F4: 0 | G4: 0 | H4: -0.00024353998 | I4: -0.058889583 | J4: -5.925406e-05 | K4: 0.25050288 | L4: 0.00098302215 | M4: 0.25498384 | N4: -1.340093e-22 | O4: -0.070452667 | P4: -1.4349321e-05 | Q4: 0.23762857 | R4: -6.5534877e-05 | S4: 0.32176484 | T4: =ABS(H4-N4) -> 0.00024353998 | U4: =ABS(I4-O4) -> 0.011563084 | V4: =ABS(J4-P4) -> 4.4904739e-05 | W4: =ABS(K4-Q4) -> 0.01287431 | X4: =ABS(L4-R4) -> 0.001048557 | Y4: =ABS(M4-S4) -> 0.066780998
A5: 0.6 | B5: 0.16 | C5: 1.571 | D5: 0.785 | E5: 1.4 | F5: 0 | G5: 0 | H5: 0.0022863355 | I5: -0.11987079 | J5: -0.0069630081 | K5: 0.31022596 | L5: -0.023233078 | M5: 0.50102174 | N5: 0.0028995644 | O5: -0.12420912 | P5: 0.0061168227 | Q5: 0.25137973 | R5: 0.032630825 | S5: 0.54382019 | T5: =ABS(H5-N5) -> 0.000613229 | U5: =ABS(I5-O5) -> 0.0043383335 | V5: =ABS(J5-P5) -> 0.013079831 | W5: =ABS(K5-Q5) -> 0.058846233 | X5: =ABS(L5-R5) -> 0.055863904 | Y5: =ABS(M5-S5) -> 0.042798445
A6: 0.4 | B6: 0.06 | C6: 1.571 | D6: 1.571 | E6: 1.4 | F6: 0 | G6: 0 | H6: 0.00065225898 | I6: -0.061197262 | J6: -0.00089818926 | K6: -0.0019721901 | L6: -0.0057942867 | M6: 0.38675421 | N6: 0.00036837551 | O6: -0.059881038 | P6: -3.1737754e-05 | Q6: -0.022144283 | R6: -0.00034790357 | S6: 0.39938546 | T6: =ABS(H6-N6) -> 0.00028388347 | U6: =ABS(I6-O6) -> 0.0013162244 | V6: =ABS(J6-P6) -> 0.00086645151 | W6: =ABS(K6-Q6) -> 0.020172093 | X6: =ABS(L6-R6) -> 0.0054463832 | Y6: =ABS(M6-S6) -> 0.012631247
A7: 0.8 | B7: 0.08 | C7: 1.571 | D7: 1.571 | E7: 0 | F7: 0 | G7: 0 | H7: -0.0004060925 | I7: -0.1524459 | J7: -0.001212092 | K7: -0.11741215 | L7: -0.0026462823 | M7: 0.85134244 | N7: -7.4859179e-23 | O7: -0.13520895 | P7: -2.7538441e-05 | Q7: -0.10639343 | R7: -0.00016149094 | S7: 0.7928924 | T7: =ABS(H7-N7) -> 0.0004060925 | U7: =ABS(I7-O7) -> 0.017236945 | V7: =ABS(J7-P7) -> 0.0011845536 | W7: =ABS(K7-Q7) -> 0.011018724 | X7: =ABS(L7-R7) -> 0.0024847914 | Y7: =ABS(M7-S7) -> 0.058450039
A8: 0.7 | B8: 0.16 | C8: 1.571 | D8: 1.571 | E8: 1.4 | F8: 0 | G8: 0 | H8: 0.0050521446 | I8: -0.1575374 | J8: -0.0062086973 | K8: -0.29486877 | L8: -0.028079696 | M8: 0.56537819 | N8: 0.004537287 | O8: -0.16375525 | P8: -0.00027558665 | Q8: -0.34463213 | R8: -0.010574195 | S8: 0.60919045 | T8: =ABS(H8-N8) -> 0.00051485762 | U8: =ABS(I8-O8) -> 0.0062178491 | V8: =ABS(J8-P8) -> 0.0059331107 | W8: =ABS(K8-Q8) -> 0.049763363 | X8: =ABS(L8-R8) -> 0.017505501 | Y8: =ABS(M8-S8) -> 0.043812258
A9: 0.7 | B9: 0.2 | C9: 1.571 | D9: 1.571 | E9: 0 | F9: 0 | G9: 0 | H9: 3.7113496e-05 | I9: -0.19372103 | J9: -0.0021289892 | K9: -0.41201991 | L9: -0.0011864491 | M9: 0.55889893 | N9: 8.8926488e-22 | O9: -0.17938622 | P9: -3.6536168e-05 | Q9: -0.45541348 | R9: -0.00010827267 | S9: 0.53159995 | T9: =ABS(H9-N9) -> 3.7113496e-05 | U9: =ABS(I9-O9) -> 0.014334803 | V9: =ABS(J9-P9) -> 0.002092453 | W9: =ABS(K9-Q9) -> 0.043393574 | X9: =ABS(L9-R9) -> 0.0010781764 | Y9: =ABS(M9-S9) -> 0.027298976
A10: 0.7 | B10: 0.06 | C10: 3.665 | D10: 0.785 | E10: 0 | F10: 0 | G10: 0 | H10: -0.00089350855 | I10: 0.042732272 | J10: -0.077487379 | K10: 0.62493914 | L10: -0.52349442 | M10: -0.28826642 | N10: 3.8645531e-20 | O10: 0.03831692 | P10: -0.066396203 | Q10: 0.47143568 | R10: -0.44816892 | S10: -0.25863607 | T10: =ABS(H10-N10) -> 0.00089350855 | U10: =ABS(I10-O10) -> 0.0044153518 | V10: =ABS(J10-P10) -> 0.011091177 | W10: =ABS(K10-Q10) -> 0.15350346 | X10: =ABS(L10-R10) -> 0.075325505 | Y10: =ABS(M10-S10) -> 0.029630353
A11: 0.6 | B11: 0.1 | C11: 3.665 | D11: 0.785 | E11: 0 | F11: 0 | G11: 0 | H11: -0.00089688366 | I11: 0.041764144 | J11: -0.077566296 | K11: 0.45929119 | L11: -0.41274711 | M11: -0.22374529 | N11: 1.8716693e-19 | O11: 0.043103277 | P11: -0.074690081 | Q11: 0.37355148 | R11: -0.40667026 | S11: -0.2346874 | T11: =ABS(H11-N11) -> 0.00089688366 | U11: =ABS(I11-O11) -> 0.0013391327 | V11: =ABS(J11-P11) -> 0.0028762151 | W11: =ABS(K11-Q11) -> 0.085739705 | X11: =ABS(L11-R11) -> 0.0060768556 | Y11: =ABS(M11-S11) -> 0.010942111
A12: 0.8 | B12: 0.18 | C12: 3.665 | D12: 0.785 | E12: 1.4 | F12: 0 | G12: 0 | H12: -0.00055184728 | I12: 0.066554107 | J12: -0.11961602 | K12: 0.49095398 | L12: -0.47584063 | M12: -0.25870201 | N12: 1.2036386e-06 | O12: 0.089399932 | P12: -0.15491875 | Q12: 0.30071097 | R12: -0.64208764 | S12: -0.3705312 | T12: =ABS(H12-N12) -> 0.00055305091 | U12: =ABS(I12-O12) -> 0.022845825 | V12: =ABS(J12-P12) -> 0.035302725 | W12: =ABS(K12-Q12) -> 0.19024301 | X12: =ABS(L12-R12) -> 0.16624701 | Y12: =ABS(M12-S12) -> 0.11182919
A13: 0.4 | B13: 0.2 | C13: 3.665 | D13: 0.785 | E13: 1.4 | F13: 0 | G13: 0 | H13: -0.00032309396 | I13: 0.03557257 | J13: -0.061782382 | K13: 0.27096123 | L13: -0.21531303 | M13: -0.12271251 | N13: 6.9928762e-07 | O13: 0.04372147 | P13: -0.07576411 | Q13: 0.22876243 | R13: -0.2842014 | S13: -0.16400303 | T13: =ABS(H13-N13) -> 0.00032379325 | U13: =ABS(I13-O13) -> 0.0081489006 | V13: =ABS(J13-P13) -> 0.013981728 | W13: =ABS(K13-Q13) -> 0.042198799 | X13: =ABS(L13-R13) -> 0.068888371 | Y13: =ABS(M13-S13) -> 0.041290518
A14: 0.4 | B14: 0.1 | C14: 3.665 | D14: 1.571 | E14: 1.4 | F14: 0 | G14: 0 | H14: -0.00071692816 | I14: 0.035600811 | J14: -0.062020469 | K14: -0.0065964758 | L14: -0.30639431 | M14: -0.17468151 | N14: 2.4125491e-07 | O14: 0.037964214 | P14: -0.065785037 | Q14: -0.018593307 | R14: -0.34607329 | S14: -0.19971722 | T14: =ABS(H14-N14) -> 0.00071716941 | U14: =ABS(I14-O14) -> 0.0023634024 | V14: =ABS(J14-P14) -> 0.0037645678 | W14: =ABS(K14-Q14) -> 0.011996831 | X14: =ABS(L14-R14) -> 0.039678986 | Y14: =ABS(M14-S14) -> 0.025035709
... A17: 0.3 | B17: 0.18 | C17: 3.665 | D17: 1.571 | E17: 0 | F17: 0 | G17: 0 | H17: -0.000621774 | I17: 0.032626789 | J17: -0.057201467 | K17: -0.027179472 | L17: -0.19488391 | M17: -0.10984056 | N17: -1.5151261e-18 | O17: 0.039953476 | P17: -0.069232053 | Q17: -0.07638979 | R17: -0.25127154 | S17: -0.14500756 | T17: =ABS(H17-N17) -> 0.000621774 | U17: =ABS(I17-O17) -> 0.0073266866 | V17: =ABS(J17-P17) -> 0.012030586 | W17: =ABS(K17-Q17) -> 0.049210318 | X17: =ABS(L17-R17) -> 0.056387623 | Y17: =ABS(M17-S17) -> 0.035167005

Sheet Distal Validation (single)
A1: Ground Truth | H1: 6-Axis FT Sensor | N1: SoRoSim get_distal_value | S1: Distal Errors | W1: Mean Average Error
A2: F (N) | B2: s (m) | C2: roll (rad) | D2: pitch (deg) | E2: tau1 (N) | F2: tau2 (N) | G2: tau3 (N) | H2: Tx (Nm) | I2: Ty (Nm) | J2: Tz(Nm) | K2: Fx (N) | L2: Fy (N) | M2: Fz (N) | N2: F (N) | O2: s (m) | P2: roll (rad) | Q2: pitch (deg) | R2: f_final | S2: Force Error | T2: Position Error | U2: Roll Error | V2: Pitch Error | W2: Force Error | X2: Position Error | Y2: Roll Error | Z2: Pitch Error
A3: ='Proximal Validation (single)'!A3 -> 0.3 | B3: ='Proximal Validation (single)'!B3 -> 0.08 | C3: ='Proximal Validation (single)'!C3 -> 1.571 | D3: ='Proximal Validation (single)'!D3 -> 0.785 | E3: ='Proximal Validation (single)'!E3 -> 1.4 | F3: ='Proximal Validation (single)'!F3 -> 0 | G3: ='Proximal Validation (single)'!G3 -> 0 | H3: ='Proximal Validation (single)'!H3 -> -0.00015595352 | ... M3: ='Proximal Validation (single)'!M3 -> 0.19883658 | N3: 0.28055119 | O3: 0.084875749 | P3: 1.6328522 | Q3: 0.7289027 | R3: 1.0626078e-06 | S3: =ABS(N3-A3) -> 0.019448813 | T3: =ABS(O3-B3) -> 0.0048757486 | U3: =ABS(P3-C3) -> 0.061852223 | V3: =ABS(Q3-D3) -> 0.056097301 | W3: =AVERAGE(S3:S17) -> 0.04848864 | X3: =AVERAGE(T3:T17) -> 0.011015563 | Y3: =AVERAGE(U3:U17) -> 0.024026798 | Z3: =AVERAGE(V3:V17) -> 0.096009575
A4: ='Proximal Validation (single)'!A4 -> 0.4 | B4: ='Proximal Validation (single)'!B4 -> 0.14 | C4: ='Proximal Validation (single)'!C4 -> 1.571 | D4: ='Proximal Validation (single)'!D4 -> 0.785 | E4: ='Proximal Validation (single)'!E4 -> 0 | F4: ='Proximal Validation (single)'!F4 -> 0 | G4: ='Proximal Validation (single)'!G4 -> 0 | H4: ='Proximal Validation (single)'!H4 -> -0.00024353998 | ... M4: ='Proximal Validation (single)'!M4 -> 0.25498384 | N4: 0.35744851 | O4: 0.15641594 | P4: 1.5671873 | Q4: 0.65043615 | R4: 1.3712067e-07 | S4: =ABS(N4-A4) -> 0.042551487 | T4: =ABS(O4-B4) -> 0.016415939 | U4: =ABS(P4-C4) -> 0.0038127177 | V4: =ABS(Q4-D4) -> 0.13456385 | Y4: =DEGREES(Y3) -> 1.3766341 | Z4: =DEGREES(Z3) -> 5.5009434
A5: ='Proximal Validation (single)'!A5 -> 0.6 | B5: ='Proximal Validation (single)'!B5 -> 0.16 | C5: ='Proximal Validation (single)'!C5 -> 1.571 | D5: ='Proximal Validation (single)'!D5 -> 0.785 | E5: ='Proximal Validation (single)'!E5 -> 1.4 | F5: ='Proximal Validation (single)'!F5 -> 0 | G5: ='Proximal Validation (single)'!G5 -> 0 | H5: ='Proximal Validation (single)'!H5 -> 0.0022863355 | ... M5: ='Proximal Validation (single)'!M5 -> 0.50102174 | N5: 0.5897767 | O5: 0.1841097 | P5: 1.7144404 | Q5: 0.63000994 | R5: 1.9654298e-06 | S5: =ABS(N5-A5) -> 0.0102233 | T5: =ABS(O5-B5) -> 0.024109701 | U5: =ABS(P5-C5) -> 0.14344044 | V5: =ABS(Q5-D5) -> 0.15499006
A6: ='Proximal Validation (single)'!A6 -> 0.4 | B6: ='Proximal Validation (single)'!B6 -> 0.06 | C6: ='Proximal Validation (single)'!C6 -> 1.571 | D6: ='Proximal Validation (single)'!D6 -> 1.571 | E6: ='Proximal Validation (single)'!E6 -> 1.4 | F6: ='Proximal Validation (single)'!F6 -> 0 | G6: ='Proximal Validation (single)'!G6 -> 0 | H6: ='Proximal Validation (single)'!H6 -> 0.00065225898 | ... M6: ='Proximal Validation (single)'!M6 -> 0.38675421 | N6: 0.38680275 | O6: 0.068412599 | P6: 1.5870359 | Q6: 1.5093067 | R6: 3.4747943e-08 | S6: =ABS(N6-A6) -> 0.013197252 | T6: =ABS(O6-B6) -> 0.0084125987 | U6: =ABS(P6-C6) -> 0.016035934 | V6: =ABS(Q6-D6) -> 0.061693349
A7: ='Proximal Validation (single)'!A7 -> 0.8 | B7: ='Proximal Validation (single)'!B7 -> 0.08 | C7: ='Proximal Validation (single)'!C7 -> 1.571 | D7: ='Proximal Validation (single)'!D7 -> 1.571 | E7: ='Proximal Validation (single)'!E7 -> 0 | F7: ='Proximal Validation (single)'!F7 -> 0 | G7: ='Proximal Validation (single)'!G7 -> 0 | H7: ='Proximal Validation (single)'!H7 -> -0.0004060925 | ... M7: ='Proximal Validation (single)'!M7 -> 0.85134244 | N7: 0.85940665 | O7: 0.088386432 | P7: 1.5740551 | Q7: 1.5324403 | R7: 6.929637e-07 | S7: =ABS(N7-A7) -> 0.059406648 | T7: =ABS(O7-B7) -> 0.0083864325 | U7: =ABS(P7-C7) -> 0.0030551322 | V7: =ABS(Q7-D7) -> 0.038559705
A8: ='Proximal Validation (single)'!A8 -> 0.7 | B8: ='Proximal Validation (single)'!B8 -> 0.16 | C8: ='Proximal Validation (single)'!C8 -> 1.571 | D8: ='Proximal Validation (single)'!D8 -> 1.571 | E8: ='Proximal Validation (single)'!E8 -> 1.4 | F8: ='Proximal Validation (single)'!F8 -> 0 | G8: ='Proximal Validation (single)'!G8 -> 0 | H8: ='Proximal Validation (single)'!H8 -> 0.0050521446 | ... M8: ='Proximal Validation (single)'!M8 -> 0.56537819 | N8: 0.63827497 | O8: 0.17068498 | P8: 1.6070044 | Q8: 1.5159746 | R8: 8.0174128e-07 | S8: =ABS(N8-A8) -> 0.061725032 | T8: =ABS(O8-B8) -> 0.010684979 | U8: =ABS(P8-C8) -> 0.03600439 | V8: =ABS(Q8-D8) -> 0.055025412
A9: ='Proximal Validation (single)'!A9 -> 0.7 | B9: ='Proximal Validation (single)'!B9 -> 0.2 | C9: ='Proximal Validation (single)'!C9 -> 1.571 | D9: ='Proximal Validation (single)'!D9 -> 1.571 | E9: ='Proximal Validation (single)'!E9 -> 0 | F9: ='Proximal Validation (single)'!F9 -> 0 | G9: ='Proximal Validation (single)'!G9 -> 0 | H9: ='Proximal Validation (single)'!H9 -> 3.7113496e-05 | ... M9: ='Proximal Validation (single)'!M9 -> 0.55889893 | N9: 0.69709308 | O9: 0.2 | P9: 1.5738215 | Q9: 1.495191 | R9: 0.00011399899 | S9: =ABS(N9-A9) -> 0.0029069247 | T9: =ABS(O9-B9) -> 0 | U9: =ABS(P9-C9) -> 0.0028215159 | V9: =ABS(Q9-D9) -> 0.075808978
A10: ='Proximal Validation (single)'!A10 -> 0.7 | B10: ='Proximal Validation (single)'!B10 -> 0.06 | C10: ='Proximal Validation (single)'!C10 -> 3.665 | D10: ='Proximal Validation (single)'!D10 -> 0.785 | E10: ='Proximal Validation (single)'!E10 -> 0 | F10: ='Proximal Validation (single)'!F10 -> 0 | G10: ='Proximal Validation (single)'!G10 -> 0 | H10: ='Proximal Validation (single)'!H10 -> -0.00089350855 | ... M10: ='Proximal Validation (single)'!M10 -> -0.28826642 | N10: 0.86469282 | O10: 0.060503371 | P10: 3.6449544 | Q10: 0.70865228 | R10: 8.0135962e-07 | S10: =ABS(N10-A10) -> 0.16469282 | T10: =ABS(O10-B10) -> 0.00050337056 | U10: =ABS(P10-C10) -> 0.020045624 | V10: =ABS(Q10-D10) -> 0.076347716
A11: ='Proximal Validation (single)'!A11 -> 0.6 | B11: ='Proximal Validation (single)'!B11 -> 0.1 | C11: ='Proximal Validation (single)'!C11 -> 3.665 | D11: ='Proximal Validation (single)'!D11 -> 0.785 | E11: ='Proximal Validation (single)'!E11 -> 0 | F11: ='Proximal Validation (single)'!F11 -> 0 | G11: ='Proximal Validation (single)'!G11 -> 0 | H11: ='Proximal Validation (single)'!H11 -> -0.00089688366 | ... M11: ='Proximal Validation (single)'!M11 -> -0.22374529 | N11: 0.65678838 | O11: 0.10680022 | P11: 3.6382449 | Q11: 0.6702634 | R11: 8.6445704e-07 | S11: =ABS(N11-A11) -> 0.056788381 | T11: =ABS(O11-B11) -> 0.0068002198 | U11: =ABS(P11-C11) -> 0.026755106 | V11: =ABS(Q11-D11) -> 0.1147366
A12: ='Proximal Validation (single)'!A12 -> 0.8 | B12: ='Proximal Validation (single)'!B12 -> 0.18 | C12: ='Proximal Validation (single)'!C12 -> 3.665 | D12: ='Proximal Validation (single)'!D12 -> 0.785 | E12: ='Proximal Validation (single)'!E12 -> 1.4 | F12: ='Proximal Validation (single)'!F12 -> 0 | G12: ='Proximal Validation (single)'!G12 -> 0 | H12: ='Proximal Validation (single)'!H12 -> -0.00055184728 | ... M12: ='Proximal Validation (single)'!M12 -> -0.25870201 | N12: 0.73168297 | O12: 0.2 | P12: 3.643481 | Q12: 0.5452049 | R12: 2.2333612e-05 | S12: =ABS(N12-A12) -> 0.06831703 | T12: =ABS(O12-B12) -> 0.02 | U12: =ABS(P12-C12) -> 0.02151901 | V12: =ABS(Q12-D12) -> 0.2397951
A13: ='Proximal Validation (single)'!A13 -> 0.4 | B13: ='Proximal Validation (single)'!B13 -> 0.2 | C13: ='Proximal Validation (single)'!C13 -> 3.665 | D13: ='Proximal Validation (single)'!D13 -> 0.785 | E13: ='Proximal Validation (single)'!E13 -> 1.4 | F13: ='Proximal Validation (single)'!F13 -> 0 | G13: ='Proximal Validation (single)'!G13 -> 0 | H13: ='Proximal Validation (single)'!H13 -> -0.00032309396 | ... M13: ='Proximal Validation (single)'!M13 -> -0.12271251 | N13: 0.36797289 | O13: 0.2 | P13: 3.6606034 | Q13: 0.63571464 | R13: 2.4420756e-05 | S13: =ABS(N13-A13) -> 0.032027113 | T13: =ABS(O13-B13) -> 0 | U13: =ABS(P13-C13) -> 0.0043966228 | V13: =ABS(Q13-D13) -> 0.14928536
A14: ='Proximal Validation (single)'!A14 -> 0.4 | B14: ='Proximal Validation (single)'!B14 -> 0.1 | C14: ='Proximal Validation (single)'!C14 -> 3.665 | D14: ='Proximal Validation (single)'!D14 -> 1.571 | E14: ='Proximal Validation (single)'!E14 -> 1.4 | F14: ='Proximal Validation (single)'!F14 -> 0 | G14: ='Proximal Validation (single)'!G14 -> 0 | H14: ='Proximal Validation (single)'!H14 -> -0.00071692816 | ... M14: ='Proximal Validation (single)'!M14 -> -0.17468151 | N14: 0.35275373 | O14: 0.11275991 | P14: 3.6598845 | Q14: 1.5375107 | R14: 5.6655765e-07 | S14: =ABS(N14-A14) -> 0.047246268 | T14: =ABS(O14-B14) -> 0.012759906 | U14: =ABS(P14-C14) -> 0.0051154616 | V14: =ABS(Q14-D14) -> 0.033489331
A15: ='Proximal Validation (single)'!A15 -> 0.7 | B15: ='Proximal Validation (single)'!B15 -> 0.1 | C15: ='Proximal Validation (single)'!C15 -> 3.665 | D15: ='Proximal Validation (single)'!D15 -> 1.571 | E15: ='Proximal Validation (single)'!E15 -> 1.4 | F15: ='Proximal Validation (single)'!F15 -> 0 | G15: ='Proximal Validation (single)'!G15 -> 0 | H15: ='Proximal Validation (single)'!H15 -> -0.0012405822 | ... M15: ='Proximal Validation (single)'!M15 -> -0.33820248 | N15: 0.68562412 | O15: 0.11198197 | P15: 3.6595325 | Q15: 1.4909782 | R15: 2.0903459e-06 | S15: =ABS(N15-A15) -> 0.014375875 | T15: =ABS(O15-B15) -> 0.011981965 | U15: =ABS(P15-C15) -> 0.0054675465 | V15: =ABS(Q15-D15) -> 0.080021837
A16: ='Proximal Validation (single)'!A16 -> 0.4 | B16: ='Proximal Validation (single)'!B16 -> 0.16 | C16: ='Proximal Validation (single)'!C16 -> 3.665 | D16: ='Proximal Validation (single)'!D16 -> 1.571 | E16: ='Proximal Validation (single)'!E16 -> 0 | F16: ='Proximal Validation (single)'!F16 -> 0 | G16: ='Proximal Validation (single)'!G16 -> 0 | H16: ='Proximal Validation (single)'!H16 -> -0.00071821292 | ... M16: ='Proximal Validation (single)'!M16 -> -0.16520524 | N16: 0.33988825 | O16: 0.18030259 | P16: 3.6653139 | Q16: 1.5119993 | R16: 9.3741934e-07 | S16: =ABS(N16-A16) -> 0.060111747 | T16: =ABS(O16-B16) -> 0.020302589 | U16: =ABS(P16-C16) -> 0.00031388765 | V16: =ABS(Q16-D16) -> 0.05900071
A17: ='Proximal Validation (single)'!A17 -> 0.3 | B17: ='Proximal Validation (single)'!B17 -> 0.18 | C17: ='Proximal Validation (single)'!C17 -> 3.665 | D17: ='Proximal Validation (single)'!D17 -> 1.571 | E17: ='Proximal Validation (single)'!E17 -> 0 | F17: ='Proximal Validation (single)'!F17 -> 0 | G17: ='Proximal Validation (single)'!G17 -> 0 | H17: ='Proximal Validation (single)'!H17 -> -0.000621774 | ... M17: ='Proximal Validation (single)'!M17 -> -0.10984056 | N17: 0.2256891 | O17: 0.2 | P17: 3.6552336 | Q17: 1.4602717 | R17: 2.0101246e-06 | S17: =ABS(N17-A17) -> 0.074310904 | T17: =ABS(O17-B17) -> 0.02 | U17: =ABS(P17-C17) -> 0.009766366 | V17: =ABS(Q17-D17) -> 0.11072831

Sheet Distal Vali (0.2 prop noise)
A1: Ground Truth | H1: 6-Axis FT Sensor | N1: SoRoSim get_distal_value | S1: Distal Errors | W1: Mean Average Error
A2: F (N) | B2: s (m) | C2: roll (rad) | D2: pitch (deg) | E2: tau1 (N) | F2: tau2 (N) | G2: tau3 (N) | H2: Tx (Nm) | I2: Ty (Nm) | J2: Tz(Nm) | K2: Fx (N) | L2: Fy (N) | M2: Fz (N) | N2: F (N) | O2: s (m) | P2: roll (rad) | Q2: pitch (deg) | R2: f_final | S2: Force Error | T2: Position Error | U2: Roll Error | V2: Pitch Error | W2: Force Error | X2: Position Error | Y2: Roll Error | Z2: Pitch Error
A3: ='Proximal Validation (single)'!A3 -> 0.3 | B3: ='Proximal Validation (single)'!B3 -> 0.08 | C3: ='Proximal Validation (single)'!C3 -> 1.571 | D3: ='Proximal Validation (single)'!D3 -> 0.785 | E3: ='Proximal Validation (single)'!E3 -> 1.4 | F3: ='Proximal Validation (single)'!F3 -> 0 | G3: ='Proximal Validation (single)'!G3 -> 0 | H3: ='Proximal Validation (single)'!H3 -> -0.00015595352 | ... M3: ='Proximal Validation (single)'!M3 -> 0.19883658 | N3: 0.25546831 | O3: 0.078868414 | P3: 1.6181648 | Q3: 0.88264412 | R3: 7.8113582e-07 | S3: =ABS(N3-A3) -> 0.044531693 | T3: =ABS(O3-B3) -> 0.0011315859 | U3: =ABS(P3-C3) -> 0.047164801 | V3: =ABS(Q3-D3) -> 0.097644116 | W3: =AVERAGE(S3:S17) -> 0.052476209 | X3: =AVERAGE(T3:T17) -> 0.035238876 | Y3: =AVERAGE(U3:U17) -> 0.019772421 | Z3: =AVERAGE(V3:V17) -> 0.081219274
A4: ='Proximal Validation (single)'!A4 -> 0.4 | B4: ='Proximal Validation (single)'!B4 -> 0.14 | C4: ='Proximal Validation (single)'!C4 -> 1.571 | D4: ='Proximal Validation (single)'!D4 -> 0.785 | E4: ='Proximal Validation (single)'!E4 -> 0 | F4: ='Proximal Validation (single)'!F4 -> 0 | G4: ='Proximal Validation (single)'!G4 -> 0 | H4: ='Proximal Validation (single)'!H4 -> -0.00024353998 | ... M4: ='Proximal Validation (single)'!M4 -> 0.25498384 | N4: 0.32609333 | O4: 0.14396765 | P4: 1.567182 | Q4: 0.8111768 | R4: 8.7486293e-08 | S4: =ABS(N4-A4) -> 0.073906668 | T4: =ABS(O4-B4) -> 0.0039676514 | U4: =ABS(P4-C4) -> 0.0038179823 | V4: =ABS(Q4-D4) -> 0.026176797 | Y4: =DEGREES(Y3) -> 1.1328763 | Z4: =DEGREES(Z3) -> 4.6535216
A5: ='Proximal Validation (single)'!A5 -> 0.6 | B5: ='Proximal Validation (single)'!B5 -> 0.16 | C5: ='Proximal Validation (single)'!C5 -> 1.571 | D5: ='Proximal Validation (single)'!D5 -> 0.785 | E5: ='Proximal Validation (single)'!E5 -> 1.4 | F5: ='Proximal Validation (single)'!F5 -> 0 | G5: ='Proximal Validation (single)'!G5 -> 0 | H5: ='Proximal Validation (single)'!H5 -> 0.0022863355 | ... M5: ='Proximal Validation (single)'!M5 -> 0.50102174 | N5: 0.57078976 | O5: 0.16313418 | P5: 1.6797349 | Q5: 0.79738512 | R5: 9.2837655e-06 | S5: =ABS(N5-A5) -> 0.029210235 | T5: =ABS(O5-B5) -> 0.0031341772 | U5: =ABS(P5-C5) -> 0.10873492 | V5: =ABS(Q5-D5) -> 0.012385124
A6: ='Proximal Validation (single)'!A6 -> 0.4 | B6: ='Proximal Validation (single)'!B6 -> 0.06 | C6: ='Proximal Validation (single)'!C6 -> 1.571 | D6: ='Proximal Validation (single)'!D6 -> 1.571 | E6: ='Proximal Validation (single)'!E6 -> 1.4 | F6: ='Proximal Validation (single)'!F6 -> 0 | G6: ='Proximal Validation (single)'!G6 -> 0 | H6: ='Proximal Validation (single)'!H6 -> 0.00065225898 | ... M6: ='Proximal Validation (single)'!M6 -> 0.38675421 | N6: 0.40034286 | O6: 0.063789558 | P6: 1.5866718 | Q6: 1.5139212 | R6: 1.2081843e-07 | S6: =ABS(N6-A6) -> 0.00034285872 | T6: =ABS(O6-B6) -> 0.0037895579 | U6: =ABS(P6-C6) -> 0.015671849 | V6: =ABS(Q6-D6) -> 0.057078785
A7: ='Proximal Validation (single)'!A7 -> 0.8 | B7: ='Proximal Validation (single)'!B7 -> 0.08 | C7: ='Proximal Validation (single)'!C7 -> 1.571 | D7: ='Proximal Validation (single)'!D7 -> 1.571 | E7: ='Proximal Validation (single)'!E7 -> 0 | F7: ='Proximal Validation (single)'!F7 -> 0 | G7: ='Proximal Validation (single)'!G7 -> 0 | H7: ='Proximal Validation (single)'!H7 -> -0.0004060925 | ... M7: ='Proximal Validation (single)'!M7 -> 0.85134244 | N7: 0.88572261 | O7: 0.083569789 | P7: 1.573951 | Q7: 1.5112354 | R7: 1.3970316e-07 | S7: =ABS(N7-A7) -> 0.085722612 | T7: =ABS(O7-B7) -> 0.0035697895 | U7: =ABS(P7-C7) -> 0.0029509948 | V7: =ABS(Q7-D7) -> 0.059764624
A8: ='Proximal Validation (single)'!A8 -> 0.7 | B8: ='Proximal Validation (single)'!B8 -> 0.16 | C8: ='Proximal Validation (single)'!C8 -> 1.571 | D8: ='Proximal Validation (single)'!D8 -> 1.571 | E8: ='Proximal Validation (single)'!E8 -> 1.4 | F8: ='Proximal Validation (single)'!F8 -> 0 | G8: ='Proximal Validation (single)'!G8 -> 0 | H8: ='Proximal Validation (single)'!H8 -> 0.0050521446 | ... M8: ='Proximal Validation (single)'!M8 -> 0.56537819 | N8: 0.62779647 | O8: 0.1700651 | P8: 1.6160766 | Q8: 1.4155644 | R8: 6.9471786e-06 | S8: =ABS(N8-A8) -> 0.072203535 | T8: =ABS(O8-B8) -> 0.010065102 | U8: =ABS(P8-C8) -> 0.045076604 | V8: =ABS(Q8-D8) -> 0.15543557
A9: ='Proximal Validation (single)'!A9 -> 0.7 | B9: ='Proximal Validation (single)'!B9 -> 0.2 | C9: ='Proximal Validation (single)'!C9 -> 1.571 | D9: ='Proximal Validation (single)'!D9 -> 1.571 | E9: ='Proximal Validation (single)'!E9 -> 0 | F9: ='Proximal Validation (single)'!F9 -> 0 | G9: ='Proximal Validation (single)'!G9 -> 0 | H9: ='Proximal Validation (single)'!H9 -> 3.7113496e-05 | ... M9: ='Proximal Validation (single)'!M9 -> 0.55889893 | N9: 0.66248085 | O9: 0.2 | P9: 1.5733654 | Q9: 1.3940778 | R9: 0.00021300105 | S9: =ABS(N9-A9) -> 0.037519146 | T9: =ABS(O9-B9) -> 0 | U9: =ABS(P9-C9) -> 0.0023653769 | V9: =ABS(Q9-D9) -> 0.17692216
A10: ='Proximal Validation (single)'!A10 -> 0.7 | B10: ='Proximal Validation (single)'!B10 -> 0.06 | C10: ='Proximal Validation (single)'!C10 -> 3.665 | D10: ='Proximal Validation (single)'!D10 -> 0.785 | E10: ='Proximal Validation (single)'!E10 -> 0 | F10: ='Proximal Validation (single)'!F10 -> 0 | G10: ='Proximal Validation (single)'!G10 -> 0 | H10: ='Proximal Validation (single)'!H10 -> -0.00089350855 | ... M10: ='Proximal Validation (single)'!M10 -> -0.28826642 | N10: 0.78011866 | O10: 0.013891682 | P10: 3.6489647 | Q10: 0.90957979 | R10: 0.00019591919 | S10: =ABS(N10-A10) -> 0.080118658 | T10: =ABS(O10-B10) -> 0.046108318 | U10: =ABS(P10-C10) -> 0.016035315 | V10: =ABS(Q10-D10) -> 0.12457979
A11: ='Proximal Validation (single)'!A11 -> 0.6 | B11: ='Proximal Validation (single)'!B11 -> 0.1 | C11: ='Proximal Validation (single)'!C11 -> 3.665 | D11: ='Proximal Validation (single)'!D11 -> 0.785 | E11: ='Proximal Validation (single)'!E11 -> 0 | F11: ='Proximal Validation (single)'!F11 -> 0 | G11: ='Proximal Validation (single)'!G11 -> 0 | H11: ='Proximal Validation (single)'!H11 -> -0.00089688366 | ... M11: ='Proximal Validation (single)'!M11 -> -0.22374529 | N11: 0.59833706 | O11: 0.040348393 | P11: 3.6436114 | Q11: 0.92307624 | R11: 0.00018216529 | S11: =ABS(N11-A11) -> 0.0016629369 | T11: =ABS(O11-B11) -> 0.059651607 | U11: =ABS(P11-C11) -> 0.021388644 | V11: =ABS(Q11-D11) -> 0.13807624
A12: ='Proximal Validation (single)'!A12 -> 0.8 | B12: ='Proximal Validation (single)'!B12 -> 0.18 | C12: ='Proximal Validation (single)'!C12 -> 3.665 | D12: ='Proximal Validation (single)'!D12 -> 0.785 | E12: ='Proximal Validation (single)'!E12 -> 1.4 | F12: ='Proximal Validation (single)'!F12 -> 0 | G12: ='Proximal Validation (single)'!G12 -> 0 | H12: ='Proximal Validation (single)'!H12 -> -0.00055184728 | ... M12: ='Proximal Validation (single)'!M12 -> -0.25870201 | N12: 0.67321896 | O12: 0.088417225 | P12: 3.6487541 | Q12: 0.92163845 | R12: 0.00050169106 | S12: =ABS(N12-A12) -> 0.12678104 | T12: =ABS(O12-B12) -> 0.091582775 | U12: =ABS(P12-C12) -> 0.016245852 | V12: =ABS(Q12-D12) -> 0.13663845
A13: ='Proximal Validation (single)'!A13 -> 0.4 | B13: ='Proximal Validation (single)'!B13 -> 0.2 | C13: ='Proximal Validation (single)'!C13 -> 3.665 | D13: ='Proximal Validation (single)'!D13 -> 0.785 | E13: ='Proximal Validation (single)'!E13 -> 1.4 | F13: ='Proximal Validation (single)'!F13 -> 0 | G13: ='Proximal Validation (single)'!G13 -> 0 | H13: ='Proximal Validation (single)'!H13 -> -0.00032309396 | ... M13: ='Proximal Validation (single)'!M13 -> -0.12271251 | N13: 0.32911599 | O13: 0.11345413 | P13: 3.6698591 | Q13: 0.87160758 | R13: 0.00013345208 | S13: =ABS(N13-A13) -> 0.070884007 | T13: =ABS(O13-B13) -> 0.086545873 | U13: =ABS(P13-C13) -> 0.0048591378 | V13: =ABS(Q13-D13) -> 0.086607582
A14: ='Proximal Validation (single)'!A14 -> 0.4 | B14: ='Proximal Validation (single)'!B14 -> 0.1 | C14: ='Proximal Validation (single)'!C14 -> 3.665 | D14: ='Proximal Validation (single)'!D14 -> 1.571 | E14: ='Proximal Validation (single)'!E14 -> 1.4 | F14: ='Proximal Validation (single)'!F14 -> 0 | G14: ='Proximal Validation (single)'!G14 -> 0 | H14: ='Proximal Validation (single)'!H14 -> -0.00071692816 | ... M14: ='Proximal Validation (single)'!M14 -> -0.17468151 | N14: 0.36396813 | O14: 0.0518994 | P14: 3.6659593 | Q14: 1.5894261 | R14: 0.0001348874 | S14: =ABS(N14-A14) -> 0.036031871 | T14: =ABS(O14-B14) -> 0.0481006 | U14: =ABS(P14-C14) -> 0.00095929177 | V14: =ABS(Q14-D14) -> 0.018426104
A15: ='Proximal Validation (single)'!A15 -> 0.7 | B15: ='Proximal Validation (single)'!B15 -> 0.1 | C15: ='Proximal Validation (single)'!C15 -> 3.665 | D15: ='Proximal Validation (single)'!D15 -> 1.571 | E15: ='Proximal Validation (single)'!E15 -> 1.4 | F15: ='Proximal Validation (single)'!F15 -> 0 | G15: ='Proximal Validation (single)'!G15 -> 0 | H15: ='Proximal Validation (single)'!H15 -> -0.0012405822 | ... M15: ='Proximal Validation (single)'!M15 -> -0.33820248 | N15: 0.70644217 | O15: 0.051514762 | P15: 3.6655389 | Q15: 1.6118386 | R15: 0.00051611101 | S15: =ABS(N15-A15) -> 0.0064421718 | T15: =ABS(O15-B15) -> 0.048485238 | U15: =ABS(P15-C15) -> 0.00053886038 | V15: =ABS(Q15-D15) -> 0.040838562
A16: ='Proximal Validation (single)'!A16 -> 0.4 | B16: ='Proximal Validation (single)'!B16 -> 0.16 | C16: ='Proximal Validation (single)'!C16 -> 3.665 | D16: ='Proximal Validation (single)'!D16 -> 1.571 | E16: ='Proximal Validation (single)'!E16 -> 0 | F16: ='Proximal Validation (single)'!F16 -> 0 | G16: ='Proximal Validation (single)'!G16 -> 0 | H16: ='Proximal Validation (single)'!H16 -> -0.00071821292 | ... M16: ='Proximal Validation (single)'!M16 -> -0.16520524 | N16: 0.34645629 | O16: 0.10226964 | P16: 3.6749292 | Q16: 1.6505159 | R16: 0.00022799265 | S16: =ABS(N16-A16) -> 0.053543706 | T16: =ABS(O16-B16) -> 0.057730363 | U16: =ABS(P16-C16) -> 0.0099292128 | V16: =ABS(Q16-D16) -> 0.079515931
A17: ='Proximal Validation (single)'!A17 -> 0.3 | B17: ='Proximal Validation (single)'!B17 -> 0.18 | C17: ='Proximal Validation (single)'!C17 -> 3.665 | D17: ='Proximal Validation (single)'!D17 -> 1.571 | E17: ='Proximal Validation (single)'!E17 -> 0 | F17: ='Proximal Validation (single)'!F17 -> 0 | G17: ='Proximal Validation (single)'!G17 -> 0 | H17: ='Proximal Validation (single)'!H17 -> -0.000621774 | ... M17: ='Proximal Validation (single)'!M17 -> -0.10984056 | N17: 0.231758 | O17: 0.1152795 | P17: 3.6658475 | Q17: 1.5791993 | R17: 0.00011344985 | S17: =ABS(N17-A17) -> 0.068242003 | T17: =ABS(O17-B17) -> 0.064720499 | U17: =ABS(P17-C17) -> 0.00084748041 | V17: =ABS(Q17-D17) -> 0.0081992741

Sheet Distal Vali (add noise)
A1: Ground Truth | H1: 6-Axis FT Sensor | N1: SoRoSim get_distal_value | S1: Distal Errors | W1: Mean Average Error
A2: F (N) | B2: s (m) | C2: roll (rad) | D2: pitch (deg) | E2: tau1 (N) | F2: tau2 (N) | G2: tau3 (N) | H2: Tx (Nm) | I2: Ty (Nm) | J2: Tz(Nm) | K2: Fx (N) | L2: Fy (N) | M2: Fz (N) | N2: F (N) | O2: s (m) | P2: roll (rad) | Q2: pitch (deg) | R2: f_final | S2: Force Error | T2: Position Error | U2: Roll Error | V2: Pitch Error | W2: Force Error | X2: Position Error | Y2: Roll Error | Z2: Pitch Error
A3: ='Proximal Validation (single)'!A3 -> 0.3 | B3: ='Proximal Validation (single)'!B3 -> 0.08 | C3: ='Proximal Validation (single)'!C3 -> 1.571 | D3: ='Proximal Validation (single)'!D3 -> 0.785 | E3: ='Proximal Validation (single)'!E3 -> 1.4 | F3: ='Proximal Validation (single)'!F3 -> 0 | G3: ='Proximal Validation (single)'!G3 -> 0 | H3: ='Proximal Validation (single)'!H3 -> -0.00015595352 | ... M3: ='Proximal Validation (single)'!M3 -> 0.19883658 | N3: 0.23105393 | O3: 0.063315371 | P3: 1.5408994 | Q3: 1.1740795 | R3: 0.00051399354 | S3: =ABS(N3-A3) -> 0.068946071 | T3: =ABS(O3-B3) -> 0.016684629 | U3: =ABS(P3-C3) -> 0.030100602 | V3: =ABS(Q3-D3) -> 0.3890795 | W3: =AVERAGE(S3:S17) -> 0.063666459 | X3: =AVERAGE(T3:T17) -> 0.023632985 | Y3: =AVERAGE(U3:U17) -> 0.03347669 | Z3: =AVERAGE(V3:V17) -> 0.16094338
A4: ='Proximal Validation (single)'!A4 -> 0.4 | B4: ='Proximal Validation (single)'!B4 -> 0.14 | C4: ='Proximal Validation (single)'!C4 -> 1.571 | D4: ='Proximal Validation (single)'!D4 -> 0.785 | E4: ='Proximal Validation (single)'!E4 -> 0 | F4: ='Proximal Validation (single)'!F4 -> 0 | G4: ='Proximal Validation (single)'!G4 -> 0 | H4: ='Proximal Validation (single)'!H4 -> -0.00024353998 | ... M4: ='Proximal Validation (single)'!M4 -> 0.25498384 | N4: 0.30354623 | O4: 0.1264764 | P4: 1.5270849 | Q4: 1.0081571 | R4: 0.00057403402 | S4: =ABS(N4-A4) -> 0.096453766 | T4: =ABS(O4-B4) -> 0.013523599 | U4: =ABS(P4-C4) -> 0.043915149 | V4: =ABS(Q4-D4) -> 0.2231571 | Y4: =DEGREES(Y3) -> 1.918073 | Z4: =DEGREES(Z3) -> 9.2213764
A5: ='Proximal Validation (single)'!A5 -> 0.6 | B5: ='Proximal Validation (single)'!B5 -> 0.16 | C5: ='Proximal Validation (single)'!C5 -> 1.571 | D5: ='Proximal Validation (single)'!D5 -> 0.785 | E5: ='Proximal Validation (single)'!E5 -> 1.4 | F5: ='Proximal Validation (single)'!F5 -> 0 | G5: ='Proximal Validation (single)'!G5 -> 0 | H5: ='Proximal Validation (single)'!H5 -> 0.0022863355 | ... M5: ='Proximal Validation (single)'!M5 -> 0.50102174 | N5: 0.55319464 | O5: 0.15886634 | P5: 1.6479885 | Q5: 0.87602659 | R5: 0.00060067033 | S5: =ABS(N5-A5) -> 0.046805365 | T5: =ABS(O5-B5) -> 0.0011336576 | U5: =ABS(P5-C5) -> 0.076988471 | V5: =ABS(Q5-D5) -> 0.091026595
A6: ='Proximal Validation (single)'!A6 -> 0.4 | B6: ='Proximal Validation (single)'!B6 -> 0.06 | C6: ='Proximal Validation (single)'!C6 -> 1.571 | D6: ='Proximal Validation (single)'!D6 -> 1.571 | E6: ='Proximal Validation (single)'!E6 -> 1.4 | F6: ='Proximal Validation (single)'!F6 -> 0 | G6: ='Proximal Validation (single)'!G6 -> 0 | H6: ='Proximal Validation (single)'!H6 -> 0.00065225898 | ... M6: ='Proximal Validation (single)'!M6 -> 0.38675421 | N6: 0.42174995 | O6: 0.058386276 | P6: 1.5468236 | Q6: 1.8042458 | R6: 0.00052720558 | S6: =ABS(N6-A6) -> 0.021749947 | T6: =ABS(O6-B6) -> 0.0016137244 | U6: =ABS(P6-C6) -> 0.024176423 | V6: =ABS(Q6-D6) -> 0.23324582
A7: ='Proximal Validation (single)'!A7 -> 0.8 | B7: ='Proximal Validation (single)'!B7 -> 0.08 | C7: ='Proximal Validation (single)'!C7 -> 1.571 | D7: ='Proximal Validation (single)'!D7 -> 1.571 | E7: ='Proximal Validation (single)'!E7 -> 0 | F7: ='Proximal Validation (single)'!F7 -> 0 | G7: ='Proximal Validation (single)'!G7 -> 0 | H7: ='Proximal Validation (single)'!H7 -> -0.0004060925 | ... M7: ='Proximal Validation (single)'!M7 -> 0.85134244 | N7: 0.90018007 | O7: 0.083124802 | P7: 1.5603917 | Q7: 1.6744127 | R7: 0.00057935679 | S7: =ABS(N7-A7) -> 0.10018007 | T7: =ABS(O7-B7) -> 0.0031248018 | U7: =ABS(P7-C7) -> 0.010608274 | V7: =ABS(Q7-D7) -> 0.10341267
A8: ='Proximal Validation (single)'!A8 -> 0.7 | B8: ='Proximal Validation (single)'!B8 -> 0.16 | C8: ='Proximal Validation (single)'!C8 -> 1.571 | D8: ='Proximal Validation (single)'!D8 -> 1.571 | E8: ='Proximal Validation (single)'!E8 -> 1.4 | F8: ='Proximal Validation (single)'!F8 -> 0 | G8: ='Proximal Validation (single)'!G8 -> 0 | H8: ='Proximal Validation (single)'!H8 -> 0.0050521446 | ... M8: ='Proximal Validation (single)'!M8 -> 0.56537819 | N8: 0.71448281 | O8: 0.15370117 | P8: 1.574185 | Q8: 1.7107257 | R8: 0.00064018377 | S8: =ABS(N8-A8) -> 0.014482815 | T8: =ABS(O8-B8) -> 0.0062988299 | U8: =ABS(P8-C8) -> 0.003184985 | V8: =ABS(Q8-D8) -> 0.13972565
A9: ='Proximal Validation (single)'!A9 -> 0.7 | B9: ='Proximal Validation (single)'!B9 -> 0.2 | C9: ='Proximal Validation (single)'!C9 -> 1.571 | D9: ='Proximal Validation (single)'!D9 -> 1.571 | E9: ='Proximal Validation (single)'!E9 -> 0 | F9: ='Proximal Validation (single)'!F9 -> 0 | G9: ='Proximal Validation (single)'!G9 -> 0 | H9: ='Proximal Validation (single)'!H9 -> 3.7113496e-05 | ... M9: ='Proximal Validation (single)'!M9 -> 0.55889893 | N9: 0.78293114 | O9: 0.18958413 | P9: 1.5594293 | Q9: 1.5755792 | R9: 0.00068362145 | S9: =ABS(N9-A9) -> 0.082931145 | T9: =ABS(O9-B9) -> 0.010415872 | U9: =ABS(P9-C9) -> 0.011570703 | V9: =ABS(Q9-D9) -> 0.0045792279
A10: ='Proximal Validation (single)'!A10 -> 0.7 | B10: ='Proximal Validation (single)'!B10 -> 0.06 | C10: ='Proximal Validation (single)'!C10 -> 3.665 | D10: ='Proximal Validation (single)'!D10 -> 0.785 | E10: ='Proximal Validation (single)'!E10 -> 0 | F10: ='Proximal Validation (single)'!F10 -> 0 | G10: ='Proximal Validation (single)'!G10 -> 0 | H10: ='Proximal Validation (single)'!H10 -> -0.00089350855 | ... M10: ='Proximal Validation (single)'!M10 -> -0.28826642 | N10: 0.76728977 | O10: 0.10118577 | P10: 3.6290072 | Q10: 0.7100077 | R10: 0.00016757708 | S10: =ABS(N10-A10) -> 0.067289771 | T10: =ABS(O10-B10) -> 0.041185771 | U10: =ABS(P10-C10) -> 0.035992809 | V10: =ABS(Q10-D10) -> 0.074992301
A11: ='Proximal Validation (single)'!A11 -> 0.6 | B11: ='Proximal Validation (single)'!B11 -> 0.1 | C11: ='Proximal Validation (single)'!C11 -> 3.665 | D11: ='Proximal Validation (single)'!D11 -> 0.785 | E11: ='Proximal Validation (single)'!E11 -> 0 | F11: ='Proximal Validation (single)'!F11 -> 0 | G11: ='Proximal Validation (single)'!G11 -> 0 | H11: ='Proximal Validation (single)'!H11 -> -0.00089688366 | ... M11: ='Proximal Validation (single)'!M11 -> -0.22374529 | N11: 0.56310084 | O11: 0.17142792 | P11: 3.6169037 | Q11: 0.64182347 | R11: 0.00016346024 | S11: =ABS(N11-A11) -> 0.03689916 | T11: =ABS(O11-B11) -> 0.071427918 | U11: =ABS(P11-C11) -> 0.048096344 | V11: =ABS(Q11-D11) -> 0.14317653
A12: ='Proximal Validation (single)'!A12 -> 0.8 | B12: ='Proximal Validation (single)'!B12 -> 0.18 | C12: ='Proximal Validation (single)'!C12 -> 3.665 | D12: ='Proximal Validation (single)'!D12 -> 0.785 | E12: ='Proximal Validation (single)'!E12 -> 1.4 | F12: ='Proximal Validation (single)'!F12 -> 0 | G12: ='Proximal Validation (single)'!G12 -> 0 | H12: ='Proximal Validation (single)'!H12 -> -0.00055184728 | ... M12: ='Proximal Validation (single)'!M12 -> -0.25870201 | N12: 0.64365955 | O12: 0.2 | P12: 3.6268573 | Q12: 0.65319231 | R12: 0.00063125351 | S12: =ABS(N12-A12) -> 0.15634045 | T12: =ABS(O12-B12) -> 0.02 | U12: =ABS(P12-C12) -> 0.038142666 | V12: =ABS(Q12-D12) -> 0.13180769
A13: ='Proximal Validation (single)'!A13 -> 0.4 | B13: ='Proximal Validation (single)'!B13 -> 0.2 | C13: ='Proximal Validation (single)'!C13 -> 3.665 | D13: ='Proximal Validation (single)'!D13 -> 0.785 | E13: ='Proximal Validation (single)'!E13 -> 1.4 | F13: ='Proximal Validation (single)'!F13 -> 0 | G13: ='Proximal Validation (single)'!G13 -> 0 | H13: ='Proximal Validation (single)'!H13 -> -0.00032309396 | ... M13: ='Proximal Validation (single)'!M13 -> -0.12271251 | N13: 0.2780492 | O13: 0.2 | P13: 3.6240275 | Q13: 0.88413851 | R13: 0.00075096691 | S13: =ABS(N13-A13) -> 0.1219508 | T13: =ABS(O13-B13) -> 0 | U13: =ABS(P13-C13) -> 0.040972506 | V13: =ABS(Q13-D13) -> 0.099138509
A14: ='Proximal Validation (single)'!A14 -> 0.4 | B14: ='Proximal Validation (single)'!B14 -> 0.1 | C14: ='Proximal Validation (single)'!C14 -> 3.665 | D14: ='Proximal Validation (single)'!D14 -> 1.571 | E14: ='Proximal Validation (single)'!E14 -> 1.4 | F14: ='Proximal Validation (single)'!F14 -> 0 | G14: ='Proximal Validation (single)'!G14 -> 0 | H14: ='Proximal Validation (single)'!H14 -> -0.00071692816 | ... M14: ='Proximal Validation (single)'!M14 -> -0.17468151 | N14: 0.35327472 | O14: 0.16941226 | P14: 3.631175 | Q14: 1.7682158 | R14: 0.00015738096 | S14: =ABS(N14-A14) -> 0.046725284 | T14: =ABS(O14-B14) -> 0.069412256 | U14: =ABS(P14-C14) -> 0.033825005 | V14: =ABS(Q14-D14) -> 0.19721582
A15: ='Proximal Validation (single)'!A15 -> 0.7 | B15: ='Proximal Validation (single)'!B15 -> 0.1 | C15: ='Proximal Validation (single)'!C15 -> 3.665 | D15: ='Proximal Validation (single)'!D15 -> 1.571 | E15: ='Proximal Validation (single)'!E15 -> 1.4 | F15: ='Proximal Validation (single)'!F15 -> 0 | G15: ='Proximal Validation (single)'!G15 -> 0 | H15: ='Proximal Validation (single)'!H15 -> -0.0012405822 | ... M15: ='Proximal Validation (single)'!M15 -> -0.33820248 | N15: 0.68360964 | O15: 0.13967372 | P15: 3.6456464 | Q15: 1.5578425 | R15: 0.00016558111 | S15: =ABS(N15-A15) -> 0.016390363 | T15: =ABS(O15-B15) -> 0.039673718 | U15: =ABS(P15-C15) -> 0.019353631 | V15: =ABS(Q15-D15) -> 0.013157542
A16: ='Proximal Validation (single)'!A16 -> 0.4 | B16: ='Proximal Validation (single)'!B16 -> 0.16 | C16: ='Proximal Validation (single)'!C16 -> 3.665 | D16: ='Proximal Validation (single)'!D16 -> 1.571 | E16: ='Proximal Validation (single)'!E16 -> 0 | F16: ='Proximal Validation (single)'!F16 -> 0 | G16: ='Proximal Validation (single)'!G16 -> 0 | H16: ='Proximal Validation (single)'!H16 -> -0.00071821292 | ... M16: ='Proximal Validation (single)'!M16 -> -0.16520524 | N16: 0.36874488 | O16: 0.2 | P16: 3.6353507 | Q16: 1.7685384 | R16: 0.00026494775 | S16: =ABS(N16-A16) -> 0.031255124 | T16: =ABS(O16-B16) -> 0.04 | U16: =ABS(P16-C16) -> 0.029649293 | V16: =ABS(Q16-D16) -> 0.19753836
A17: ='Proximal Validation (single)'!A17 -> 0.3 | B17: ='Proximal Validation (single)'!B17 -> 0.18 | C17: ='Proximal Validation (single)'!C17 -> 3.665 | D17: ='Proximal Validation (single)'!D17 -> 1.571 | E17: ='Proximal Validation (single)'!E17 -> 0 | F17: ='Proximal Validation (single)'!F17 -> 0 | G17: ='Proximal Validation (single)'!G17 -> 0 | H17: ='Proximal Validation (single)'!H17 -> -0.000621774 | ... M17: ='Proximal Validation (single)'!M17 -> -0.10984056 | N17: 0.25340325 | O17: 0.2 | P17: 3.6094265 | Q17: 1.9438974 | R17: 0.00052603375 | S17: =ABS(N17-A17) -> 0.046596752 | T17: =ABS(O17-B17) -> 0.02 | U17: =ABS(P17-C17) -> 0.055573487 | V17: =ABS(Q17-D17) -> 0.37289737

Sheet Sheet1
A1: -0.00015595352 | B1: -0.034215424 | C1: -1.4112447e-07 | D1: 0.19788618 | E1: -0.0031988472 | F1: 0.19883658 | G1: 1.4 | H1: 0 | I1: 0
A2: -0.00024353998 | B2: -0.058889583 | C2: -5.925406e-05 | D2: 0.25050288 | E2: 0.00098302215 | F2: 0.25498384 | G2: 0 | H2: 0 | I2: 0
A3: 0.0022863355 | B3: -0.11987079 | C3: -0.0069630081 | D3: 0.31022596 | E3: -0.023233078 | F3: 0.50102174 | G3: 1.4 | H3: 0 | I3: 0
A4: 0.00065225898 | B4: -0.061197262 | C4: -0.00089818926 | D4: -0.0019721901 | E4: -0.0057942867 | F4: 0.38675421 | G4: 1.4 | H4: 0 | I4: 0
A5: -0.0004060925 | B5: -0.1524459 | C5: -0.001212092 | D5: -0.11741215 | E5: -0.0026462823 | F5: 0.85134244 | G5: 0 | H5: 0 | I5: 0
A6: 0.0050521446 | B6: -0.1575374 | C6: -0.0062086973 | D6: -0.29486877 | E6: -0.028079696 | F6: 0.56537819 | G6: 1.4 | H6: 0 | I6: 0
A7: 3.7113496e-05 | B7: -0.19372103 | C7: -0.0021289892 | D7: -0.41201991 | E7: -0.0011864491 | F7: 0.55889893 | G7: 0 | H7: 0 | I7: 0
A8: -0.00089350855 | B8: 0.042732272 | C8: -0.077487379 | D8: 0.62493914 | E8: -0.52349442 | F8: -0.28826642 | G8: 0 | H8: 0 | I8: 0
A9: -0.00089688366 | B9: 0.041764144 | C9: -0.077566296 | D9: 0.45929119 | E9: -0.41274711 | F9: -0.22374529 | G9: 0 | H9: 0 | I9: 0
A10: -0.00055184728 | B10: 0.066554107 | C10: -0.11961602 | D10: 0.49095398 | E10: -0.47584063 | F10: -0.25870201 | G10: 1.4 | H10: 0 | I10: 0
A11: -0.00032309396 | B11: 0.03557257 | C11: -0.061782382 | D11: 0.27096123 | E11: -0.21531303 | F11: -0.12271251 | G11: 1.4 | H11: 0 | I11: 0
A12: -0.00071692816 | B12: 0.035600811 | C12: -0.062020469 | D12: -0.0065964758 | E12: -0.30639431 | F12: -0.17468151 | G12: 1.4 | H12: 0 | I12: 0
... A15: -0.000621774 | B15: 0.032626789 | C15: -0.057201467 | D15: -0.027179472 | E15: -0.19488391 | F15: -0.10984056 | G15: 0 | H15: 0 | I15: 0

Sheet Conversion
A1: Raw Data | H1: Converted
A2: Fx | B2: Fy | C2: Fz | D2: Tx | E2: Ty | F2: Tz | H2: Tx | I2: Ty | J2: Tz | K2: Fx | L2: Fy | M2: Fz
A3: 0.19883658 | B3: 0.0031988472 | C3: 0.19788618 | D3: -1.4112447e-07 | E3: 0.034215424 | F3: -0.00015595352 | H3: =$F3 -> -0.00015595352 | I3: =-1*$E3 -> -0.034215424 | J3: =$D3 -> -1.4112447e-07 | K3: =$C3 -> 0.19788618 | L3: =-1*$B3 -> -0.0031988472 | M3: =$A3 -> 0.19883658
A4: 0.25498384 | B4: -0.00098302215 | C4: 0.25050288 | D4: -5.925406e-05 | E4: 0.058889583 | F4: -0.00024353998 | H4: =$F4 -> -0.00024353998 | I4: =-1*$E4 -> -0.058889583 | J4: =$D4 -> -5.925406e-05 | K4: =$C4 -> 0.25050288 | L4: =-1*$B4 -> 0.00098302215 | M4: =$A4 -> 0.25498384
A5: 0.50102174 | B5: 0.023233078 | C5: 0.31022596 | D5: -0.0069630081 | E5: 0.11987079 | F5: 0.0022863355 | H5: =$F5 -> 0.0022863355 | I5: =-1*$E5 -> -0.11987079 | J5: =$D5 -> -0.0069630081 | K5: =$C5 -> 0.31022596 | L5: =-1*$B5 -> -0.023233078 | M5: =$A5 -> 0.50102174
A6: 0.38675421 | B6: 0.0057942867 | C6: -0.0019721901 | D6: -0.00089818926 | E6: 0.061197262 | F6: 0.00065225898 | H6: =$F6 -> 0.00065225898 | I6: =-1*$E6 -> -0.061197262 | J6: =$D6 -> -0.00089818926 | K6: =$C6 -> -0.0019721901 | L6: =-1*$B6 -> -0.0057942867 | M6: =$A6 -> 0.38675421
A7: 0.85134244 | B7: 0.0026462823 | C7: -0.11741215 | D7: -0.001212092 | E7: 0.1524459 | F7: -0.0004060925 | H7: =$F7 -> -0.0004060925 | I7: =-1*$E7 -> -0.1524459 | J7: =$D7 -> -0.001212092 | K7: =$C7 -> -0.11741215 | L7: =-1*$B7 -> -0.0026462823 | M7: =$A7 -> 0.85134244
A8: 0.56537819 | B8: 0.028079696 | C8: -0.29486877 | D8: -0.0062086973 | E8: 0.1575374 | F8: 0.0050521446 | H8: =$F8 -> 0.0050521446 | I8: =-1*$E8 -> -0.1575374 | J8: =$D8 -> -0.0062086973 | K8: =$C8 -> -0.29486877 | L8: =-1*$B8 -> -0.028079696 | M8: =$A8 -> 0.56537819
A9: 0.55889893 | B9: 0.0011864491 | C9: -0.41201991 | D9: -0.0021289892 | E9: 0.19372103 | F9: 3.7113496e-05 | H9: =$F9 -> 3.7113496e-05 | I9: =-1*$E9 -> -0.19372103 | J9: =$D9 -> -0.0021289892 | K9: =$C9 -> -0.41201991 | L9: =-1*$B9 -> -0.0011864491 | M9: =$A9 -> 0.55889893
A10: -0.28826642 | B10: 0.52349442 | C10: 0.62493914 | D10: -0.077487379 | E10: -0.042732272 | F10: -0.00089350855 | H10: =$F10 -> -0.00089350855 | I10: =-1*$E10 -> 0.042732272 | J10: =$D10 -> -0.077487379 | K10: =$C10 -> 0.62493914 | L10: =-1*$B10 -> -0.52349442 | M10: =$A10 -> -0.28826642
A11: -0.22374529 | B11: 0.41274711 | C11: 0.45929119 | D11: -0.077566296 | E11: -0.041764144 | F11: -0.00089688366 | H11: =$F11 -> -0.00089688366 | I11: =-1*$E11 -> 0.041764144 | J11: =$D11 -> -0.077566296 | K11: =$C11 -> 0.45929119 | L11: =-1*$B11 -> -0.41274711 | M11: =$A11 -> -0.22374529
A12: -0.25870201 | B12: 0.47584063 | C12: 0.49095398 | D12: -0.11961602 | E12: -0.066554107 | F12: -0.00055184728 | H12: =$F12 -> -0.00055184728 | I12: =-1*$E12 -> 0.066554107 | J12: =$D12 -> -0.11961602 | K12: =$C12 -> 0.49095398 | L12: =-1*$B12 -> -0.47584063 | M12: =$A12 -> -0.25870201
A13: -0.12271251 | B13: 0.21531303 | C13: 0.27096123 | D13: -0.061782382 | E13: -0.03557257 | F13: -0.00032309396 | H13: =$F13 -> -0.00032309396 | I13: =-1*$E13 -> 0.03557257 | J13: =$D13 -> -0.061782382 | K13: =$C13 -> 0.27096123 | L13: =-1*$B13 -> -0.21531303 | M13: =$A13 -> -0.12271251
A14: -0.17468151 | B14: 0.30639431 | C14: -0.0065964758 | D14: -0.062020469 | E14: -0.035600811 | F14: -0.00071692816 | H14: =$F14 -> -0.00071692816 | I14: =-1*$E14 -> 0.035600811 | J14: =$D14 -> -0.062020469 | K14: =$C14 -> -0.0065964758 | L14: =-1*$B14 -> -0.30639431 | M14: =$A14 -> -0.17468151
... A17: -0.10984056 | B17: 0.19488391 | C17: -0.027179472 | D17: -0.057201467 | E17: -0.032626789 | F17: -0.000621774 | H17: =$F17 -> -0.000621774 | I17: =-1*$E17 -> 0.032626789 | J17: =$D17 -> -0.057201467 | K17: =$C17 -> -0.027179472 | L17: =-1*$B17 -> -0.19488391 | M17: =$A17 -> -0.10984056
H18: =$F18 -> 0 | I18: =-1*$E18 -> 0 | J18: =$D18 -> 0 | K18: =$C18 -> 0 | L18: =-1*$B18 -> 0 | M18: =$A18 -> 0
H19: =$F19 -> 0 | I19: =-1*$E19 -> 0 | J19: =$D19 -> 0 | K19: =$C19 -> 0 | L19: =-1*$B19 -> 0 | M19: =$A19 -> 0
H20: =$F20 -> 0 | I20: =-1*$E20 -> 0 | J20: =$D20 -> 0 | K20: =$C20 -> 0 | L20: =-1*$B20 -> 0 | M20: =$A20 -> 0
H21: =$F21 -> 0 | I21: =-1*$E21 -> 0 | J21: =$D21 -> 0 | K21: =$C21 -> 0 | L21: =-1*$B21 -> 0 | M21: =$A21 -> 0
H22: =$F22 -> 0 | I22: =-1*$E22 -> 0 | J22: =$D22 -> 0 | K22: =$C22 -> 0 | L22: =-1*$B22 -> 0 | M22: =$A22 -> 0
H23: =$F23 -> 0 | I23: =-1*$E23 -> 0 | J23: =$D23 -> 0 | K23: =$C23 -> 0 | L23: =-1*$B23 -> 0 | M23: =$A23 -> 0
H24: =$F24 -> 0 | I24: =-1*$E24 -> 0 | J24: =$D24 -> 0 | K24: =$C24 -> 0 | L24: =-1*$B24 -> 0 | M24: =$A24 -> 0
H25: =$F25 -> 0 | I25: =-1*$E25 -> 0 | J25: =$D25 -> 0 | K25: =$C25 -> 0 | L25: =-1*$B25 -> 0 | M25: =$A25 -> 0
H26: =$F26 -> 0 | I26: =-1*$E26 -> 0 | J26: =$D26 -> 0 | K26: =$C26 -> 0 | L26: =-1*$B26 -> 0 | M26: =$A26 -> 0
H27: =$F27 -> 0 | I27: =-1*$E27 -> 0 | J27: =$D27 -> 0 | K27: =$C27 -> 0 | L27: =-1*$B27 -> 0 | M27: =$A27 -> 0
H28: =$F28 -> 0 | I28: =-1*$E28 -> 0 | J28: =$D28 -> 0 | K28: =$C28 -> 0 | L28: =-1*$B28 -> 0 | M28: =$A28 -> 0
