Workbook

Sheet Proximal Validation (double)
A1: Ground Truth | L1: 6-Axis FT Sensor | R1: SoRoSim get_proximal_value | X1: Proximal Errors
A2: F1 (N) | B2: s1 (m) | C2: el1 (rad) | D2: az1 (rad) | E2: F2 (N) | F2: s2 (m) | G2: el2 (rad) | H2: az2 (rad) | I2: tau1 (N) | J2: tau2 (N) | K2: tau3 (N) | L2: Tx (Nm) | M2: Ty (Nm) | N2: Tz(Nm) | O2: Fx (N) | P2: Fy (N) | Q2: Fz (N) | R2: Tx (Nm) | S2: Ty (Nm) | T2: Tz(Nm) | U2: Fx (N) | V2: Fy (N) | W2: Fz (N) | X2: Tx (Nm) | Y2: Ty (Nm) | Z2: Tz(Nm) | AA2: Fx (N) | AB2: Fy (N) | AC2: Fz (N)
A3: 0.3 | B3: 0.2 | C3: 1.57 | D3: =PI()/2 -> 1.5707963 | E3: 0.3 | F3: 0.08 | G3: 3.142 | H3: =PI()/2 -> 1.5707963 | I3: 0 | J3: 0 | K3: 0 | X3: =L3-R3 -> 0 | Y3: =M3-S3 -> 0 | Z3: =N3-T3 -> 0 | AA3: =O3-U3 -> 0 | AB3: =P3-V3 -> 0 | AC3: =Q3-W3 -> 0
A4: 0.4 | B4: 0.1 | C4: 1.57 | D4: =PI()/2 -> 1.5707963 | E4: 0.5 | F4: 0.06 | G4: 4.712 | H4: =PI()/2 -> 1.5707963 | I4: 0.8 | J4: 0 | K4: 0 | L4: -0.00069790857 | M4: -0.0073205647 | N4: -0.00034127428 | O4: -0.055667467 | P4: -0.001031287 | Q4: -0.078237303 | R4: 0.000285698 | S4: -0.0010087776 | T4: 2.174308e-05 | U4: -0.0042225169 | V4: -1.5537279e-05 | W4: -0.10037541 | X4: =L4-R4 -> -0.00098360657 | Y4: =M4-S4 -> -0.0063117871 | Z4: =N4-T4 -> -0.00036301736 | AA4: =O4-U4 -> -0.051444951 | AB4: =P4-V4 -> -0.0010157497 | AC4: =Q4-W4 -> 0.022138106
A5: 0.7 | B5: 0.16 | C5: 1.57 | D5: =PI()/2 -> 1.5707963 | E5: 0.7 | F5: 0.02 | G5: 4.712 | H5: =PI()/2 -> 1.5707963 | I5: 0 | J5: 0 | K5: 0 | L5: -0.0010536192 | M5: -0.078555815 | N5: -0.00084829383 | O5: -0.29072845 | P5: -0.005124703 | Q5: -0.1495057 | R5: -5.9414687e-14 | S5: -0.091673923 | T5: 0.00010413138 | U5: -0.21863285 | V5: 0.00024029001 | W5: -0.055548671 | X5: =L5-R5 -> -0.0010536192 | Y5: =M5-S5 -> 0.013118108 | Z5: =N5-T5 -> -0.00095242521 | AA5: =O5-U5 -> -0.072095603 | AB5: =P5-V5 -> -0.0053649931 | AC5: =Q5-W5 -> -0.093957034
A6: 0.7 | B6: 0.18 | C6: 2.356 | D6: =PI()/2 -> 1.5707963 | E6: 0.8 | F6: 0.06 | G6: 3.142 | H6: =PI()/2 -> 1.5707963 | I6: 0.8 | J6: 0 | K6: 0 | L6: 0.0057581165 | M6: -0.10363681 | N6: -0.23897853 | O6: -0.52015883 | P6: -1.0992656 | Q6: 0.26735616 | R6: 0.0034925323 | S6: -0.12347861 | T6: -0.24049207 | U6: -0.57507161 | V6: -1.1870392 | W6: 0.40300529 | X6: =L6-R6 -> 0.0022655842 | Y6: =M6-S6 -> 0.019841804 | Z6: =N6-T6 -> 0.0015135353 | AA6: =O6-U6 -> 0.054912782 | AB6: =P6-V6 -> 0.087773643 | AC6: =Q6-W6 -> -0.13564913
A7: 0.6 | B7: 0.12 | C7: 2.356 | D7: =PI()/2 -> 1.5707963 | E7: 0.3 | F7: 0.04 | G7: 3.927 | H7: =PI()/2 -> 1.5707963 | I7: 0.4 | J7: 0 | K7: 0 | L7: -0.002448665 | M7: -0.066844538 | N7: -0.11393435 | O7: -0.1313771 | P7: -0.5928942 | Q7: 0.26247159 | R7: 0.00061658666 | S7: -0.060719965 | T7: -0.11561777 | U7: -0.11970484 | V7: -0.62771751 | W7: 0.20413645 | X7: =L7-R7 -> -0.0030652516 | Y7: =M7-S7 -> -0.0061245729 | Z7: =N7-T7 -> 0.0016834236 | AA7: =O7-U7 -> -0.011672263 | AB7: =P7-V7 -> 0.034823318 | AC7: =Q7-W7 -> 0.058335136
A8: 0.8 | B8: 0.12 | C8: 2.356 | D8: =PI()/2 -> 1.5707963 | E8: 0.5 | F8: 0.06 | G8: 3.927 | H8: =PI()/2 -> 1.5707963 | I8: 0.4 | J8: 0 | K8: 0 | L8: -0.0025066524 | M8: -0.075730748 | N8: -0.18031727 | O8: -0.29059055 | P8: -0.92200559 | Q8: 0.27903903 | R8: 0.00079878182 | S8: -0.063983584 | T8: -0.16900056 | U8: -0.22623757 | V8: -0.89475975 | W8: 0.19533585 | X8: =L8-R8 -> -0.0033054342 | Y8: =M8-S8 -> -0.011747165 | Z8: =N8-T8 -> -0.011316707 | AA8: =O8-U8 -> -0.064352989 | AB8: =P8-V8 -> -0.027245845 | AC8: =Q8-W8 -> 0.083703172
A9: 0.3 | B9: 0.18 | C9: 3.142 | D9: =PI()/2 -> 1.5707963 | E9: 0.4 | F9: 0.04 | G9: 3.927 | H9: =PI()/2 -> 1.5707963 | I9: 1.2 | J9: 0 | K9: 0 | L9: 0.00085229939 | M9: 0.034337111 | N9: -0.094974354 | O9: -0.018785402 | P9: -0.50129873 | Q9: -0.25437981 | R9: 0.0010626163 | S9: 0.036640843 | T9: -0.11726999 | U9: -0.074921234 | V9: -0.57752928 | W9: -0.28300033 | X9: =L9-R9 -> -0.00021031693 | Y9: =M9-S9 -> -0.0023037326 | Z9: =N9-T9 -> 0.022295638 | AA9: =O9-U9 -> 0.056135832 | AB9: =P9-V9 -> 0.076230551 | AC9: =Q9-W9 -> 0.028620526
A10: 0.5 | B10: 0.2 | C10: 3.142 | D10: =PI()/2 -> 1.5707963 | E10: 0.7 | F10: 0.04 | G10: 3.927 | H10: =PI()/2 -> 1.5707963 | I10: 0.4 | J10: 0 | K10: 0 | L10: 0.0006182529 | M10: 0.055208318 | N10: -0.18095528 | O10: -0.24768664 | P10: -0.86978924 | Q10: -0.40951335 | R10: 0.00070644552 | S10: 0.063818821 | T10: -0.20101919 | U10: -0.31092897 | V10: -0.93737974 | W10: -0.49187066 | X10: =L10-R10 -> -8.8192615e-05 | Y10: =M10-S10 -> -0.0086105035 | Z10: =N10-T10 -> 0.020063918 | AA10: =O10-U10 -> 0.063242327 | AB10: =P10-V10 -> 0.067590502 | AC10: =Q10-W10 -> 0.08235731
A11: 0.4 | B11: 0.14 | C11: 3.927 | D11: =PI()/2 -> 1.5707963 | E11: 0.5 | F11: 0.02 | G11: 3.142 | H11: =PI()/2 -> 1.5707963 | I11: 0.8 | J11: 0 | K11: 0 | L11: -0.00091634737 | M11: 0.053316057 | N11: -0.11144441 | O11: -0.05330443 | P11: -0.72502011 | Q11: -0.2260839 | R11: -0.00028985343 | S11: 0.064758143 | T11: -0.11939818 | U11: -0.074125361 | V11: -0.77956146 | W11: -0.2797794 | X11: =L11-R11 -> -0.00062649395 | Y11: =M11-S11 -> -0.011442086 | Z11: =N11-T11 -> 0.0079537622 | AA11: =O11-U11 -> 0.020820931 | AB11: =P11-V11 -> 0.054541352 | AC11: =Q11-W11 -> 0.0536955
A12: 0.7 | B12: 0.12 | C12: 3.927 | D12: =PI()/2 -> 1.5707963 | E12: 0.7 | F12: 0.08 | G12: 3.927 | H12: =PI()/2 -> 1.5707963 | I12: 1.2 | J12: 0 | K12: 0 | L12: -0.0017120782 | M12: 0.15619831 | N12: -0.19836304 | O12: -0.20334189 | P12: -1.019968 | Q12: -0.78116876 | R12: -0.00084782218 | S12: 0.18377196 | T12: -0.18381761 | U12: -0.39139553 | V12: -0.95145894 | W12: -0.94941477 | X12: =L12-R12 -> -0.00086425605 | Y12: =M12-S12 -> -0.027573656 | Z12: =N12-T12 -> -0.014545431 | AA12: =O12-U12 -> 0.18805364 | AB12: =P12-V12 -> -0.068509094 | AC12: =Q12-W12 -> 0.16824601
A13: 0.3 | B13: 0.1 | C13: 3.927 | D13: =PI()/2 -> 1.5707963 | E13: 0.8 | F13: 0.04 | G13: 4.712 | H13: =PI()/2 -> 1.5707963 | I13: 0 | J13: 0 | K13: 0 | L13: 0.00051190471 | M13: 0.12445409 | N13: -0.033203859 | O13: -0.022600364 | P13: -0.1709877 | Q13: -0.86582863 | R13: 1.078715e-11 | S13: 0.14384394 | T13: -0.040206545 | U13: -0.076307825 | V13: -0.21112633 | W13: -1.0094616 | X13: =L13-R13 -> 0.0005119047 | Y13: =M13-S13 -> -0.019389849 | Z13: =N13-T13 -> 0.0070026856 | AA13: =O13-U13 -> 0.053707461 | AB13: =P13-V13 -> 0.040138634 | AC13: =Q13-W13 -> 0.14363299
A14: 0.6 | B14: 0.18 | C14: 3.927 | D14: =PI()/2 -> 1.5707963 | E14: 0.4 | F14: 0.08 | G14: 4.712 | H14: =PI()/2 -> 1.5707963 | I14: 0 | J14: 0 | K14: 0 | L14: -0.00057422183 | M14: 0.16228636 | N14: -0.11205181 | O14: -0.35012972 | P14: -0.37300897 | Q14: -0.69461757 | R14: 1.5387708e-10 | S14: 0.17397565 | T14: -0.10784276 | U14: -0.39573747 | V14: -0.36765931 | W14: -0.75114085 | X14: =L14-R14 -> -0.00057422199 | Y14: =M14-S14 -> -0.011689293 | Z14: =N14-T14 -> -0.0042090504 | AA14: =O14-U14 -> 0.045607744 | AB14: =P14-V14 -> -0.0053496591 | AC14: =Q14-W14 -> 0.056523278
A15: 0.7 | B15: 0.1 | C15: 4.712 | D15: =PI()/2 -> 1.5707963 | E15: 0.4 | F15: 0.04 | G15: 3.142 | H15: =PI()/2 -> 1.5707963 | I15: 0 | J15: 0 | K15: 0 | L15: -0.00094429776 | M15: 0.14865591 | N15: -0.052504346 | O15: -0.1629331 | P15: -0.39005202 | Q15: -0.75469375 | R15: -4.5486019e-11 | S15: 0.13196654 | T15: -0.051824804 | U15: -0.1199888 | V15: -0.39893904 | W15: -0.6905471 | X15: =L15-R15 -> -0.00094429772 | Y15: =M15-S15 -> 0.016689363 | Z15: =N15-T15 -> -0.0006795415 | AA15: =O15-U15 -> -0.042944294 | AB15: =P15-V15 -> 0.0088870229 | AC15: =Q15-W15 -> -0.064146646
... A17: 0.8 | B17: 0.2 | C17: 4.712 | D17: =PI()/2 -> 1.5707963 | E17: 0.3 | F17: 0.02 | G17: 4.712 | H17: =PI()/2 -> 1.5707963 | I17: 0.8 | J17: 0 | K17: 0 | L17: -0.0073545799 | M17: 0.22923256 | N17: -0.015391938 | O17: -0.71000016 | P17: -0.10407741 | Q17: -0.75926924 | R17: -0.004016476 | S17: 0.23867144 | T17: -2.7393135e-05 | U17: -0.5506102 | V17: -0.010171678 | W17: -0.91220761 | X17: =L17-R17 -> -0.0033381039 | Y17: =M17-S17 -> -0.0094388723 | Z17: =N17-T17 -> -0.015364545 | AA17: =O17-U17 -> -0.15938996 | AB17: =P17-V17 -> -0.093905728 | AC17: =Q17-W17 -> 0.15293837

Sheet Distal Validati (double)
A1: Ground Truth | L1: 6-Axis FT Sensor | R1: SoRoSim get_distal_value | AA1: Distal Errors | AI1: Stats
A2: F1 (N) | B2: s1 (m) | C2: el1 (rad) | D2: az1 (rad) | E2: F2 (N) | F2: s2 (m) | G2: el2 (rad) | H2: az2 (rad) | I2: tau1 (N) | J2: tau2 (N) | K2: tau3 (N) | L2: Tx (Nm) | M2: Ty (Nm) | N2: Tz(Nm) | O2: Fx (N) | P2: Fy (N) | Q2: Fz (N) | R2: F1 (N) | S2: s1 (m) | T2: el1 (rad) | U2: az1 (rad) | V2: F2 (N) | W2: s2 (m) | X2: el2 (rad) | Y2: az2 (rad) | Z2: f_final | AA2: F1 (N) | AB2: s1 (m) | AC2: el1 (rad) | AD2: az1 (rad) | AE2: F2 (N) | AF2: s2 (m) | AG2: el2 (rad) | AH2: az2 (rad) | AI2: force_error | AJ2: position_error | AK2: angle_error | AL2: Absolute Mean Error
A3: ='Proximal Validation (double)'!A3 -> 0.3 | B3: ='Proximal Validation (double)'!B3 -> 0.2 | C3: ='Proximal Validation (double)'!C3 -> 1.57 | D3: ='Proximal Validation (double)'!D3 -> 1.5707963 | E3: ='Proximal Validation (double)'!E3 -> 0.3 | F3: ='Proximal Validation (double)'!F3 -> 0.08 | G3: ='Proximal Validation (double)'!G3 -> 3.142 | H3: ='Proximal Validation (double)'!H3 -> 1.5707963 | ... Q3: ='Proximal Validation (double)'!Q3 -> 0 | AA3: =R3-A3 -> -0.3 | AB3: =S3-B3 -> -0.2 | AC3: =T3-C3 -> -1.57 | AD3: =U3-D3 -> -1.5707963 | AE3: =V3-E3 -> -0.3 | AF3: =W3-F3 -> -0.08 | AG3: =X3-G3 -> -3.142 | AH3: =Y3-H3 -> -1.5707963 | AI3: =AVERAGE(ABS(AA3),ABS(AE3)) -> 0.3 | AJ3: =AVERAGE(ABS(AB3),ABS(AF3)) -> 0.14 | AK3: =AVERAGE(ABS(AC3),ABS(AG3)) -> 2.356 | AL3: F1 (N) | AM3: s1 (m) | AN3: el1 (rad) | AO3: az1 (rad) | AP3: F2 (N) | AQ3: s2 (m) | AR3: el2 (rad) | AS3: az2 (rad)
A4: ='Proximal Validation (double)'!A4 -> 0.4 | B4: ='Proximal Validation (double)'!B4 -> 0.1 | C4: ='Proximal Validation (double)'!C4 -> 1.57 | D4: ='Proximal Validation (double)'!D4 -> 1.5707963 | E4: ='Proximal Validation (double)'!E4 -> 0.5 | F4: ='Proximal Validation (double)'!F4 -> 0.06 | G4: ='Proximal Validation (double)'!G4 -> 4.712 | H4: ='Proximal Validation (double)'!H4 -> 1.5707963 | ... Q4: ='Proximal Validation (double)'!Q4 -> -0.078237303 | R4: 0.91769901 | S4: 0.17853079 | T4: 1.4176843 | U4: 1.5707963 | V4: 0.98044137 | W4: 0.12828109 | X4: 4.572268 | Y4: 1.5707963 | Z4: 0.00068109515 | AA4: =R4-A4 -> 0.51769901 | AB4: =S4-B4 -> 0.078530792 | AC4: =T4-C4 -> -0.15231573 | AD4: =U4-D4 -> 0 | AE4: =V4-E4 -> 0.48044137 | AF4: =W4-F4 -> 0.068281087 | AG4: =X4-G4 -> -0.13973197 | AH4: =Y4-H4 -> 0 | AI4: =AVERAGE(ABS(AA4),ABS(AE4)) -> 0.49907019 | AJ4: =AVERAGE(ABS(AB4),ABS(AF4)) -> 0.073405939 | AK4: =AVERAGE(ABS(AC4),ABS(AG4)) -> 0.14602385 | AL4: {=AVERAGE(ABS(AA4:AA17))} -> 0.16649852 | AM4: {=AVERAGE(ABS(AB4:AB17))} -> 0.031037755 | AN4: {=AVERAGE(ABS(AC4:AC17))} -> 0.20311423 | AO4: {=AVERAGE(ABS(AD4:AD17))} -> 0 | AP4: {=AVERAGE(ABS(AE4:AE17))} -> 0.18647832 | AQ4: {=AVERAGE(ABS(AF4:AF17))} -> 0.022645019 | AR4: {=AVERAGE(ABS(AG4:AG17))} -> 0.30167534 | AS4: {=AVERAGE(ABS(AH4:AH17))} -> 0
A5: ='Proximal Validation (double)'!A5 -> 0.7 | B5: ='Proximal Validation (double)'!B5 -> 0.16 | C5: ='Proximal Validation (double)'!C5 -> 1.57 | D5: ='Proximal Validation (double)'!D5 -> 1.5707963 | E5: ='Proximal Validation (double)'!E5 -> 0.7 | F5: ='Proximal Validation (double)'!F5 -> 0.02 | G5: ='Proximal Validation (double)'!G5 -> 4.712 | H5: ='Proximal Validation (double)'!H5 -> 1.5707963 | ... Q5: ='Proximal Validation (double)'!Q5 -> -0.1495057 | R5: 0.83076664 | S5: 0.17985231 | T5: 1.5726594 | U5: 1.5707963 | V5: 0.85879677 | W5: 0.039609907 | X5: 4.7078886 | Y5: 1.5707963 | Z5: 0.0003618248 | AA5: =R5-A5 -> 0.13076664 | AB5: =S5-B5 -> 0.019852306 | AC5: =T5-C5 -> 0.0026594086 | AD5: =U5-D5 -> 0 | AE5: =V5-E5 -> 0.15879677 | AF5: =W5-F5 -> 0.019609907 | AG5: =X5-G5 -> -0.0041113934 | AH5: =Y5-H5 -> 0 | AI5: =AVERAGE(ABS(AA5),ABS(AE5)) -> 0.1447817 | AJ5: =AVERAGE(ABS(AB5),ABS(AF5)) -> 0.019731106 | AK5: =AVERAGE(ABS(AC5),ABS(AG5)) -> 0.003385401 | AL5: Absolute Mean Error (Across Both Forces)
A6: ='Proximal Validation (double)'!A6 -> 0.7 | B6: ='Proximal Validation (double)'!B6 -> 0.18 | C6: ='Proximal Validation (double)'!C6 -> 2.356 | D6: ='Proximal Validation (double)'!D6 -> 1.5707963 | E6: ='Proximal Validation (double)'!E6 -> 0.8 | F6: ='Proximal Validation (double)'!F6 -> 0.06 | G6: ='Proximal Validation (double)'!G6 -> 3.142 | H6: ='Proximal Validation (double)'!H6 -> 1.5707963 | ... Q6: ='Proximal Validation (double)'!Q6 -> 0.26735616 | R6: 0.59788495 | S6: 0.19082186 | T6: 2.3394062 | U6: 1.5707963 | V6: 0.79042601 | W6: 0.072095503 | X6: 3.2486552 | Y6: 1.5707963 | Z6: 7.8165319e-05 | AA6: =R6-A6 -> -0.10211505 | AB6: =S6-B6 -> 0.010821857 | AC6: =T6-C6 -> -0.016593761 | AD6: =U6-D6 -> 0 | AE6: =V6-E6 -> -0.0095739907 | AF6: =W6-F6 -> 0.012095503 | AG6: =X6-G6 -> 0.10665516 | AH6: =Y6-H6 -> 0 | AI6: =AVERAGE(ABS(AA6),ABS(AE6)) -> 0.055844519 | AJ6: =AVERAGE(ABS(AB6),ABS(AF6)) -> 0.01145868 | AK6: =AVERAGE(ABS(AC6),ABS(AG6)) -> 0.06162446 | AL6: force_error | AM6: position_error | AN6: angle_error
A7: ='Proximal Validation (double)'!A7 -> 0.6 | B7: ='Proximal Validation (double)'!B7 -> 0.12 | C7: ='Proximal Validation (double)'!C7 -> 2.356 | D7: ='Proximal Validation (double)'!D7 -> 1.5707963 | E7: ='Proximal Validation (double)'!E7 -> 0.3 | F7: ='Proximal Validation (double)'!F7 -> 0.04 | G7: ='Proximal Validation (double)'!G7 -> 3.927 | H7: ='Proximal Validation (double)'!H7 -> 1.5707963 | ... Q7: ='Proximal Validation (double)'!Q7 -> 0.26247159 | R7: 0.72885678 | S7: 0.11551224 | T7: 2.1672489 | U7: 1.5707963 | V7: 0.3837032 | W7: 0.076739937 | X7: 4.1838478 | Y7: 1.5707963 | Z7: 1.2165812e-05 | AA7: =R7-A7 -> 0.12885678 | AB7: =S7-B7 -> -0.0044877569 | AC7: =T7-C7 -> -0.18875108 | AD7: =U7-D7 -> 0 | AE7: =V7-E7 -> 0.083703202 | AF7: =W7-F7 -> 0.036739937 | AG7: =X7-G7 -> 0.25684778 | AH7: =Y7-H7 -> 0 | AI7: =AVERAGE(ABS(AA7),ABS(AE7)) -> 0.10627999 | AJ7: =AVERAGE(ABS(AB7),ABS(AF7)) -> 0.020613847 | AK7: =AVERAGE(ABS(AC7),ABS(AG7)) -> 0.22279943 | AL7: =AVERAGE(AL4,AP4) -> 0.17648842 | AM7: =AVERAGE(AM4,AQ4) -> 0.026841387 | AN7: =AVERAGE(AN4,AR4) -> 0.25239478
A8: ='Proximal Validation (double)'!A8 -> 0.8 | B8: ='Proximal Validation (double)'!B8 -> 0.12 | C8: ='Proximal Validation (double)'!C8 -> 2.356 | D8: ='Proximal Validation (double)'!D8 -> 1.5707963 | E8: ='Proximal Validation (double)'!E8 -> 0.5 | F8: ='Proximal Validation (double)'!F8 -> 0.06 | G8: ='Proximal Validation (double)'!G8 -> 3.927 | H8: ='Proximal Validation (double)'!H8 -> 1.5707963 | ... Q8: ='Proximal Validation (double)'!Q8 -> 0.27903903 | R8: 0.49357477 | S8: 0.1479176 | T8: 1.9882235 | U8: 1.5707963 | V8: 0.77308109 | W8: 0.094287212 | X8: 3.3340701 | Y8: 1.5707963 | Z8: 2.3788603e-05 | AA8: =R8-A8 -> -0.30642523 | AB8: =S8-B8 -> 0.027917602 | AC8: =T8-C8 -> -0.36777655 | AD8: =U8-D8 -> 0 | AE8: =V8-E8 -> 0.27308109 | AF8: =W8-F8 -> 0.034287212 | AG8: =X8-G8 -> -0.59292988 | AH8: =Y8-H8 -> 0 | AI8: =AVERAGE(ABS(AA8),ABS(AE8)) -> 0.28975316 | AJ8: =AVERAGE(ABS(AB8),ABS(AF8)) -> 0.031102407 | AK8: =AVERAGE(ABS(AC8),ABS(AG8)) -> 0.48035322
A9: ='Proximal Validation (double)'!A9 -> 0.3 | B9: ='Proximal Validation (double)'!B9 -> 0.18 | C9: ='Proximal Validation (double)'!C9 -> 3.142 | D9: ='Proximal Validation (double)'!D9 -> 1.5707963 | E9: ='Proximal Validation (double)'!E9 -> 0.4 | F9: ='Proximal Validation (double)'!F9 -> 0.04 | G9: ='Proximal Validation (double)'!G9 -> 3.927 | H9: ='Proximal Validation (double)'!H9 -> 1.5707963 | ... Q9: ='Proximal Validation (double)'!Q9 -> -0.25437981 | R9: 0.44985459 | S9: 0.10326601 | T9: 1.7037098 | U9: 1.5707963 | V9: 0.82878053 | W9: 0.080234784 | X9: 4.1484098 | Y9: 1.5707963 | Z9: 9.6588791e-05 | AA9: =R9-A9 -> 0.14985459 | AB9: =S9-B9 -> -0.076733987 | AC9: =T9-C9 -> -1.4382902 | AD9: =U9-D9 -> 0 | AE9: =V9-E9 -> 0.42878053 | AF9: =W9-F9 -> 0.040234784 | AG9: =X9-G9 -> 0.22140982 | AH9: =Y9-H9 -> 0 | AI9: =AVERAGE(ABS(AA9),ABS(AE9)) -> 0.28931756 | AJ9: =AVERAGE(ABS(AB9),ABS(AF9)) -> 0.058484385 | AK9: =AVERAGE(ABS(AC9),ABS(AG9)) -> 0.82985001
A10: ='Proximal Validation (double)'!A10 -> 0.5 | B10: ='Proximal Validation (double)'!B10 -> 0.2 | C10: ='Proximal Validation (double)'!C10 -> 3.142 | D10: ='Proximal Validation (double)'!D10 -> 1.5707963 | E10: ='Proximal Validation (double)'!E10 -> 0.7 | F10: ='Proximal Validation (double)'!F10 -> 0.04 | G10: ='Proximal Validation (double)'!G10 -> 3.927 | H10: ='Proximal Validation (double)'!H10 -> 1.5707963 | ... Q10: ='Proximal Validation (double)'!Q10 -> -0.40951335 | R10: 0.45789499 | S10: 0.17962208 | T10: 3.1058634 | U10: 1.5707963 | V10: 0.62007907 | W10: 0.050674535 | X10: 3.9043969 | Y10: 1.5707963 | Z10: 2.1174782e-06 | AA10: =R10-A10 -> -0.042105014 | AB10: =S10-B10 -> -0.020377917 | AC10: =T10-C10 -> -0.036136563 | AD10: =U10-D10 -> 0 | AE10: =V10-E10 -> -0.079920926 | AF10: =W10-F10 -> 0.010674535 | AG10: =X10-G10 -> -0.022603137 | AH10: =Y10-H10 -> 0 | AI10: =AVERAGE(ABS(AA10),ABS(AE10)) -> 0.06101297 | AJ10: =AVERAGE(ABS(AB10),ABS(AF10)) -> 0.015526226 | AK10: =AVERAGE(ABS(AC10),ABS(AG10)) -> 0.02936985
A11: ='Proximal Validation (double)'!A11 -> 0.4 | B11: ='Proximal Validation (double)'!B11 -> 0.14 | C11: ='Proximal Validation (double)'!C11 -> 3.927 | D11: ='Proximal Validation (double)'!D11 -> 1.5707963 | E11: ='Proximal Validation (double)'!E11 -> 0.5 | F11: ='Proximal Validation (double)'!F11 -> 0.02 | G11: ='Proximal Validation (double)'!G11 -> 3.142 | H11: ='Proximal Validation (double)'!H11 -> 1.5707963 | ... Q11: ='Proximal Validation (double)'!Q11 -> -0.2260839 | R11: 0.62227682 | S11: 0.085469308 | T11: 3.8971933 | U11: 1.5707963 | V11: 0.33855995 | W11: 0.022997252 | X11: 2.5126884 | Y11: 1.5707963 | Z11: 3.9785474e-06 | AA11: =R11-A11 -> 0.22227682 | AB11: =S11-B11 -> -0.054530692 | AC11: =T11-C11 -> -0.029806728 | AD11: =U11-D11 -> 0 | AE11: =V11-E11 -> -0.16144005 | AF11: =W11-F11 -> 0.0029972515 | AG11: =X11-G11 -> -0.62931155 | AH11: =Y11-H11 -> 0 | AI11: =AVERAGE(ABS(AA11),ABS(AE11)) -> 0.19185843 | AJ11: =AVERAGE(ABS(AB11),ABS(AF11)) -> 0.028763972 | AK11: =AVERAGE(ABS(AC11),ABS(AG11)) -> 0.32955914
A12: ='Proximal Validation (double)'!A12 -> 0.7 | B12: ='Proximal Validation (double)'!B12 -> 0.12 | C12: ='Proximal Validation (double)'!C12 -> 3.927 | D12: ='Proximal Validation (double)'!D12 -> 1.5707963 | E12: ='Proximal Validation (double)'!E12 -> 0.7 | F12: ='Proximal Validation (double)'!F12 -> 0.08 | G12: ='Proximal Validation (double)'!G12 -> 3.927 | H12: ='Proximal Validation (double)'!H12 -> 1.5707963 | ... Q12: ='Proximal Validation (double)'!Q12 -> -0.78116876 | R12: 0.77254855 | S12: 0.085174862 | T12: 3.9200421 | U12: 1.5707963 | V12: 0.54619399 | W12: 0.074951728 | X12: 3.6193207 | Y12: 1.5707963 | Z12: 0.0010434778 | AA12: =R12-A12 -> 0.072548548 | AB12: =S12-B12 -> -0.034825138 | AC12: =T12-C12 -> -0.0069578985 | AD12: =U12-D12 -> 0 | AE12: =V12-E12 -> -0.15380601 | AF12: =W12-F12 -> -0.0050482721 | AG12: =X12-G12 -> -0.30767927 | AH12: =Y12-H12 -> 0 | AI12: =AVERAGE(ABS(AA12),ABS(AE12)) -> 0.11317728 | AJ12: =AVERAGE(ABS(AB12),ABS(AF12)) -> 0.019936705 | AK12: =AVERAGE(ABS(AC12),ABS(AG12)) -> 0.15731858
A13: ='Proximal Validation (double)'!A13 -> 0.3 | B13: ='Proximal Validation (double)'!B13 -> 0.1 | C13: ='Proximal Validation (double)'!C13 -> 3.927 | D13: ='Proximal Validation (double)'!D13 -> 1.5707963 | E13: ='Proximal Validation (double)'!E13 -> 0.8 | F13: ='Proximal Validation (double)'!F13 -> 0.04 | G13: ='Proximal Validation (double)'!G13 -> 4.712 | H13: ='Proximal Validation (double)'!H13 -> 1.5707963 | ... Q13: ='Proximal Validation (double)'!Q13 -> -0.86582863 | R13: 0.40137926 | S13: 0.065448184 | T13: 4.1403952 | U13: 1.5707963 | V13: 0.53182778 | W13: 0.022445405 | X13: 4.7982196 | Y13: 1.5707963 | Z13: 0.00024907564 | AA13: =R13-A13 -> 0.10137926 | AB13: =S13-B13 -> -0.034551816 | AC13: =T13-C13 -> 0.21339523 | AD13: =U13-D13 -> 0 | AE13: =V13-E13 -> -0.26817222 | AF13: =W13-F13 -> -0.017554595 | AG13: =X13-G13 -> 0.086219616 | AH13: =Y13-H13 -> 0 | AI13: =AVERAGE(ABS(AA13),ABS(AE13)) -> 0.18477574 | AJ13: =AVERAGE(ABS(AB13),ABS(AF13)) -> 0.026053205 | AK13: =AVERAGE(ABS(AC13),ABS(AG13)) -> 0.14980742
A14: ='Proximal Validation (double)'!A14 -> 0.6 | B14: ='Proximal Validation (double)'!B14 -> 0.18 | C14: ='Proximal Validation (double)'!C14 -> 3.927 | D14: ='Proximal Validation (double)'!D14 -> 1.5707963 | E14: ='Proximal Validation (double)'!E14 -> 0.4 | F14: ='Proximal Validation (double)'!F14 -> 0.08 | G14: ='Proximal Validation (double)'!G14 -> 4.712 | H14: ='Proximal Validation (double)'!H14 -> 1.5707963 | ... Q14: ='Proximal Validation (double)'!Q14 -> -0.69461757 | R14: 0.51346863 | S14: 0.18065748 | T14: 3.7221987 | U14: 1.5707963 | V14: 0.47093036 | W14: 0.099553687 | X14: 4.7235792 | Y14: 1.5707963 | Z14: 2.1122711e-05 | AA14: =R14-A14 -> -0.086531373 | AB14: =S14-B14 -> 0.00065747973 | AC14: =T14-C14 -> -0.20480133 | AD14: =U14-D14 -> 0 | AE14: =V14-E14 -> 0.070930357 | AF14: =W14-F14 -> 0.019553687 | AG14: =X14-G14 -> 0.011579152 | AH14: =Y14-H14 -> 0 | AI14: =AVERAGE(ABS(AA14),ABS(AE14)) -> 0.078730865 | AJ14: =AVERAGE(ABS(AB14),ABS(AF14)) -> 0.010105583 | AK14: =AVERAGE(ABS(AC14),ABS(AG14)) -> 0.10819024
A15: ='Proximal Validation (double)'!A15 -> 0.7 | B15: ='Proximal Validation (double)'!B15 -> 0.1 | C15: ='Proximal Validation (double)'!C15 -> 4.712 | D15: ='Proximal Validation (double)'!D15 -> 1.5707963 | E15: ='Proximal Validation (double)'!E15 -> 0.4 | F15: ='Proximal Validation (double)'!F15 -> 0.04 | G15: ='Proximal Validation (double)'!G15 -> 3.142 | H15: ='Proximal Validation (double)'!H15 -> 1.5707963 | ... Q15: ='Proximal Validation (double)'!Q15 -> -0.75469375 | R15: 0.47303051 | S15: 0.14748508 | T15: 4.6793593 | U15: 1.5707963 | V15: 0.48132635 | W15: 0.04088927 | X15: 3.8133032 | Y15: 1.5707963 | Z15: 1.5900734e-06 | AA15: =R15-A15 -> -0.22696949 | AB15: =S15-B15 -> 0.04748508 | AC15: =T15-C15 -> -0.03264065 | AD15: =U15-D15 -> 0 | AE15: =V15-E15 -> 0.081326346 | AF15: =W15-F15 -> 0.00088927004 | AG15: =X15-G15 -> 0.67130315 | AH15: =Y15-H15 -> 0 | AI15: =AVERAGE(ABS(AA15),ABS(AE15)) -> 0.15414792 | AJ15: =AVERAGE(ABS(AB15),ABS(AF15)) -> 0.024187175 | AK15: =AVERAGE(ABS(AC15),ABS(AG15)) -> 0.3519719
A16: ='Proximal Validation (double)'!A16 -> 0.4 | B16: ='Proximal Validation (double)'!B16 -> 0.16 | C16: ='Proximal Validation (double)'!C16 -> 4.712 | D16: ='Proximal Validation (double)'!D16 -> 1.5707963 | E16: ='Proximal Validation (double)'!E16 -> 0.7 | F16: ='Proximal Validation (double)'!F16 -> 0.06 | G16: ='Proximal Validation (double)'!G16 -> 3.927 | H16: ='Proximal Validation (double)'!H16 -> 1.5707963 | ... Q16: ='Proximal Validation (double)'!Q16 -> -0.73054701 | R16: 0.46315837 | S16: 0.14949486 | T16: 4.5692865 | U16: 1.5707963 | V16: 0.53257608 | W16: 0.050631721 | X16: 3.7181464 | Y16: 1.5707963 | Z16: 1.4975662e-06 | AA16: =R16-A16 -> 0.06315837 | AB16: =S16-B16 -> -0.010505135 | AC16: =T16-C16 -> -0.14271351 | AD16: =U16-D16 -> 0 | AE16: =V16-E16 -> -0.16742392 | AF16: =W16-F16 -> -0.0093682787 | AG16: =X16-G16 -> -0.20885355 | AH16: =Y16-H16 -> 0 | AI16: =AVERAGE(ABS(AA16),ABS(AE16)) -> 0.11529114 | AJ16: =AVERAGE(ABS(AB16),ABS(AF16)) -> 0.009936707 | AK16: =AVERAGE(ABS(AC16),ABS(AG16)) -> 0.17578353
A17: ='Proximal Validation (double)'!A17 -> 0.8 | B17: ='Proximal Validation (double)'!B17 -> 0.2 | C17: ='Proximal Validation (double)'!C17 -> 4.712 | D17: ='Proximal Validation (double)'!D17 -> 1.5707963 | E17: ='Proximal Validation (double)'!E17 -> 0.3 | F17: ='Proximal Validation (double)'!F17 -> 0.02 | G17: ='Proximal Validation (double)'!G17 -> 4.712 | H17: ='Proximal Validation (double)'!H17 -> 1.5707963 | ... Q17: ='Proximal Validation (double)'!Q17 -> -0.75926924 | R17: 0.98029318 | S17: 0.18674899 | T17: 4.7012394 | U17: 1.5707963 | V17: 0.10670031 | W17: 0.059695952 | X17: 3.7477807 | Y17: 1.5707963 | Z17: 0.0002741771 | AA17: =R17-A17 -> 0.18029318 | AB17: =S17-B17 -> -0.013251007 | AC17: =T17-C17 -> -0.010760586 | AD17: =U17-D17 -> 0 | AE17: =V17-E17 -> -0.19329969 | AF17: =W17-F17 -> 0.039695952 | AG17: =X17-G17 -> -0.96421928 | AH17: =Y17-H17 -> 0 | AI17: =AVERAGE(ABS(AA17),ABS(AE17)) -> 0.18679643 | AJ17: =AVERAGE(ABS(AB17),ABS(AF17)) -> 0.02647348 | AK17: =AVERAGE(ABS(AC17),ABS(AG17)) -> 0.48748993

Sheet Sheet1
A1: -0.00069790857 | B1: -0.0073205647 | C1: -0.00034127428 | D1: -0.055667467 | E1: -0.001031287 | F1: -0.078237303 | G1: 0.8 | H1: 0 | I1: 0
A2: -0.0010536192 | B2: -0.078555815 | C2: -0.00084829383 | D2: -0.29072845 | E2: -0.005124703 | F2: -0.1495057 | G2: 0 | H2: 0 | I2: 0
A3: 0.0057581165 | B3: -0.10363681 | C3: -0.23897853 | D3: -0.52015883 | E3: -1.0992656 | F3: 0.26735616 | G3: 0.8 | H3: 0 | I3: 0
A4: -0.002448665 | B4: -0.066844538 | C4: -0.11393435 | D4: -0.1313771 | E4: -0.5928942 | F4: 0.26247159 | G4: 0.4 | H4: 0 | I4: 0
A5: -0.0025066524 | B5: -0.075730748 | C5: -0.18031727 | D5: -0.29059055 | E5: -0.92200559 | F5: 0.27903903 | G5: 0.4 | H5: 0 | I5: 0
A6: 0.00085229939 | B6: 0.034337111 | C6: -0.094974354 | D6: -0.018785402 | E6: -0.50129873 | F6: -0.25437981 | G6: 1.2 | H6: 0 | I6: 0
A7: 0.0006182529 | B7: 0.055208318 | C7: -0.18095528 | D7: -0.24768664 | E7: -0.86978924 | F7: -0.40951335 | G7: 0.4 | H7: 0 | I7: 0
A8: -0.00091634737 | B8: 0.053316057 | C8: -0.11144441 | D8: -0.05330443 | E8: -0.72502011 | F8: -0.2260839 | G8: 0.8 | H8: 0 | I8: 0
A9: -0.0017120782 | B9: 0.15619831 | C9: -0.19836304 | D9: -0.20334189 | E9: -1.019968 | F9: -0.78116876 | G9: 1.2 | H9: 0 | I9: 0
A10: 0.00051190471 | B10: 0.12445409 | C10: -0.033203859 | D10: -0.022600364 | E10: -0.1709877 | F10: -0.86582863 | G10: 0 | H10: 0 | I10: 0
A11: -0.00057422183 | B11: 0.16228636 | C11: -0.11205181 | D11: -0.35012972 | E11: -0.37300897 | F11: -0.69461757 | G11: 0 | H11: 0 | I11: 0
A12: -0.00094429776 | B12: 0.14865591 | C12: -0.052504346 | D12: -0.1629331 | E12: -0.39005202 | F12: -0.75469375 | G12: 0 | H12: 0 | I12: 0
... A14: -0.0073545799 | B14: 0.22923256 | C14: -0.015391938 | D14: -0.71000016 | E14: -0.10407741 | F14: -0.75926924 | G14: 0.8 | H14: 0 | I14: 0

Sheet Conversion
A1: Raw Data | H1: Converted
A2: Fx | B2: Fy | C2: Fz | D2: Tx | E2: Ty | F2: Tz | H2: Tx | I2: Ty | J2: Tz | K2: Fx | L2: Fy | M2: Fz
A3: -0.078237303 | B3: 0.001031287 | C3: -0.055667467 | D3: -0.00034127428 | E3: 0.0073205647 | F3: -0.00069790857 | H3: =$F3 -> -0.00069790857 | I3: =-1*$E3 -> -0.0073205647 | J3: =$D3 -> -0.00034127428 | K3: =$C3 -> -0.055667467 | L3: =-1*$B3 -> -0.001031287 | M3: =$A3 -> -0.078237303
A4: -0.1495057 | B4: 0.005124703 | C4: -0.29072845 | D4: -0.00084829383 | E4: 0.078555815 | F4: -0.0010536192 | H4: =$F4 -> -0.0010536192 | I4: =-1*$E4 -> -0.078555815 | J4: =$D4 -> -0.00084829383 | K4: =$C4 -> -0.29072845 | L4: =-1*$B4 -> -0.005124703 | M4: =$A4 -> -0.1495057
A5: 0.26735616 | B5: 1.0992656 | C5: -0.52015883 | D5: -0.23897853 | E5: 0.10363681 | F5: 0.0057581165 | H5: =$F5 -> 0.0057581165 | I5: =-1*$E5 -> -0.10363681 | J5: =$D5 -> -0.23897853 | K5: =$C5 -> -0.52015883 | L5: =-1*$B5 -> -1.0992656 | M5: =$A5 -> 0.26735616
A6: 0.26247159 | B6: 0.5928942 | C6: -0.1313771 | D6: -0.11393435 | E6: 0.066844538 | F6: -0.002448665 | H6: =$F6 -> -0.002448665 | I6: =-1*$E6 -> -0.066844538 | J6: =$D6 -> -0.11393435 | K6: =$C6 -> -0.1313771 | L6: =-1*$B6 -> -0.5928942 | M6: =$A6 -> 0.26247159
A7: 0.27903903 | B7: 0.92200559 | C7: -0.29059055 | D7: -0.18031727 | E7: 0.075730748 | F7: -0.0025066524 | H7: =$F7 -> -0.0025066524 | I7: =-1*$E7 -> -0.075730748 | J7: =$D7 -> -0.18031727 | K7: =$C7 -> -0.29059055 | L7: =-1*$B7 -> -0.92200559 | M7: =$A7 -> 0.27903903
A8: -0.25437981 | B8: 0.50129873 | C8: -0.018785402 | D8: -0.094974354 | E8: -0.034337111 | F8: 0.00085229939 | H8: =$F8 -> 0.00085229939 | I8: =-1*$E8 -> 0.034337111 | J8: =$D8 -> -0.094974354 | K8: =$C8 -> -0.018785402 | L8: =-1*$B8 -> -0.50129873 | M8: =$A8 -> -0.25437981
A9: -0.40951335 | B9: 0.86978924 | C9: -0.24768664 | D9: -0.18095528 | E9: -0.055208318 | F9: 0.0006182529 | H9: =$F9 -> 0.0006182529 | I9: =-1*$E9 -> 0.055208318 | J9: =$D9 -> -0.18095528 | K9: =$C9 -> -0.24768664 | L9: =-1*$B9 -> -0.86978924 | M9: =$A9 -> -0.40951335
A10: -0.2260839 | B10: 0.72502011 | C10: -0.05330443 | D10: -0.11144441 | E10: -0.053316057 | F10: -0.00091634737 | H10: =$F10 -> -0.00091634737 | I10: =-1*$E10 -> 0.053316057 | J10: =$D10 -> -0.11144441 | K10: =$C10 -> -0.05330443 | L10: =-1*$B10 -> -0.72502011 | M10: =$A10 -> -0.2260839
A11: -0.78116876 | B11: 1.019968 | C11: -0.20334189 | D11: -0.19836304 | E11: -0.15619831 | F11: -0.0017120782 | H11: =$F11 -> -0.0017120782 | I11: =-1*$E11 -> 0.15619831 | J11: =$D11 -> -0.19836304 | K11: =$C11 -> -0.20334189 | L11: =-1*$B11 -> -1.019968 | M11: =$A11 -> -0.78116876
A12: -0.86582863 | B12: 0.1709877 | C12: -0.022600364 | D12: -0.033203859 | E12: -0.12445409 | F12: 0.00051190471 | H12: =$F12 -> 0.00051190471 | I12: =-1*$E12 -> 0.12445409 | J12: =$D12 -> -0.033203859 | K12: =$C12 -> -0.022600364 | L12: =-1*$B12 -> -0.1709877 | M12: =$A12 -> -0.86582863
A13: -0.69461757 | B13: 0.37300897 | C13: -0.35012972 | D13: -0.11205181 | E13: -0.16228636 | F13: -0.00057422183 | H13: =$F13 -> -0.00057422183 | I13: =-1*$E13 -> 0.16228636 | J13: =$D13 -> -0.11205181 | K13: =$C13 -> -0.35012972 | L13: =-1*$B13 -> -0.37300897 | M13: =$A13 -> -0.69461757
A14: -0.75469375 | B14: 0.39005202 | C14: -0.1629331 | D14: -0.052504346 | E14: -0.14865591 | F14: -0.00094429776 | H14: =$F14 -> -0.00094429776 | I14: =-1*$E14 -> 0.14865591 | J14: =$D14 -> -0.052504346 | K14: =$C14 -> -0.1629331 | L14: =-1*$B14 -> -0.39005202 | M14: =$A14 -> -0.75469375
... A16: -0.75926924 | B16: 0.10407741 | C16: -0.71000016 | D16: -0.015391938 | E16: -0.22923256 | F16: -0.0073545799 | H16: =$F16 -> -0.0073545799 | I16: =-1*$E16 -> 0.22923256 | J16: =$D16 -> -0.015391938 | K16: =$C16 -> -0.71000016 | L16: =-1*$B16 -> -0.10407741 | M16: =$A16 -> -0.75926924
H17: =$F17 -> 0 | I17: =-1*$E17 -> 0 | J17: =$D17 -> 0 | K17: =$C17 -> 0 | L17: =-1*$B17 -> 0 | M17: =$A17 -> 0
H18: =$F18 -> 0 | I18: =-1*$E18 -> 0 | J18: =$D18 -> 0 | K18: =$C18 -> 0 | L18: =-1*$B18 -> 0 | M18: =$A18 -> 0
