Workbook

Sheet Proximal Validation (double)
A1: Ground Truth | J1: 6-Axis FT Sensor | P1: SoRoSim get_proximal_value | V1: Proximal Errors
A2: F1 (N) | B2: s1 (m) | C2: theta1 (rad) | D2: F2 (N) | E2: s2 (m) | F2: theta2 (rad) | G2: tau1 (N) | H2: tau2 (N) | I2: tau3 (N) | J2: Tx (Nm) | K2: Ty (Nm) | L2: Tz(Nm) | M2: Fx (N) | N2: Fy (N) | O2: Fz (N) | P2: Tx (Nm) | Q2: Ty (Nm) | R2: Tz(Nm) | S2: Fx (N) | T2: Fy (N) | U2: Fz (N) | V2: Tx (Nm) | W2: Ty (Nm) | X2: Tz(Nm) | Y2: Fx (N) | Z2: Fy (N) | AA2: Fz (N)
A3: 0.8 | B3: 0.2 | C3: 0.785 | D3: 0.8 | E3: 0.1 | F3: 1.047 | G3: 0 | H3: 0 | I3: 0 | P3: 0.0035118522 | Q3: -0.26364739 | R3: 0.21441303 | S3: -0.81913855 | T3: 0.79879141 | U3: 1.0716538 | V3: =J3-P3 -> -0.0035118522 | W3: =K3-Q3 -> 0.26364739 | X3: =L3-R3 -> -0.21441303 | Y3: =M3-S3 -> 0.81913855 | Z3: =N3-T3 -> -0.79879141 | AA3: =O3-U3 -> -1.0716538
A4: 0.4 | B4: 0.12 | C4: 0.785 | D4: 0.4 | E4: 0.02 | F4: 2.356 | G4: 0 | H4: 0 | I4: 0 | J4: -0.00065699103 | K4: -0.090627849 | L4: 0.020731226 | M4: -0.045330036 | N4: -0.080224335 | O4: 0.50792885 | P4: 0.00028464404 | Q4: -0.090391428 | R4: 0.028171902 | S4: -0.033404171 | T4: -0.00088427323 | U4: 0.56490057 | V4: =J4-P4 -> -0.00094163508 | W4: =K4-Q4 -> -0.00023642159 | X4: =L4-R4 -> -0.0074406765 | Y4: =M4-S4 -> -0.011925865 | Z4: =N4-T4 -> -0.079340062 | AA4: =O4-U4 -> -0.056971723
A5: 0.7 | B5: 0.16 | C5: 0.785 | D5: 0.3 | E5: 0.06 | F5: 3.665 | G5: 0 | H5: 0 | I5: 0 | J5: 0.001132024 | K5: -0.11687353 | L5: 0.080217548 | M5: -0.24421182 | N5: 0.16285944 | O5: 0.34258223 | P5: 0.001178408 | Q5: -0.096967488 | R5: 0.080905448 | S5: -0.20026254 | T5: 0.20921767 | U5: 0.31927884 | V5: =J5-P5 -> -4.6383984e-05 | W5: =K5-Q5 -> -0.019906045 | X5: =L5-R5 -> -0.00068789998 | Y5: =M5-S5 -> -0.043949281 | Z5: =N5-T5 -> -0.046358233 | AA5: =O5-U5 -> 0.023303387
A6: 0.3 | B6: 0.2 | C6: 0.785 | D6: 0.7 | E6: 0.02 | F6: 3.665 | G6: 0 | H6: 0 | I6: 0 | J6: 0.00050459569 | K6: -0.010949088 | L6: -0.02752836 | M6: -0.025787529 | N6: -0.49980175 | O6: -0.17572218 | P6: 6.7562055e-05 | Q6: -0.021225618 | R6: -0.006643021 | S6: -0.065151003 | T6: -0.39947935 | U6: -0.14422133 | V6: =J6-P6 -> 0.00043703364 | W6: =K6-Q6 -> 0.010276529 | X6: =L6-R6 -> -0.02088534 | Y6: =M6-S6 -> 0.039363474 | Z6: =N6-T6 -> -0.10032241 | AA6: =O6-U6 -> -0.031500856
A7: 0.3 | B7: 0.14 | C7: 2.618 | D7: 0.8 | E7: 0.04 | F7: 1.047 | G7: 0 | H7: 0 | I7: 0 | J7: -0.0019948105 | K7: -0.16114858 | L7: -0.00082256738 | M7: -0.08353994 | N7: 0.16338085 | O7: 0.98013961 | P7: -0.0001666392 | Q7: -0.12442974 | R7: -0.0075452206 | S7: -0.036114404 | T7: 0.14168065 | U7: 0.84183399 | V7: =J7-P7 -> -0.0018281713 | W7: =K7-Q7 -> -0.036718838 | X7: =L7-R7 -> 0.0067226532 | Y7: =M7-S7 -> -0.047425537 | Z7: =N7-T7 -> 0.021700195 | AA7: =O7-U7 -> 0.13830563
A8: 0.4 | B8: 0.18 | C8: 2.618 | D8: 0.3 | E8: 0.02 | F8: 1.047 | G8: 0 | H8: 0 | I8: 0 | J8: -6.5418659e-05 | K8: -0.10984389 | L8: -0.040013012 | M8: -0.1384604 | N8: -0.037903145 | O8: 0.53465891 | P8: -0.00020867648 | Q8: -0.081437685 | R8: -0.075417091 | S8: -0.10180721 | T8: -0.18563589 | U8: 0.45301253 | V8: =J8-P8 -> 0.00014325782 | W8: =K8-Q8 -> -0.02840621 | X8: =L8-R8 -> 0.03540408 | Y8: =M8-S8 -> -0.03665319 | Z8: =N8-T8 -> 0.14773275 | AA8: =O8-U8 -> 0.081646381
A9: 0.8 | B9: 0.18 | C9: 2.618 | D9: 0.7 | E9: 0.06 | F9: 2.356 | G9: 0 | H9: 0 | I9: 0 | J9: -0.0018610246 | K9: -0.24740617 | L9: -0.19522019 | M9: -0.64324039 | N9: -0.84706509 | O9: 1.0174024 | P9: -0.0010035536 | Q9: -0.1725979 | R9: -0.24724192 | S9: -0.49640738 | T9: -1.0919055 | U9: 0.83564663 | V9: =J9-P9 -> -0.00085747108 | W9: =K9-Q9 -> -0.074808265 | X9: =L9-R9 -> 0.052021734 | Y9: =M9-S9 -> -0.14683301 | Z9: =N9-T9 -> 0.24484043 | AA9: =O9-U9 -> 0.18175578
A10: 0.7 | B10: 0.2 | C10: 2.618 | D10: 0.8 | E10: 0.02 | F10: 2.356 | G10: 0 | H10: 0 | I10: 0 | J10: -0.0018610246 | K10: -0.24740617 | L10: -0.19522019 | M10: -0.64324039 | N10: -0.84706509 | O10: 1.0174024 | P10: 0.00040479875 | Q10: -0.15320354 | R10: -0.22405597 | S10: -0.36900039 | T10: -1.0926653 | U10: 0.86126913 | V10: =J10-P10 -> -0.0022658234 | W10: =K10-Q10 -> -0.094202627 | X10: =L10-R10 -> 0.02883578 | Y10: =M10-S10 -> -0.27424 | Z10: =N10-T10 -> 0.2456002 | AA10: =O10-U10 -> 0.15613328
A11: 0.8 | B11: 0.12 | C11: 2.618 | D11: 0.3 | E11: 0.02 | F11: 3.665 | G11: 0 | H11: 0 | I11: 0 | J11: -0.00034919474 | K11: -0.13894631 | L11: -0.13064361 | M11: -0.20672223 | N11: -0.71990585 | O11: 0.58108544 | P11: -0.00097876421 | Q11: -0.066968526 | R11: -0.17267535 | S11: -0.13079002 | T11: -0.94237807 | U11: 0.24634454 | V11: =J11-P11 -> 0.00062956947 | W11: =K11-Q11 -> -0.071977784 | X11: =L11-R11 -> 0.042031747 | Y11: =M11-S11 -> -0.075932206 | Z11: =N11-T11 -> 0.22247222 | AA11: =O11-U11 -> 0.3347409
A12: 0.6 | B12: 0.2 | C12: 2.618 | D12: 0.5 | E12: 0.1 | F12: 3.665 | G12: 0 | H12: 0 | I12: 0 | P12: 0.0003158983 | Q12: -0.032020504 | R12: -0.21945276 | S12: -0.38714038 | T12: -0.87211522 | U12: 0.012647174 | V12: =J12-P12 -> -0.0003158983 | W12: =K12-Q12 -> 0.032020504 | X12: =L12-R12 -> 0.21945276 | Y12: =M12-S12 -> 0.38714038 | Z12: =N12-T12 -> 0.87211522 | AA12: =O12-U12 -> -0.012647174
A13: 0.7 | B13: 0.12 | C13: 3.927 | D13: 0.7 | E13: 0.02 | F13: 1.047 | G13: 0 | H13: 0 | I13: 0 | J13: 0.0015216047 | K13: 0.05902008 | L13: -0.07213895 | M13: -0.13009995 | N13: -0.15057766 | O13: 0.018610302 | P13: 0.00097363161 | Q13: 0.036776877 | R13: -0.064694224 | S13: -0.084074208 | T13: -0.13946935 | U13: 0.11459191 | V13: =J13-P13 -> 0.00054797311 | W13: =K13-Q13 -> 0.022243203 | X13: =L13-R13 -> -0.007444726 | Y13: =M13-S13 -> -0.046025744 | Z13: =N13-T13 -> -0.011108314 | AA13: =O13-U13 -> -0.095981605
A14: 0.8 | B14: 0.2 | C14: 3.927 | D14: 0.4 | E14: 0.04 | F14: 1.047 | G14: 0 | H14: 0 | I14: 0 | J14: 0.001057881 | K14: 0.094685353 | L14: -0.099762969 | M14: -0.57114285 | N14: -0.1199845 | O14: -0.02800465 | P14: -7.8541408e-05 | Q14: 0.097361571 | R14: -0.12146224 | S14: -0.43884428 | T14: -0.26830568 | U14: -0.10567894 | V14: =J14-P14 -> 0.0011364225 | W14: =K14-Q14 -> -0.0026762177 | X14: =L14-R14 -> 0.02169927 | Y14: =M14-S14 -> -0.13229857 | Z14: =N14-T14 -> 0.14832118 | AA14: =O14-U14 -> 0.077674291
A15: 0.3 | B15: 0.2 | C15: 3.927 | D15: 0.3 | E15: 0.1 | F15: 2.356 | G15: 0 | H15: 0 | I15: 0 | P15: -8.8108394e-05 | Q15: 0.019438861 | R15: -0.099946898 | S15: -0.085532131 | T15: -0.41616924 | U15: 0.006210066 | V15: =J15-P15 -> 8.8108394e-05 | W15: =K15-Q15 -> -0.019438861 | X15: =L15-R15 -> 0.099946898 | Y15: =M15-S15 -> 0.085532131 | Z15: =N15-T15 -> 0.41616924 | AA15: =O15-U15 -> -0.006210066
A16: 0.8 | B16: 0.16 | C16: 3.927 | D16: 0.8 | E16: 0.02 | F16: 3.665 | G16: 0 | H16: 0 | I16: 0 | P16: 0.0014225214 | Q16: 0.17884803 | R16: -0.21131128 | S16: -0.31597557 | T16: -1.2154841 | U16: -0.92521583 | V16: =J16-P16 -> -0.0014225214 | W16: =K16-Q16 -> -0.17884803 | X16: =L16-R16 -> 0.21131128 | Y16: =M16-S16 -> 0.31597557 | Z16: =N16-T16 -> 1.2154841 | AA16: =O16-U16 -> 0.92521583
A17: 0.4 | B17: 0.2 | C17: 3.927 | D17: 0.8 | E17: 0.06 | F17: 3.665 | G17: 0 | H17: 0 | I17: 0 | P17: 8.1158405e-05 | Q17: 0.13811031 | R17: -0.18246815 | S17: -0.20701396 | T17: -0.9574873 | U17: -0.66415778 | V17: =J17-P17 -> -8.1158405e-05 | W17: =K17-Q17 -> -0.13811031 | X17: =L17-R17 -> 0.18246815 | Y17: =M17-S17 -> 0.20701396 | Z17: =N17-T17 -> 0.9574873 | AA17: =O17-U17 -> 0.66415778
C20: 0.785 | D20: 45 | F20: 1.047 | G20: 60
C21: 2.618 | D21: 150 | F21: 2.356 | G21: 135
C22: 3.927 | D22: 225 | F22: 3.665 | G22: 210

Sheet Proximal Validation (debug)
A1: Ground Truth | J1: 6-Axis FT Sensor | P1: SoRoSim get_proximal_value | V1: Proximal Errors
A2: F1 (N) | B2: s1 (m) | C2: theta1 (rad) | D2: F2 (N) | E2: s2 (m) | F2: theta2 (rad) | G2: tau1 (N) | H2: tau2 (N) | I2: tau3 (N) | J2: Tx (Nm) | K2: Ty (Nm) | L2: Tz(Nm) | M2: Fx (N) | N2: Fy (N) | O2: Fz (N) | P2: Tx (Nm) | Q2: Ty (Nm) | R2: Tz(Nm) | S2: Fx (N) | T2: Fy (N) | U2: Fz (N) | V2: Tx (Nm) | W2: Ty (Nm) | X2: Tz(Nm) | Y2: Fx (N) | Z2: Fy (N) | AA2: Fz (N)
A3: 0.8 | B3: 0.2 | C3: 0.785 | D3: 0.8 | E3: 0.1 | F3: 1.047 | G3: 0 | H3: 0 | I3: 0 | P3: 0.0035118522 | Q3: -0.26364739 | R3: 0.21441303 | S3: -0.81913855 | T3: 0.79879141 | U3: 1.0716538 | V3: =J3-P3 -> -0.0035118522 | W3: =K3-Q3 -> 0.26364739 | X3: =L3-R3 -> -0.21441303 | Y3: =M3-S3 -> 0.81913855 | Z3: =N3-T3 -> -0.79879141 | AA3: =O3-U3 -> -1.0716538
A4: 0.4 | B4: 0.12 | C4: 0.785 | D4: 0.4 | E4: 0.02 | F4: 2.356 | G4: 0 | H4: 0 | I4: 0 | J4: -0.00065699103 | K4: -0.090627849 | L4: 0.020731226 | M4: -0.045330036 | N4: -0.080224335 | O4: 0.50792885 | P4: 0.00028464404 | Q4: -0.090391428 | R4: 0.028171902 | S4: -0.033404171 | T4: -0.00088427323 | U4: 0.56490057 | V4: =J4-P4 -> -0.00094163508 | W4: =K4-Q4 -> -0.00023642159 | X4: =L4-R4 -> -0.0074406765 | Y4: =M4-S4 -> -0.011925865 | Z4: =N4-T4 -> -0.079340062 | AA4: =O4-U4 -> -0.056971723
A5: 0.7 | B5: 0.16 | C5: 0.785 | D5: 0.3 | E5: 0.06 | F5: 3.665 | G5: 0 | H5: 0 | I5: 0 | J5: 0.001132024 | K5: -0.11687353 | L5: 0.080217548 | M5: -0.24421182 | N5: 0.16285944 | O5: 0.34258223 | P5: 0.001178408 | Q5: -0.096967488 | R5: 0.080905448 | S5: -0.20026254 | T5: 0.20921767 | U5: 0.31927884 | V5: =J5-P5 -> -4.6383984e-05 | W5: =K5-Q5 -> -0.019906045 | X5: =L5-R5 -> -0.00068789998 | Y5: =M5-S5 -> -0.043949281 | Z5: =N5-T5 -> -0.046358233 | AA5: =O5-U5 -> 0.023303387
A6: 0.3 | B6: 0.2 | C6: 0.785 | D6: 0.7 | E6: 0.02 | F6: 3.665 | G6: 0 | H6: 0 | I6: 0 | J6: 0.00050459569 | K6: -0.010949088 | L6: -0.02752836 | M6: -0.025787529 | N6: -0.49980175 | O6: -0.17572218 | P6: 6.7562055e-05 | Q6: -0.021225618 | R6: -0.006643021 | S6: -0.065151003 | T6: -0.39947935 | U6: -0.14422133 | V6: =J6-P6 -> 0.00043703364 | W6: =K6-Q6 -> 0.010276529 | X6: =L6-R6 -> -0.02088534 | Y6: =M6-S6 -> 0.039363474 | Z6: =N6-T6 -> -0.10032241 | AA6: =O6-U6 -> -0.031500856
A7: 0.3 | B7: 0.14 | C7: 2.618 | D7: 0.8 | E7: 0.04 | F7: 1.047 | G7: 0 | H7: 0 | I7: 0 | J7: -0.0019948105 | K7: -0.16114858 | L7: -0.00082256738 | M7: -0.08353994 | N7: 0.16338085 | O7: 0.98013961 | P7: -0.0001666392 | Q7: -0.12442974 | R7: -0.0075452206 | S7: -0.036114404 | T7: 0.14168065 | U7: 0.84183399 | V7: =J7-P7 -> -0.0018281713 | W7: =K7-Q7 -> -0.036718838 | X7: =L7-R7 -> 0.0067226532 | Y7: =M7-S7 -> -0.047425537 | Z7: =N7-T7 -> 0.021700195 | AA7: =O7-U7 -> 0.13830563
A8: 0.4 | B8: 0.18 | C8: 2.618 | D8: 0.3 | E8: 0.02 | F8: 1.047 | G8: 0 | H8: 0 | I8: 0 | J8: -6.5418659e-05 | K8: -0.10984389 | L8: -0.040013012 | M8: -0.1384604 | N8: -0.037903145 | O8: 0.53465891 | P8: -0.00020867648 | Q8: -0.081437685 | R8: -0.075417091 | S8: -0.10180721 | T8: -0.18563589 | U8: 0.45301253 | V8: =J8-P8 -> 0.00014325782 | W8: =K8-Q8 -> -0.02840621 | X8: =L8-R8 -> 0.03540408 | Y8: =M8-S8 -> -0.03665319 | Z8: =N8-T8 -> 0.14773275 | AA8: =O8-U8 -> 0.081646381
A9: 0.8 | B9: 0.18 | C9: 2.618 | D9: 0.7 | E9: 0.06 | F9: 2.356 | G9: 0 | H9: 0 | I9: 0 | J9: -0.0018610246 | K9: -0.24740617 | L9: -0.19522019 | M9: -0.64324039 | N9: -0.84706509 | O9: 1.0174024 | P9: -0.0010035536 | Q9: -0.1725979 | R9: -0.24724192 | S9: -0.49640738 | T9: -1.0919055 | U9: 0.83564663 | V9: =J9-P9 -> -0.00085747108 | W9: =K9-Q9 -> -0.074808265 | X9: =L9-R9 -> 0.052021734 | Y9: =M9-S9 -> -0.14683301 | Z9: =N9-T9 -> 0.24484043 | AA9: =O9-U9 -> 0.18175578
A10: 0.7 | B10: 0.2 | C10: 2.618 | D10: 0.8 | E10: 0.02 | F10: 2.356 | G10: 0 | H10: 0 | I10: 0 | J10: -0.0018610246 | K10: -0.24740617 | L10: -0.19522019 | M10: -0.64324039 | N10: -0.84706509 | O10: 1.0174024 | P10: 0.00040479875 | Q10: -0.15320354 | R10: -0.22405597 | S10: -0.36900039 | T10: -1.0926653 | U10: 0.86126913 | V10: =J10-P10 -> -0.0022658234 | W10: =K10-Q10 -> -0.094202627 | X10: =L10-R10 -> 0.02883578 | Y10: =M10-S10 -> -0.27424 | Z10: =N10-T10 -> 0.2456002 | AA10: =O10-U10 -> 0.15613328
A11: 0.8 | B11: 0.12 | C11: 2.618 | D11: 0.3 | E11: 0.02 | F11: 3.665 | G11: 0 | H11: 0 | I11: 0 | J11: -0.00034919474 | K11: -0.13894631 | L11: -0.13064361 | M11: -0.20672223 | N11: -0.71990585 | O11: 0.58108544 | P11: -0.00097876421 | Q11: -0.066968526 | R11: -0.17267535 | S11: -0.13079002 | T11: -0.94237807 | U11: 0.24634454 | V11: =J11-P11 -> 0.00062956947 | W11: =K11-Q11 -> -0.071977784 | X11: =L11-R11 -> 0.042031747 | Y11: =M11-S11 -> -0.075932206 | Z11: =N11-T11 -> 0.22247222 | AA11: =O11-U11 -> 0.3347409
A12: 0.6 | B12: 0.2 | C12: 2.618 | D12: 0.5 | E12: 0.1 | F12: 3.665 | G12: 0 | H12: 0 | I12: 0 | P12: 0.0003158983 | Q12: -0.032020504 | R12: -0.21945276 | S12: -0.38714038 | T12: -0.87211522 | U12: 0.012647174 | V12: =J12-P12 -> -0.0003158983 | W12: =K12-Q12 -> 0.032020504 | X12: =L12-R12 -> 0.21945276 | Y12: =M12-S12 -> 0.38714038 | Z12: =N12-T12 -> 0.87211522 | AA12: =O12-U12 -> -0.012647174
A13: 0.7 | B13: 0.12 | C13: 3.927 | D13: 0.7 | E13: 0.02 | F13: 1.047 | G13: 0 | H13: 0 | I13: 0 | J13: 0.0015216047 | K13: 0.05902008 | L13: -0.07213895 | M13: -0.13009995 | N13: -0.15057766 | O13: 0.018610302 | P13: 0.00097363161 | Q13: 0.036776877 | R13: -0.064694224 | S13: -0.084074208 | T13: -0.13946935 | U13: 0.11459191 | V13: =J13-P13 -> 0.00054797311 | W13: =K13-Q13 -> 0.022243203 | X13: =L13-R13 -> -0.007444726 | Y13: =M13-S13 -> -0.046025744 | Z13: =N13-T13 -> -0.011108314 | AA13: =O13-U13 -> -0.095981605
A14: 0.8 | B14: 0.2 | C14: 3.927 | D14: 0.4 | E14: 0.04 | F14: 1.047 | G14: 0 | H14: 0 | I14: 0 | J14: 0.001057881 | K14: 0.094685353 | L14: -0.099762969 | M14: -0.57114285 | N14: -0.1199845 | O14: -0.02800465 | P14: -7.8541408e-05 | Q14: 0.097361571 | R14: -0.12146224 | S14: -0.43884428 | T14: -0.26830568 | U14: -0.10567894 | V14: =J14-P14 -> 0.0011364225 | W14: =K14-Q14 -> -0.0026762177 | X14: =L14-R14 -> 0.02169927 | Y14: =M14-S14 -> -0.13229857 | Z14: =N14-T14 -> 0.14832118 | AA14: =O14-U14 -> 0.077674291
A15: 0.3 | B15: 0.2 | C15: 3.927 | D15: 0.3 | E15: 0.1 | F15: 2.356 | G15: 0 | H15: 0 | I15: 0 | P15: -8.8108394e-05 | Q15: 0.019438861 | R15: -0.099946898 | S15: -0.085532131 | T15: -0.41616924 | U15: 0.006210066 | V15: =J15-P15 -> 8.8108394e-05 | W15: =K15-Q15 -> -0.019438861 | X15: =L15-R15 -> 0.099946898 | Y15: =M15-S15 -> 0.085532131 | Z15: =N15-T15 -> 0.41616924 | AA15: =O15-U15 -> -0.006210066
A16: 0.8 | B16: 0.16 | C16: 3.927 | D16: 0.8 | E16: 0.02 | F16: 3.665 | G16: 0 | H16: 0 | I16: 0 | P16: 0.0014225214 | Q16: 0.17884803 | R16: -0.21131128 | S16: -0.31597557 | T16: -1.2154841 | U16: -0.92521583 | V16: =J16-P16 -> -0.0014225214 | W16: =K16-Q16 -> -0.17884803 | X16: =L16-R16 -> 0.21131128 | Y16: =M16-S16 -> 0.31597557 | Z16: =N16-T16 -> 1.2154841 | AA16: =O16-U16 -> 0.92521583
A17: 0.4 | B17: 0.2 | C17: 3.927 | D17: 0.8 | E17: 0.06 | F17: 3.665 | G17: 0 | H17: 0 | I17: 0 | P17: 8.1158405e-05 | Q17: 0.13811031 | R17: -0.18246815 | S17: -0.20701396 | T17: -0.9574873 | U17: -0.66415778 | V17: =J17-P17 -> -8.1158405e-05 | W17: =K17-Q17 -> -0.13811031 | X17: =L17-R17 -> 0.18246815 | Y17: =M17-S17 -> 0.20701396 | Z17: =N17-T17 -> 0.9574873 | AA17: =O17-U17 -> 0.66415778
V19: 0.00158 | W19: 0.0125 | X19: 0.00906 | Y19: 0.0525 | Z19: 0.0564 | AA19: 0.0813
C20: 0.785 | D20: 45 | F20: 1.047 | G20: 60
C21: 2.618 | D21: 150 | F21: 2.356 | G21: 135
C22: 3.927 | D22: 225 | F22: 3.665 | G22: 210

Sheet Distal Validati (double)
A1: Ground Truth | J1: 6-Axis FT Sensor | P1: SoRoSim get_distal_value | W1: Distal Errors | AC1: Stats
A2: F1 (N) | B2: s1 (m) | C2: theta1 (rad) | D2: F2 (N) | E2: s2 (m) | F2: theta2 (rad) | G2: tau1 (N) | H2: tau2 (N) | I2: tau3 (N) | J2: Tx (Nm) | K2: Ty (Nm) | L2: Tz(Nm) | M2: Fx (N) | N2: Fy (N) | O2: Fz (N) | P2: F1 (N) | Q2: s1 (m) | R2: theta1 (rad) | S2: F2 (N) | T2: s2 (m) | U2: theta2 (rad) | V2: f_final | W2: F1 (N) | X2: s1 (m) | Y2: theta1 (rad) | Z2: F2 (N) | AA2: s2 (m) | AB2: theta2 (rad) | AC2: force_error | AD2: position_error | AE2: angle_error | AF2: singullar values | AG2: Absolute Mean Error
A3: ='Proximal Validation (double)'!A3 -> 0.8 | B3: ='Proximal Validation (double)'!B3 -> 0.2 | C3: ='Proximal Validation (double)'!C3 -> 0.785 | D3: ='Proximal Validation (double)'!D3 -> 0.8 | E3: ='Proximal Validation (double)'!E3 -> 0.1 | F3: ='Proximal Validation (double)'!F3 -> 1.047 | G3: ='Proximal Validation (double)'!G3 -> 0 | H3: ='Proximal Validation (double)'!H3 -> 0 | ... O3: ='Proximal Validation (double)'!O3 -> 0 | W3: =P3-A3 -> -0.8 | X3: =Q3-B3 -> -0.2 | Y3: =R3-C3 -> -0.785 | Z3: =S3-D3 -> -0.8 | AA3: =T3-E3 -> -0.1 | AB3: =U3-F3 -> -1.047 | AC3: =AVERAGE(ABS(W3),ABS(Z3)) -> 0.8 | AD3: =AVERAGE(ABS(X3),ABS(AA3)) -> 0.15 | AE3: =AVERAGE(ABS(Y3),ABS(AB3)) -> 0.916 | AF3: 0.1974556 | AG3: F1 (N) | AH3: s1 (m) | AI3: theta1 (rad) | AJ3: F2 (N) | AK3: s2 (m) | AL3: theta2 (rad)
A4: ='Proximal Validation (double)'!A4 -> 0.4 | B4: ='Proximal Validation (double)'!B4 -> 0.12 | C4: ='Proximal Validation (double)'!C4 -> 0.785 | D4: ='Proximal Validation (double)'!D4 -> 0.4 | E4: ='Proximal Validation (double)'!E4 -> 0.02 | F4: ='Proximal Validation (double)'!F4 -> 2.356 | G4: ='Proximal Validation (double)'!G4 -> 0 | H4: ='Proximal Validation (double)'!H4 -> 0 | ... O4: ='Proximal Validation (double)'!O4 -> 0.50792885 | P4: 0.25567467 | Q4: 0.2 | R4: 0.54661521 | S4: 0.4796026 | T4: 0.050235194 | U4: 2.2334302 | V4: 4.50001e-05 | W4: =P4-A4 -> -0.14432533 | X4: =Q4-B4 -> 0.079999999 | Y4: =R4-C4 -> -0.23838479 | Z4: =S4-D4 -> 0.0796026 | AA4: =T4-E4 -> 0.030235194 | AB4: =U4-F4 -> -0.1225698 | AC4: =AVERAGE(ABS(W4),ABS(Z4)) -> 0.11196396 | AD4: =AVERAGE(ABS(X4),ABS(AA4)) -> 0.055117596 | AE4: =AVERAGE(ABS(Y4),ABS(AB4)) -> 0.1804773 | AF4: 0.06470381 | AG4: {=AVERAGE(ABS(W4:W11),ABS(W13:W14))} -> 0.14751708 | AH4: {=AVERAGE(ABS(X4:X11),ABS(X13:X14))} -> 0.028689765 | AI4: {=AVERAGE(ABS(Y4:Y11),ABS(Y13:Y14))} -> 0.30341747 | AJ4: {=AVERAGE(ABS(Z4:Z11),ABS(Z13:Z14))} -> 0.13430703 | AK4: {=AVERAGE(ABS(AA4:AA11),ABS(AA13:AA14))} -> 0.019784706 | AL4: {=AVERAGE(ABS(AB4:AB11),ABS(AB13:AB14))} -> 0.13700285
A5: ='Proximal Validation (double)'!A5 -> 0.7 | B5: ='Proximal Validation (double)'!B5 -> 0.16 | C5: ='Proximal Validation (double)'!C5 -> 0.785 | D5: ='Proximal Validation (double)'!D5 -> 0.3 | E5: ='Proximal Validation (double)'!E5 -> 0.06 | F5: ='Proximal Validation (double)'!F5 -> 3.665 | G5: ='Proximal Validation (double)'!G5 -> 0 | H5: ='Proximal Validation (double)'!H5 -> 0 | ... O5: ='Proximal Validation (double)'!O5 -> 0.34258223 | P5: 0.75236038 | Q5: 0.15636629 | R5: 0.90650188 | S5: 0.34837115 | T5: 0.020000002 | U5: 3.8134118 | V5: 1.6624091e-05 | W5: =P5-A5 -> 0.052360377 | X5: =Q5-B5 -> -0.0036337078 | Y5: =R5-C5 -> 0.12150188 | Z5: =S5-D5 -> 0.048371149 | AA5: =T5-E5 -> -0.039999998 | AB5: =U5-F5 -> 0.14841181 | AC5: =AVERAGE(ABS(W5),ABS(Z5)) -> 0.050365763 | AD5: =AVERAGE(ABS(X5),ABS(AA5)) -> 0.021816853 | AE5: =AVERAGE(ABS(Y5),ABS(AB5)) -> 0.13495684 | AF5: 1.336101 | AG5: Absolute Mean Error (Across Both Forces)
A6: ='Proximal Validation (double)'!A6 -> 0.3 | B6: ='Proximal Validation (double)'!B6 -> 0.2 | C6: ='Proximal Validation (double)'!C6 -> 0.785 | D6: ='Proximal Validation (double)'!D6 -> 0.7 | E6: ='Proximal Validation (double)'!E6 -> 0.02 | F6: ='Proximal Validation (double)'!F6 -> 3.665 | G6: ='Proximal Validation (double)'!G6 -> 0 | H6: ='Proximal Validation (double)'!H6 -> 0 | ... O6: ='Proximal Validation (double)'!O6 -> -0.17572218 | P6: 0.49977601 | Q6: 0.11010282 | R6: 0.80918576 | S6: 0.99999957 | T6: 0.024343562 | U6: 3.7082143 | V6: 1.4996205e-07 | W6: =P6-A6 -> 0.19977601 | X6: =Q6-B6 -> -0.089897177 | Y6: =R6-C6 -> 0.024185756 | Z6: =S6-D6 -> 0.29999957 | AA6: =T6-E6 -> 0.0043435617 | AB6: =U6-F6 -> 0.043214262 | AC6: =AVERAGE(ABS(W6),ABS(Z6)) -> 0.24988779 | AD6: =AVERAGE(ABS(X6),ABS(AA6)) -> 0.047120369 | AE6: =AVERAGE(ABS(Y6),ABS(AB6)) -> 0.033700009 | AF6: 0.7565429 | AG6: force_error | AH6: position_error | AI6: angle_error
A7: ='Proximal Validation (double)'!A7 -> 0.3 | B7: ='Proximal Validation (double)'!B7 -> 0.14 | C7: ='Proximal Validation (double)'!C7 -> 2.618 | D7: ='Proximal Validation (double)'!D7 -> 0.8 | E7: ='Proximal Validation (double)'!E7 -> 0.04 | F7: ='Proximal Validation (double)'!F7 -> 1.047 | G7: ='Proximal Validation (double)'!G7 -> 0 | H7: ='Proximal Validation (double)'!H7 -> 0 | ... O7: ='Proximal Validation (double)'!O7 -> 0.98013961 | P7: 0.44292851 | Q7: 0.14487006 | R7: 1.9423763 | S7: 0.65698829 | T7: 0.023725386 | U7: 1.0587198 | V7: 0.00026266081 | W7: =P7-A7 -> 0.14292851 | X7: =Q7-B7 -> 0.0048700644 | Y7: =R7-C7 -> -0.67562371 | Z7: =S7-D7 -> -0.14301171 | AA7: =T7-E7 -> -0.016274614 | AB7: =U7-F7 -> 0.011719801 | AC7: =AVERAGE(ABS(W7),ABS(Z7)) -> 0.14297011 | AD7: =AVERAGE(ABS(X7),ABS(AA7)) -> 0.010572339 | AE7: =AVERAGE(ABS(Y7),ABS(AB7)) -> 0.34367176 | AF7: 0.331727 | AG7: =AVERAGE(AG4,AJ4) -> 0.14091205 | AH7: =AVERAGE(AH4,AK4) -> 0.024237236 | AI7: =AVERAGE(AI4,AL4) -> 0.22021016
A8: ='Proximal Validation (double)'!A8 -> 0.4 | B8: ='Proximal Validation (double)'!B8 -> 0.18 | C8: ='Proximal Validation (double)'!C8 -> 2.618 | D8: ='Proximal Validation (double)'!D8 -> 0.3 | E8: ='Proximal Validation (double)'!E8 -> 0.02 | F8: ='Proximal Validation (double)'!F8 -> 1.047 | G8: ='Proximal Validation (double)'!G8 -> 0 | H8: ='Proximal Validation (double)'!H8 -> 0 | ... O8: ='Proximal Validation (double)'!O8 -> 0.53465891 | P8: 0.36319322 | Q8: 0.2 | R8: 2.1784313 | S8: 0.29731697 | T8: 0.02 | U8: 0.99320824 | V8: 0.00092230926 | W8: =P8-A8 -> -0.036806776 | X8: =Q8-B8 -> 0.02 | Y8: =R8-C8 -> -0.43956865 | Z8: =S8-D8 -> -0.0026830334 | AA8: =T8-E8 -> 2.220446e-14 | AB8: =U8-F8 -> -0.053791764 | AC8: =AVERAGE(ABS(W8),ABS(Z8)) -> 0.019744905 | AD8: =AVERAGE(ABS(X8),ABS(AA8)) -> 0.01 | AE8: =AVERAGE(ABS(Y8),ABS(AB8)) -> 0.24668021 | AF8: 0.1906012
A9: ='Proximal Validation (double)'!A9 -> 0.8 | B9: ='Proximal Validation (double)'!B9 -> 0.18 | C9: ='Proximal Validation (double)'!C9 -> 2.618 | D9: ='Proximal Validation (double)'!D9 -> 0.7 | E9: ='Proximal Validation (double)'!E9 -> 0.06 | F9: ='Proximal Validation (double)'!F9 -> 2.356 | G9: ='Proximal Validation (double)'!G9 -> 0 | H9: ='Proximal Validation (double)'!H9 -> 0 | ... O9: ='Proximal Validation (double)'!O9 -> 1.0174024 | P9: 0.92106211 | Q9: 0.18159215 | R9: 2.1671248 | S9: 0.59867223 | T9: 0.071128365 | U9: 2.3854324 | V9: 5.6332176e-17 | W9: =P9-A9 -> 0.12106211 | X9: =Q9-B9 -> 0.0015921484 | Y9: =R9-C9 -> -0.45087518 | Z9: =S9-D9 -> -0.10132777 | AA9: =T9-E9 -> 0.011128365 | AB9: =U9-F9 -> 0.029432351 | AC9: =AVERAGE(ABS(W9),ABS(Z9)) -> 0.11119494 | AD9: =AVERAGE(ABS(X9),ABS(AA9)) -> 0.0063602567 | AE9: =AVERAGE(ABS(Y9),ABS(AB9)) -> 0.24015377 | AF9: 2.585978
A10: ='Proximal Validation (double)'!A10 -> 0.7 | B10: ='Proximal Validation (double)'!B10 -> 0.2 | C10: ='Proximal Validation (double)'!C10 -> 2.618 | D10: ='Proximal Validation (double)'!D10 -> 0.8 | E10: ='Proximal Validation (double)'!E10 -> 0.02 | F10: ='Proximal Validation (double)'!F10 -> 2.356 | G10: ='Proximal Validation (double)'!G10 -> 0 | H10: ='Proximal Validation (double)'!H10 -> 0 | ... O10: ='Proximal Validation (double)'!O10 -> 1.0174024 | P10: 0.92106211 | Q10: 0.18159215 | R10: 2.1671248 | S10: 0.59867223 | T10: 0.071128365 | U10: 2.3854324 | V10: 5.6332176e-17 | W10: =P10-A10 -> 0.22106211 | X10: =Q10-B10 -> -0.018407852 | Y10: =R10-C10 -> -0.45087518 | Z10: =S10-D10 -> -0.20132777 | AA10: =T10-E10 -> 0.051128365 | AB10: =U10-F10 -> 0.029432351 | AC10: =AVERAGE(ABS(W10),ABS(Z10)) -> 0.21119494 | AD10: =AVERAGE(ABS(X10),ABS(AA10)) -> 0.034768108 | AE10: =AVERAGE(ABS(Y10),ABS(AB10)) -> 0.24015377 | AF10: 3.258882
A11: ='Proximal Validation (double)'!A11 -> 0.8 | B11: ='Proximal Validation (double)'!B11 -> 0.12 | C11: ='Proximal Validation (double)'!C11 -> 2.618 | D11: ='Proximal Validation (double)'!D11 -> 0.3 | E11: ='Proximal Validation (double)'!E11 -> 0.02 | F11: ='Proximal Validation (double)'!F11 -> 3.665 | G11: ='Proximal Validation (double)'!G11 -> 0 | H11: ='Proximal Validation (double)'!H11 -> 0 | ... O11: ='Proximal Validation (double)'!O11 -> 0.58108544 | P11: 0.56804917 | Q11: 0.17390846 | R11: 2.1153608 | S11: 0.46023236 | T11: 0.035387751 | U11: 2.8674296 | V11: 2.3408565e-13 | W11: =P11-A11 -> -0.23195083 | X11: =Q11-B11 -> 0.053908457 | Y11: =R11-C11 -> -0.50263916 | Z11: =S11-D11 -> 0.16023236 | AA11: =T11-E11 -> 0.015387751 | AB11: =U11-F11 -> -0.79757045 | AC11: =AVERAGE(ABS(W11),ABS(Z11)) -> 0.1960916 | AD11: =AVERAGE(ABS(X11),ABS(AA11)) -> 0.034648104 | AE11: =AVERAGE(ABS(Y11),ABS(AB11)) -> 0.6501048 | AF11: 0.1516146
A12: ='Proximal Validation (double)'!A12 -> 0.6 | B12: ='Proximal Validation (double)'!B12 -> 0.2 | C12: ='Proximal Validation (double)'!C12 -> 2.618 | D12: ='Proximal Validation (double)'!D12 -> 0.5 | E12: ='Proximal Validation (double)'!E12 -> 0.1 | F12: ='Proximal Validation (double)'!F12 -> 3.665 | G12: ='Proximal Validation (double)'!G12 -> 0 | H12: ='Proximal Validation (double)'!H12 -> 0 | ... O12: ='Proximal Validation (double)'!O12 -> 0 | W12: =P12-A12 -> -0.6 | X12: =Q12-B12 -> -0.2 | Y12: =R12-C12 -> -2.618 | Z12: =S12-D12 -> -0.5 | AA12: =T12-E12 -> -0.1 | AB12: =U12-F12 -> -3.665 | AC12: =AVERAGE(ABS(W12),ABS(Z12)) -> 0.55 | AD12: =AVERAGE(ABS(X12),ABS(AA12)) -> 0.15 | AE12: =AVERAGE(ABS(Y12),ABS(AB12)) -> 3.1415 | AF12: 0.8776193
A13: ='Proximal Validation (double)'!A13 -> 0.7 | B13: ='Proximal Validation (double)'!B13 -> 0.12 | C13: ='Proximal Validation (double)'!C13 -> 3.927 | D13: ='Proximal Validation (double)'!D13 -> 0.7 | E13: ='Proximal Validation (double)'!E13 -> 0.02 | F13: ='Proximal Validation (double)'!F13 -> 1.047 | G13: ='Proximal Validation (double)'!G13 -> 0 | H13: ='Proximal Validation (double)'!H13 -> 0 | ... O13: ='Proximal Validation (double)'!O13 -> 0.018610302 | P13: 0.82489873 | Q13: 0.12449769 | R13: 3.9803345 | S13: 0.73632438 | T13: 0.024421236 | U13: 1.0122012 | V13: 1.1898792e-08 | W13: =P13-A13 -> 0.12489873 | X13: =Q13-B13 -> 0.0044976944 | Y13: =R13-C13 -> 0.053334465 | Z13: =S13-D13 -> 0.036324376 | AA13: =T13-E13 -> 0.0044212356 | AB13: =U13-F13 -> -0.034798827 | AC13: =AVERAGE(ABS(W13),ABS(Z13)) -> 0.080611553 | AD13: =AVERAGE(ABS(X13),ABS(AA13)) -> 0.004459465 | AE13: =AVERAGE(ABS(Y13),ABS(AB13)) -> 0.044066646 | AF13: 0.7025126
A14: ='Proximal Validation (double)'!A14 -> 0.8 | B14: ='Proximal Validation (double)'!B14 -> 0.2 | C14: ='Proximal Validation (double)'!C14 -> 3.927 | D14: ='Proximal Validation (double)'!D14 -> 0.4 | E14: ='Proximal Validation (double)'!E14 -> 0.04 | F14: ='Proximal Validation (double)'!F14 -> 1.047 | G14: ='Proximal Validation (double)'!G14 -> 0 | H14: ='Proximal Validation (double)'!H14 -> 0 | ... O14: ='Proximal Validation (double)'!O14 -> -0.02800465 | P14: 1 | Q14: 0.18990945 | R14: 4.004186 | S14: 0.67018997 | T14: 0.064927976 | U14: 0.94791291 | V14: 0.00030986684 | W14: =P14-A14 -> 0.2 | X14: =Q14-B14 -> -0.010090555 | Y14: =R14-C14 -> 0.077185952 | Z14: =S14-D14 -> 0.27018997 | AA14: =T14-E14 -> 0.024927976 | AB14: =U14-F14 -> -0.099087086 | AC14: =AVERAGE(ABS(W14),ABS(Z14)) -> 0.23509499 | AD14: =AVERAGE(ABS(X14),ABS(AA14)) -> 0.017509266 | AE14: =AVERAGE(ABS(Y14),ABS(AB14)) -> 0.088136519 | AF14: 2.942576
A15: ='Proximal Validation (double)'!A15 -> 0.3 | B15: ='Proximal Validation (double)'!B15 -> 0.2 | C15: ='Proximal Validation (double)'!C15 -> 3.927 | D15: ='Proximal Validation (double)'!D15 -> 0.3 | E15: ='Proximal Validation (double)'!E15 -> 0.1 | F15: ='Proximal Validation (double)'!F15 -> 2.356 | G15: ='Proximal Validation (double)'!G15 -> 0 | H15: ='Proximal Validation (double)'!H15 -> 0 | ... O15: ='Proximal Validation (double)'!O15 -> 0 | W15: =P15-A15 -> -0.3 | X15: =Q15-B15 -> -0.2 | Y15: =R15-C15 -> -3.927 | Z15: =S15-D15 -> -0.3 | AA15: =T15-E15 -> -0.1 | AB15: =U15-F15 -> -2.356 | AC15: =AVERAGE(ABS(W15),ABS(Z15)) -> 0.3 | AD15: =AVERAGE(ABS(X15),ABS(AA15)) -> 0.15 | AE15: =AVERAGE(ABS(Y15),ABS(AB15)) -> 3.1415 | AF15: 0.2289759
A16: ='Proximal Validation (double)'!A16 -> 0.8 | B16: ='Proximal Validation (double)'!B16 -> 0.16 | C16: ='Proximal Validation (double)'!C16 -> 3.927 | D16: ='Proximal Validation (double)'!D16 -> 0.8 | E16: ='Proximal Validation (double)'!E16 -> 0.02 | F16: ='Proximal Validation (double)'!F16 -> 3.665 | G16: ='Proximal Validation (double)'!G16 -> 0 | H16: ='Proximal Validation (double)'!H16 -> 0 | ... O16: ='Proximal Validation (double)'!O16 -> 0 | W16: =P16-A16 -> -0.8 | X16: =Q16-B16 -> -0.16 | Y16: =R16-C16 -> -3.927 | Z16: =S16-D16 -> -0.8 | AA16: =T16-E16 -> -0.02 | AB16: =U16-F16 -> -3.665 | AC16: =AVERAGE(ABS(W16),ABS(Z16)) -> 0.8 | AD16: =AVERAGE(ABS(X16),ABS(AA16)) -> 0.09 | AE16: =AVERAGE(ABS(Y16),ABS(AB16)) -> 3.796 | AF16: 2.681399
A17: ='Proximal Validation (double)'!A17 -> 0.4 | B17: ='Proximal Validation (double)'!B17 -> 0.2 | C17: ='Proximal Validation (double)'!C17 -> 3.927 | D17: ='Proximal Validation (double)'!D17 -> 0.8 | E17: ='Proximal Validation (double)'!E17 -> 0.06 | F17: ='Proximal Validation (double)'!F17 -> 3.665 | G17: ='Proximal Validation (double)'!G17 -> 0 | H17: ='Proximal Validation (double)'!H17 -> 0 | ... O17: ='Proximal Validation (double)'!O17 -> 0 | W17: =P17-A17 -> -0.4 | X17: =Q17-B17 -> -0.2 | Y17: =R17-C17 -> -3.927 | Z17: =S17-D17 -> -0.8 | AA17: =T17-E17 -> -0.06 | AB17: =U17-F17 -> -3.665 | AC17: =AVERAGE(ABS(W17),ABS(Z17)) -> 0.6 | AD17: =AVERAGE(ABS(X17),ABS(AA17)) -> 0.13 | AE17: =AVERAGE(ABS(Y17),ABS(AB17)) -> 3.796 | AF17: 1.104257

Sheet Distal Validati (sim)
A1: Ground Truth | J1: 6-Axis FT Sensor | P1: SoRoSim get_distal_value | W1: Distal Errors | AC1: Stats
A2: F1 (N) | B2: s1 (m) | C2: theta1 (rad) | D2: F2 (N) | E2: s2 (m) | F2: theta2 (rad) | G2: tau1 (N) | H2: tau2 (N) | I2: tau3 (N) | J2: Tx (Nm) | K2: Ty (Nm) | L2: Tz(Nm) | M2: Fx (N) | N2: Fy (N) | O2: Fz (N) | P2: F1 (N) | Q2: s1 (m) | R2: theta1 (rad) | S2: F2 (N) | T2: s2 (m) | U2: theta2 (rad) | V2: f_final | W2: F1 (N) | X2: s1 (m) | Y2: theta1 (rad) | Z2: F2 (N) | AA2: s2 (m) | AB2: theta2 (rad) | AC2: force_error | AD2: position_error | AE2: angle_error | AF2: singullar values | AG2: Absolute Mean Error
A3: ='Proximal Validation (double)'!A3 -> 0.8 | B3: ='Proximal Validation (double)'!B3 -> 0.2 | C3: ='Proximal Validation (double)'!C3 -> 0.785 | D3: ='Proximal Validation (double)'!D3 -> 0.8 | E3: ='Proximal Validation (double)'!E3 -> 0.1 | F3: ='Proximal Validation (double)'!F3 -> 1.047 | G3: ='Proximal Validation (double)'!G3 -> 0 | H3: ='Proximal Validation (double)'!H3 -> 0 | ... O3: ='Proximal Validation (double)'!O3 -> 0 | P3: 0.8045944 | Q3: 0.19923814 | R3: 0.7854008 | S3: 0.79565762 | T3: 0.099847935 | U3: 1.0479744 | V3: 3.510415e-09 | W3: =P3-A3 -> 0.0045943966 | X3: =Q3-B3 -> -0.0007618642 | Y3: =R3-C3 -> 0.00040080326 | Z3: =S3-D3 -> -0.004342375 | AA3: =T3-E3 -> -0.00015206527 | AB3: =U3-F3 -> 0.00097443293 | AC3: =AVERAGE(ABS(W3),ABS(Z3)) -> 0.0044683858 | AD3: =AVERAGE(ABS(X3),ABS(AA3)) -> 0.00045696474 | AE3: =AVERAGE(ABS(Y3),ABS(AB3)) -> 0.00068761809 | AF3: 0.1974556 | AG3: F1 (N) | AH3: s1 (m) | AI3: theta1 (rad) | AJ3: F2 (N) | AK3: s2 (m) | AL3: theta2 (rad)
A4: ='Proximal Validation (double)'!A4 -> 0.4 | B4: ='Proximal Validation (double)'!B4 -> 0.12 | C4: ='Proximal Validation (double)'!C4 -> 0.785 | D4: ='Proximal Validation (double)'!D4 -> 0.4 | E4: ='Proximal Validation (double)'!E4 -> 0.02 | F4: ='Proximal Validation (double)'!F4 -> 2.356 | G4: ='Proximal Validation (double)'!G4 -> 0 | H4: ='Proximal Validation (double)'!H4 -> 0 | ... O4: ='Proximal Validation (double)'!O4 -> 0.50792885 | P4: 0.42253084 | Q4: 0.11530167 | R4: 0.70506515 | S4: 0.43421226 | T4: 0.027293164 | U4: 2.4050084 | V4: 5.9892618e-09 | W4: =P4-A4 -> 0.022530837 | X4: =Q4-B4 -> -0.0046983256 | Y4: =R4-C4 -> -0.079934848 | Z4: =S4-D4 -> 0.034212264 | AA4: =T4-E4 -> 0.0072931642 | AB4: =U4-F4 -> 0.049008362 | AC4: =AVERAGE(ABS(W4),ABS(Z4)) -> 0.02837155 | AD4: =AVERAGE(ABS(X4),ABS(AA4)) -> 0.0059957449 | AE4: =AVERAGE(ABS(Y4),ABS(AB4)) -> 0.064471605 | AF4: 0.06470381 | AG4: {=AVERAGE(ABS(W3:W17))} -> 0.031233909 | AH4: {=AVERAGE(ABS(X3:X17))} -> 0.0044661326 | AI4: {=AVERAGE(ABS(Y3:Y17))} -> 0.11241814 | AJ4: {=AVERAGE(ABS(Z3:Z17))} -> 0.055945991 | AK4: {=AVERAGE(ABS(AA3:AA17))} -> 0.0075345939 | AL4: {=AVERAGE(ABS(AB3:AB17))} -> 0.036400097
A5: ='Proximal Validation (double)'!A5 -> 0.7 | B5: ='Proximal Validation (double)'!B5 -> 0.16 | C5: ='Proximal Validation (double)'!C5 -> 0.785 | D5: ='Proximal Validation (double)'!D5 -> 0.3 | E5: ='Proximal Validation (double)'!E5 -> 0.06 | F5: ='Proximal Validation (double)'!F5 -> 3.665 | G5: ='Proximal Validation (double)'!G5 -> 0 | H5: ='Proximal Validation (double)'!H5 -> 0 | ... O5: ='Proximal Validation (double)'!O5 -> 0.34258223 | P5: 0.69999991 | Q5: 0.16000001 | R5: 0.785 | S5: 0.29999991 | T5: 0.059999997 | U5: 3.665 | V5: 1.0909825e-15 | W5: =P5-A5 -> -8.8481905e-08 | X5: =Q5-B5 -> 8.6365557e-09 | Y5: =R5-C5 -> 2.5243544e-09 | Z5: =S5-D5 -> -8.9105828e-08 | AA5: =T5-E5 -> -2.5100708e-09 | AB5: =U5-F5 -> -2.48835e-08 | AC5: =AVERAGE(ABS(W5),ABS(Z5)) -> 8.8793867e-08 | AD5: =AVERAGE(ABS(X5),ABS(AA5)) -> 5.5733132e-09 | AE5: =AVERAGE(ABS(Y5),ABS(AB5)) -> 1.3703927e-08 | AF5: 1.336101 | AG5: Absolute Mean Error (Across Both Forces)
A6: ='Proximal Validation (double)'!A6 -> 0.3 | B6: ='Proximal Validation (double)'!B6 -> 0.2 | C6: ='Proximal Validation (double)'!C6 -> 0.785 | D6: ='Proximal Validation (double)'!D6 -> 0.7 | E6: ='Proximal Validation (double)'!E6 -> 0.02 | F6: ='Proximal Validation (double)'!F6 -> 3.665 | G6: ='Proximal Validation (double)'!G6 -> 0 | H6: ='Proximal Validation (double)'!H6 -> 0 | ... O6: ='Proximal Validation (double)'!O6 -> -0.17572218 | P6: 0.30096117 | Q6: 0.19896679 | R6: 0.78497451 | S6: 0.7009491 | T6: 0.020000001 | U6: 3.6653714 | V6: 4.9101565e-09 | W6: =P6-A6 -> 0.00096116613 | X6: =Q6-B6 -> -0.0010332058 | Y6: =R6-C6 -> -2.5492731e-05 | Z6: =S6-D6 -> 0.00094909502 | AA6: =T6-E6 -> 8.6301871e-10 | AB6: =U6-F6 -> 0.00037141903 | AC6: =AVERAGE(ABS(W6),ABS(Z6)) -> 0.00095513057 | AD6: =AVERAGE(ABS(X6),ABS(AA6)) -> 0.00051660333 | AE6: =AVERAGE(ABS(Y6),ABS(AB6)) -> 0.00019845588 | AF6: 0.7565429 | AG6: force_error | AH6: position_error | AI6: angle_error
A7: ='Proximal Validation (double)'!A7 -> 0.3 | B7: ='Proximal Validation (double)'!B7 -> 0.14 | C7: ='Proximal Validation (double)'!C7 -> 2.618 | D7: ='Proximal Validation (double)'!D7 -> 0.8 | E7: ='Proximal Validation (double)'!E7 -> 0.04 | F7: ='Proximal Validation (double)'!F7 -> 1.047 | G7: ='Proximal Validation (double)'!G7 -> 0 | H7: ='Proximal Validation (double)'!H7 -> 0 | ... O7: ='Proximal Validation (double)'!O7 -> 0.98013961 | P7: 0.28152962 | Q7: 0.16587804 | R7: 3.2615934 | S7: 0.97087507 | T7: 0.062055384 | U7: 1.1246669 | V7: 2.4768335e-08 | W7: =P7-A7 -> -0.018470383 | X7: =Q7-B7 -> 0.025878038 | Y7: =R7-C7 -> 0.64359336 | Z7: =S7-D7 -> 0.17087507 | AA7: =T7-E7 -> 0.022055384 | AB7: =U7-F7 -> 0.077666908 | AC7: =AVERAGE(ABS(W7),ABS(Z7)) -> 0.094672727 | AD7: =AVERAGE(ABS(X7),ABS(AA7)) -> 0.023966711 | AE7: =AVERAGE(ABS(Y7),ABS(AB7)) -> 0.36063013 | AF7: 0.331727 | AG7: =AVERAGE(AG4,AJ4) -> 0.04358995 | AH7: =AVERAGE(AH4,AK4) -> 0.0060003632 | AI7: =AVERAGE(AI4,AL4) -> 0.074409117
A8: ='Proximal Validation (double)'!A8 -> 0.4 | B8: ='Proximal Validation (double)'!B8 -> 0.18 | C8: ='Proximal Validation (double)'!C8 -> 2.618 | D8: ='Proximal Validation (double)'!D8 -> 0.3 | E8: ='Proximal Validation (double)'!E8 -> 0.02 | F8: ='Proximal Validation (double)'!F8 -> 1.047 | G8: ='Proximal Validation (double)'!G8 -> 0 | H8: ='Proximal Validation (double)'!H8 -> 0 | ... O8: ='Proximal Validation (double)'!O8 -> 0.53465891 | P8: 0.41209856 | Q8: 0.1758503 | R8: 2.6835913 | S8: 0.32637361 | T8: 0.032851432 | U8: 1.0118662 | V8: 3.5464491e-12 | W8: =P8-A8 -> 0.012098556 | X8: =Q8-B8 -> -0.0041497019 | Y8: =R8-C8 -> 0.06559126 | Z8: =S8-D8 -> 0.026373606 | AA8: =T8-E8 -> 0.012851432 | AB8: =U8-F8 -> -0.035133798 | AC8: =AVERAGE(ABS(W8),ABS(Z8)) -> 0.019236081 | AD8: =AVERAGE(ABS(X8),ABS(AA8)) -> 0.0085005669 | AE8: =AVERAGE(ABS(Y8),ABS(AB8)) -> 0.050362529 | AF8: 0.1906012
A9: ='Proximal Validation (double)'!A9 -> 0.8 | B9: ='Proximal Validation (double)'!B9 -> 0.18 | C9: ='Proximal Validation (double)'!C9 -> 2.618 | D9: ='Proximal Validation (double)'!D9 -> 0.7 | E9: ='Proximal Validation (double)'!E9 -> 0.06 | F9: ='Proximal Validation (double)'!F9 -> 2.356 | G9: ='Proximal Validation (double)'!G9 -> 0 | H9: ='Proximal Validation (double)'!H9 -> 0 | ... O9: ='Proximal Validation (double)'!O9 -> 1.0174024 | P9: 0.80001213 | Q9: 0.17999758 | R9: 2.6180009 | S9: 0.69998754 | T9: 0.060000346 | U9: 2.3559954 | V9: 2.4943012e-12 | W9: =P9-A9 -> 1.2129593e-05 | X9: =Q9-B9 -> -2.415307e-06 | Y9: =R9-C9 -> 9.4735058e-07 | Z9: =S9-D9 -> -1.2456358e-05 | AA9: =T9-E9 -> 3.4629163e-07 | AB9: =U9-F9 -> -4.5898195e-06 | AC9: =AVERAGE(ABS(W9),ABS(Z9)) -> 1.2292975e-05 | AD9: =AVERAGE(ABS(X9),ABS(AA9)) -> 1.3807993e-06 | AE9: =AVERAGE(ABS(Y9),ABS(AB9)) -> 2.768585e-06 | AF9: 2.585978
A10: ='Proximal Validation (double)'!A10 -> 0.7 | B10: ='Proximal Validation (double)'!B10 -> 0.2 | C10: ='Proximal Validation (double)'!C10 -> 2.618 | D10: ='Proximal Validation (double)'!D10 -> 0.8 | E10: ='Proximal Validation (double)'!E10 -> 0.02 | F10: ='Proximal Validation (double)'!F10 -> 2.356 | G10: ='Proximal Validation (double)'!G10 -> 0 | H10: ='Proximal Validation (double)'!H10 -> 0 | ... O10: ='Proximal Validation (double)'!O10 -> 1.0174024 | P10: 0.70021065 | Q10: 0.19987824 | R10: 2.6180242 | S10: 0.79976265 | T10: 0.020006221 | U10: 2.3559233 | V10: 1.356502e-09 | W10: =P10-A10 -> 0.00021064978 | X10: =Q10-B10 -> -0.00012175927 | Y10: =R10-C10 -> 2.4224951e-05 | Z10: =S10-D10 -> -0.00023734928 | AA10: =T10-E10 -> 6.2210413e-06 | AB10: =U10-F10 -> -7.6670007e-05 | AC10: =AVERAGE(ABS(W10),ABS(Z10)) -> 0.00022399953 | AD10: =AVERAGE(ABS(X10),ABS(AA10)) -> 6.3990157e-05 | AE10: =AVERAGE(ABS(Y10),ABS(AB10)) -> 5.0447479e-05 | AF10: 3.258882
A11: ='Proximal Validation (double)'!A11 -> 0.8 | B11: ='Proximal Validation (double)'!B11 -> 0.12 | C11: ='Proximal Validation (double)'!C11 -> 2.618 | D11: ='Proximal Validation (double)'!D11 -> 0.3 | E11: ='Proximal Validation (double)'!E11 -> 0.02 | F11: ='Proximal Validation (double)'!F11 -> 3.665 | G11: ='Proximal Validation (double)'!G11 -> 0 | H11: ='Proximal Validation (double)'!H11 -> 0 | ... O11: ='Proximal Validation (double)'!O11 -> 0.58108544 | P11: 0.39771602 | Q11: 0.14683886 | R11: 1.7402996 | S11: 0.89411117 | T11: 0.088596396 | U11: 3.2997171 | V11: 1.8666148e-10 | W11: =P11-A11 -> -0.40228398 | X11: =Q11-B11 -> 0.026838857 | Y11: =R11-C11 -> -0.87770041 | Z11: =S11-D11 -> 0.59411117 | AA11: =T11-E11 -> 0.068596396 | AB11: =U11-F11 -> -0.3652829 | AC11: =AVERAGE(ABS(W11),ABS(Z11)) -> 0.49819757 | AD11: =AVERAGE(ABS(X11),ABS(AA11)) -> 0.047717627 | AE11: =AVERAGE(ABS(Y11),ABS(AB11)) -> 0.62149165 | AF11: 0.1516146
A12: ='Proximal Validation (double)'!A12 -> 0.6 | B12: ='Proximal Validation (double)'!B12 -> 0.2 | C12: ='Proximal Validation (double)'!C12 -> 2.618 | D12: ='Proximal Validation (double)'!D12 -> 0.5 | E12: ='Proximal Validation (double)'!E12 -> 0.1 | F12: ='Proximal Validation (double)'!F12 -> 3.665 | G12: ='Proximal Validation (double)'!G12 -> 0 | H12: ='Proximal Validation (double)'!H12 -> 0 | ... O12: ='Proximal Validation (double)'!O12 -> 0 | P12: 0.60238529 | Q12: 0.19940247 | R12: 2.6190826 | S12: 0.49827911 | T12: 0.099841995 | U12: 3.6685815 | V12: 5.337482e-09 | W12: =P12-A12 -> 0.0023852901 | X12: =Q12-B12 -> -0.00059753402 | Y12: =R12-C12 -> 0.0010825556 | Z12: =S12-D12 -> -0.0017208852 | AA12: =T12-E12 -> -0.00015800549 | AB12: =U12-F12 -> 0.0035815077 | AC12: =AVERAGE(ABS(W12),ABS(Z12)) -> 0.0020530877 | AD12: =AVERAGE(ABS(X12),ABS(AA12)) -> 0.00037776975 | AE12: =AVERAGE(ABS(Y12),ABS(AB12)) -> 0.0023320317 | AF12: 0.8776193
A13: ='Proximal Validation (double)'!A13 -> 0.7 | B13: ='Proximal Validation (double)'!B13 -> 0.12 | C13: ='Proximal Validation (double)'!C13 -> 3.927 | D13: ='Proximal Validation (double)'!D13 -> 0.7 | E13: ='Proximal Validation (double)'!E13 -> 0.02 | F13: ='Proximal Validation (double)'!F13 -> 1.047 | G13: ='Proximal Validation (double)'!G13 -> 0 | H13: ='Proximal Validation (double)'!H13 -> 0 | ... O13: ='Proximal Validation (double)'!O13 -> 0.018610302 | P13: 0.70000027 | Q13: 0.11999998 | R13: 3.9270001 | S13: 0.70000027 | T13: 0.020000022 | U13: 1.047 | V13: 1.6781898e-18 | W13: =P13-A13 -> 2.7317438e-07 | X13: =Q13-B13 -> -2.0457583e-08 | Y13: =R13-C13 -> 5.2761957e-08 | Z13: =S13-D13 -> 2.7412587e-07 | AA13: =T13-E13 -> 2.1719603e-08 | AB13: =U13-F13 -> -4.9273951e-08 | AC13: =AVERAGE(ABS(W13),ABS(Z13)) -> 2.7365013e-07 | AD13: =AVERAGE(ABS(X13),ABS(AA13)) -> 2.1088593e-08 | AE13: =AVERAGE(ABS(Y13),ABS(AB13)) -> 5.1017954e-08 | AF13: 0.7025126
A14: ='Proximal Validation (double)'!A14 -> 0.8 | B14: ='Proximal Validation (double)'!B14 -> 0.2 | C14: ='Proximal Validation (double)'!C14 -> 3.927 | D14: ='Proximal Validation (double)'!D14 -> 0.4 | E14: ='Proximal Validation (double)'!E14 -> 0.04 | F14: ='Proximal Validation (double)'!F14 -> 1.047 | G14: ='Proximal Validation (double)'!G14 -> 0 | H14: ='Proximal Validation (double)'!H14 -> 0 | ... O14: ='Proximal Validation (double)'!O14 -> -0.02800465 | P14: 0.80001061 | Q14: 0.19999522 | R14: 3.9269989 | S14: 0.40001214 | T14: 0.03999954 | U14: 1.0469927 | V14: 5.4347265e-12 | W14: =P14-A14 -> 1.0608417e-05 | X14: =Q14-B14 -> -4.7768512e-06 | Y14: =R14-C14 -> -1.08065e-06 | Z14: =S14-D14 -> 1.2141929e-05 | AA14: =T14-E14 -> -4.6007828e-07 | AB14: =U14-F14 -> -7.2685489e-06 | AC14: =AVERAGE(ABS(W14),ABS(Z14)) -> 1.1375173e-05 | AD14: =AVERAGE(ABS(X14),ABS(AA14)) -> 2.6184647e-06 | AE14: =AVERAGE(ABS(Y14),ABS(AB14)) -> 4.1745995e-06 | AF14: 2.942576
A15: ='Proximal Validation (double)'!A15 -> 0.3 | B15: ='Proximal Validation (double)'!B15 -> 0.2 | C15: ='Proximal Validation (double)'!C15 -> 3.927 | D15: ='Proximal Validation (double)'!D15 -> 0.3 | E15: ='Proximal Validation (double)'!E15 -> 0.1 | F15: ='Proximal Validation (double)'!F15 -> 2.356 | G15: ='Proximal Validation (double)'!G15 -> 0 | H15: ='Proximal Validation (double)'!H15 -> 0 | ... O15: ='Proximal Validation (double)'!O15 -> 0 | P15: 0.30390699 | Q15: 0.19790422 | R15: 3.9092201 | S15: 0.2946731 | T15: 0.098139108 | U15: 2.3425566 | V15: 7.7875052e-09 | W15: =P15-A15 -> 0.0039069861 | X15: =Q15-B15 -> -0.0020957761 | Y15: =R15-C15 -> -0.017779897 | Z15: =S15-D15 -> -0.0053268962 | AA15: =T15-E15 -> -0.001860892 | AB15: =U15-F15 -> -0.013443356 | AC15: =AVERAGE(ABS(W15),ABS(Z15)) -> 0.0046169411 | AD15: =AVERAGE(ABS(X15),ABS(AA15)) -> 0.0019783341 | AE15: =AVERAGE(ABS(Y15),ABS(AB15)) -> 0.015611626 | AF15: 0.2289759
A16: ='Proximal Validation (double)'!A16 -> 0.8 | B16: ='Proximal Validation (double)'!B16 -> 0.16 | C16: ='Proximal Validation (double)'!C16 -> 3.927 | D16: ='Proximal Validation (double)'!D16 -> 0.8 | E16: ='Proximal Validation (double)'!E16 -> 0.02 | F16: ='Proximal Validation (double)'!F16 -> 3.665 | G16: ='Proximal Validation (double)'!G16 -> 0 | H16: ='Proximal Validation (double)'!H16 -> 0 | ... O16: ='Proximal Validation (double)'!O16 -> 0 | P16: 0.79999948 | Q16: 0.16000006 | R16: 3.9270001 | S16: 0.80000053 | T16: 0.02000003 | U16: 3.6650002 | V16: 5.798821e-15 | W16: =P16-A16 -> -5.1733744e-07 | X16: =Q16-B16 -> 6.4964011e-08 | Y16: =R16-C16 -> 5.6482919e-08 | Z16: =S16-D16 -> 5.3172107e-07 | AA16: =T16-E16 -> 3.0047119e-08 | AB16: =U16-F16 -> 1.5406658e-07 | AC16: =AVERAGE(ABS(W16),ABS(Z16)) -> 5.2452925e-07 | AD16: =AVERAGE(ABS(X16),ABS(AA16)) -> 4.7505565e-08 | AE16: =AVERAGE(ABS(Y16),ABS(AB16)) -> 1.0527475e-07 | AF16: 2.681399
A17: ='Proximal Validation (double)'!A17 -> 0.4 | B17: ='Proximal Validation (double)'!B17 -> 0.2 | C17: ='Proximal Validation (double)'!C17 -> 3.927 | D17: ='Proximal Validation (double)'!D17 -> 0.8 | E17: ='Proximal Validation (double)'!E17 -> 0.06 | F17: ='Proximal Validation (double)'!F17 -> 3.665 | G17: ='Proximal Validation (double)'!G17 -> 0 | H17: ='Proximal Validation (double)'!H17 -> 0 | ... O17: ='Proximal Validation (double)'!O17 -> 0 | P17: 0.40104278 | Q17: 0.19919036 | R17: 3.9271371 | S17: 0.79898434 | T17: 0.060044487 | U17: 3.66455 | V17: 1.1799087e-08 | W17: =P17-A17 -> 0.0010427795 | X17: =Q17-B17 -> -0.00080964088 | Y17: =R17-C17 -> 0.00013707172 | Z17: =S17-D17 -> -0.0010156577 | AA17: =T17-E17 -> 4.4486763e-05 | AB17: =U17-F17 -> -0.00045002069 | AC17: =AVERAGE(ABS(W17),ABS(Z17)) -> 0.0010292186 | AD17: =AVERAGE(ABS(X17),ABS(AA17)) -> 0.00042706382 | AE17: =AVERAGE(ABS(Y17),ABS(AB17)) -> 0.0002935462 | AF17: 1.104257

Sheet Conversion
A1: Raw Data | H1: Converted
A2: Fx | B2: Fy | C2: Fz | D2: Tx | E2: Ty | F2: Tz | H2: Tx | I2: Ty | J2: Tz | K2: Fx | L2: Fy | M2: Fz
A3: 0.50792885 | B3: 0.080224335 | C3: -0.045330036 | D3: 0.020731226 | E3: 0.090627849 | F3: -0.00065699103 | H3: =$F3 -> -0.00065699103 | I3: =-1*$E3 -> -0.090627849 | J3: =$D3 -> 0.020731226 | K3: =$C3 -> -0.045330036 | L3: =-1*$B3 -> -0.080224335 | M3: =$A3 -> 0.50792885
A4: 0.34258223 | B4: -0.16285944 | C4: -0.24421182 | D4: 0.080217548 | E4: 0.11687353 | F4: 0.001132024 | H4: =$F4 -> 0.001132024 | I4: =-1*$E4 -> -0.11687353 | J4: =$D4 -> 0.080217548 | K4: =$C4 -> -0.24421182 | L4: =-1*$B4 -> 0.16285944 | M4: =$A4 -> 0.34258223
A5: -0.17572218 | B5: 0.49980175 | C5: -0.025787529 | D5: -0.02752836 | E5: 0.010949088 | F5: 0.00050459569 | H5: =$F5 -> 0.00050459569 | I5: =-1*$E5 -> -0.010949088 | J5: =$D5 -> -0.02752836 | K5: =$C5 -> -0.025787529 | L5: =-1*$B5 -> -0.49980175 | M5: =$A5 -> -0.17572218
A6: 0.98013961 | B6: -0.16338085 | C6: -0.08353994 | D6: -0.00082256738 | E6: 0.16114858 | F6: -0.0019948105 | H6: =$F6 -> -0.0019948105 | I6: =-1*$E6 -> -0.16114858 | J6: =$D6 -> -0.00082256738 | K6: =$C6 -> -0.08353994 | L6: =-1*$B6 -> 0.16338085 | M6: =$A6 -> 0.98013961
A7: 0.53465891 | B7: 0.037903145 | C7: -0.1384604 | D7: -0.040013012 | E7: 0.10984389 | F7: -6.5418659e-05 | H7: =$F7 -> -6.5418659e-05 | I7: =-1*$E7 -> -0.10984389 | J7: =$D7 -> -0.040013012 | K7: =$C7 -> -0.1384604 | L7: =-1*$B7 -> -0.037903145 | M7: =$A7 -> 0.53465891
A8: 1.0174024 | B8: 0.84706509 | C8: -0.64324039 | D8: -0.19522019 | E8: 0.24740617 | F8: -0.0018610246 | H8: =$F8 -> -0.0018610246 | I8: =-1*$E8 -> -0.24740617 | J8: =$D8 -> -0.19522019 | K8: =$C8 -> -0.64324039 | L8: =-1*$B8 -> -0.84706509 | M8: =$A8 -> 1.0174024
A9: 1.0174024 | B9: 0.84706509 | C9: -0.64324039 | D9: -0.19522019 | E9: 0.24740617 | F9: -0.0018610246 | H9: =$F9 -> -0.0018610246 | I9: =-1*$E9 -> -0.24740617 | J9: =$D9 -> -0.19522019 | K9: =$C9 -> -0.64324039 | L9: =-1*$B9 -> -0.84706509 | M9: =$A9 -> 1.0174024
A10: 0.58108544 | B10: 0.71990585 | C10: -0.20672223 | D10: -0.13064361 | E10: 0.13894631 | F10: -0.00034919474 | H10: =$F10 -> -0.00034919474 | I10: =-1*$E10 -> -0.13894631 | J10: =$D10 -> -0.13064361 | K10: =$C10 -> -0.20672223 | L10: =-1*$B10 -> -0.71990585 | M10: =$A10 -> 0.58108544
A11: 0.018610302 | B11: 0.15057766 | C11: -0.13009995 | D11: -0.07213895 | E11: -0.05902008 | F11: 0.0015216047 | H11: =$F11 -> 0.0015216047 | I11: =-1*$E11 -> 0.05902008 | J11: =$D11 -> -0.07213895 | K11: =$C11 -> -0.13009995 | L11: =-1*$B11 -> -0.15057766 | M11: =$A11 -> 0.018610302
A12: -0.02800465 | B12: 0.1199845 | C12: -0.57114285 | D12: -0.099762969 | E12: -0.094685353 | F12: 0.001057881 | H12: =$F12 -> 0.001057881 | I12: =-1*$E12 -> 0.094685353 | J12: =$D12 -> -0.099762969 | K12: =$C12 -> -0.57114285 | L12: =-1*$B12 -> -0.1199845 | M12: =$A12 -> -0.02800465
H13: =$F13 -> 0 | I13: =-1*$E13 -> 0 | J13: =$D13 -> 0 | K13: =$C13 -> 0 | L13: =-1*$B13 -> 0 | M13: =$A13 -> 0
H14: =$F14 -> 0 | I14: =-1*$E14 -> 0 | J14: =$D14 -> 0 | K14: =$C14 -> 0 | L14: =-1*$B14 -> 0 | M14: =$A14 -> 0
H15: =$F15 -> 0 | I15: =-1*$E15 -> 0 | J15: =$D15 -> 0 | K15: =$C15 -> 0 | L15: =-1*$B15 -> 0 | M15: =$A15 -> 0
H16: =$F16 -> 0 | I16: =-1*$E16 -> 0 | J16: =$D16 -> 0 | K16: =$C16 -> 0 | L16: =-1*$B16 -> 0 | M16: =$A16 -> 0
H17: =$F17 -> 0 | I17: =-1*$E17 -> 0 | J17: =$D17 -> 0 | K17: =$C17 -> 0 | L17: =-1*$B17 -> 0 | M17: =$A17 -> 0
H18: =$F18 -> 0 | I18: =-1*$E18 -> 0 | J18: =$D18 -> 0 | K18: =$C18 -> 0 | L18: =-1*$B18 -> 0 | M18: =$A18 -> 0

Sheet Sheet2
C2: { | D2: [ | E2: -0.00065699103 | F2: -0.090627849 | G2: 0.020731226 | H2: -0.045330036 | I2: -0.080224335 | J2: 0.50792885 | K2: 0 | L2: 0 | M2: 0 | N2: ] | O2: ; | Q2: [ | R2: 0.8 | S2: 0.2 | T2: 0.785 | U2: 0.8 | V2: 0.1 | W2: 1.047 | X2: ;
D3: [ | E3: 0.001132024 | F3: -0.11687353 | G3: 0.080217548 | H3: -0.24421182 | I3: 0.16285944 | J3: 0.34258223 | K3: 0 | L3: 0 | M3: 0 | N3: ] | O3: ; | R3: 0.4 | S3: 0.12 | T3: 0.785 | U3: 0.4 | V3: 0.02 | W3: 2.356 | X3: ;
D4: [ | E4: 0.00050459569 | F4: -0.010949088 | G4: -0.02752836 | H4: -0.025787529 | I4: -0.49980175 | J4: -0.17572218 | K4: 0 | L4: 0 | M4: 0 | N4: ] | O4: ; | R4: 0.7 | S4: 0.16 | T4: 0.785 | U4: 0.3 | V4: 0.06 | W4: 3.665 | X4: ;
D5: [ | E5: -0.0019948105 | F5: -0.16114858 | G5: -0.00082256738 | H5: -0.08353994 | I5: 0.16338085 | J5: 0.98013961 | K5: 0 | L5: 0 | M5: 0 | N5: ] | O5: ; | R5: 0.3 | S5: 0.2 | T5: 0.785 | U5: 0.7 | V5: 0.02 | W5: 3.665 | X5: ;
D6: [ | E6: -6.5418659e-05 | F6: -0.10984389 | G6: -0.040013012 | H6: -0.1384604 | I6: -0.037903145 | J6: 0.53465891 | K6: 0 | L6: 0 | M6: 0 | N6: ] | O6: ; | R6: 0.3 | S6: 0.14 | T6: 2.094 | U6: 0.8 | V6: 0.04 | W6: 1.047 | X6: ;
D7: [ | E7: -0.0018610246 | F7: -0.24740617 | G7: -0.19522019 | H7: -0.64324039 | I7: -0.84706509 | J7: 1.0174024 | K7: 0 | L7: 0 | M7: 0 | N7: ] | O7: ; | R7: 0.4 | S7: 0.18 | T7: 2.094 | U7: 0.3 | V7: 0.02 | W7: 1.047 | X7: ;
D8: [ | E8: -0.0018610246 | F8: -0.24740617 | G8: -0.19522019 | H8: -0.64324039 | I8: -0.84706509 | J8: 1.0174024 | K8: 0 | L8: 0 | M8: 0 | N8: ] | O8: ; | R8: 0.8 | S8: 0.18 | T8: 2.094 | U8: 0.7 | V8: 0.06 | W8: 2.356 | X8: ;
D9: [ | E9: -0.00034919474 | F9: -0.13894631 | G9: -0.13064361 | H9: -0.20672223 | I9: -0.71990585 | J9: 0.58108544 | K9: 0 | L9: 0 | M9: 0 | N9: ] | O9: ; | R9: 0.7 | S9: 0.2 | T9: 2.094 | U9: 0.8 | V9: 0.02 | W9: 2.356 | X9: ;
D10: [ | E10: 0.0015216047 | F10: 0.05902008 | G10: -0.07213895 | H10: -0.13009995 | I10: -0.15057766 | J10: 0.018610302 | K10: 0 | L10: 0 | M10: 0 | N10: ] | O10: ; | R10: 0.8 | S10: 0.12 | T10: 2.094 | U10: 0.3 | V10: 0.02 | W10: 3.665 | X10: ;
D11: [ | E11: 0.001057881 | F11: 0.094685353 | G11: -0.099762969 | H11: -0.57114285 | I11: -0.1199845 | J11: -0.02800465 | K11: 0 | L11: 0 | M11: 0 | N11: ] | O11: } | R11: 0.6 | S11: 0.2 | T11: 2.094 | U11: 0.5 | V11: 0.1 | W11: 3.665 | X11: ;
R12: 0.7 | S12: 0.12 | T12: 3.927 | U12: 0.7 | V12: 0.02 | W12: 1.047 | X12: ;
R13: 0.8 | S13: 0.2 | T13: 3.927 | U13: 0.4 | V13: 0.04 | W13: 1.047 | X13: ;
R14: 0.3 | S14: 0.2 | T14: 3.927 | U14: 0.3 | V14: 0.1 | W14: 2.356 | X14: ;
R15: 0.8 | S15: 0.16 | T15: 3.927 | U15: 0.8 | V15: 0.02 | W15: 3.665 | X15: ;
R16: 0.4 | S16: 0.2 | T16: 3.927 | U16: 0.8 | V16: 0.06 | W16: 3.665 | X16: ; | Y16: ]
C19: { | D19: [ | E19: 0.8 | F19: 0.2 | G19: 0.785 | H19: 0.8 | I19: 0.1 | J19: 1.047 | K19: 0 | L19: 0 | M19: 0 | N19: ; | R19: 0.8 | S19: 0.2 | T19: 0.785 | U19: 0.8 | V19: 0.1 | W19: 1.047 | X19: 0 | Y19: 0 | Z19: 0
E20: 0.4 | F20: 0.12 | G20: 0.785 | H20: 0.4 | I20: 0.02 | J20: 2.356 | K20: 0 | L20: 0 | M20: 0 | N20: ; | R20: 0.4 | S20: 0.12 | T20: 0.785 | U20: 0.4 | V20: 0.02 | W20: 2.356 | X20: 0 | Y20: 0 | Z20: 0
E21: 0.7 | F21: 0.16 | G21: 0.785 | H21: 0.3 | I21: 0.06 | J21: 3.665 | K21: 0 | L21: 0 | M21: 0 | N21: ; | R21: 0.7 | S21: 0.16 | T21: 0.785 | U21: 0.3 | V21: 0.06 | W21: 3.665 | X21: 0 | Y21: 0 | Z21: 0
E22: 0.3 | F22: 0.2 | G22: 0.785 | H22: 0.7 | I22: 0.02 | J22: 3.665 | K22: 0 | L22: 0 | M22: 0 | N22: ; | R22: 0.3 | S22: 0.2 | T22: 0.785 | U22: 0.7 | V22: 0.02 | W22: 3.665 | X22: 0 | Y22: 0 | Z22: 0
E23: 0.3 | F23: 0.14 | G23: 2.618 | H23: 0.8 | I23: 0.04 | J23: 1.047 | K23: 0 | L23: 0 | M23: 0 | N23: ; | R23: 0.3 | S23: 0.14 | T23: 2.618 | U23: 0.8 | V23: 0.04 | W23: 1.047 | X23: 0 | Y23: 0 | Z23: 0
E24: 0.4 | F24: 0.18 | G24: 2.618 | H24: 0.3 | I24: 0.02 | J24: 1.047 | K24: 0 | L24: 0 | M24: 0 | N24: ; | R24: 0.4 | S24: 0.18 | T24: 2.618 | U24: 0.3 | V24: 0.02 | W24: 1.047 | X24: 0 | Y24: 0 | Z24: 0
E25: 0.8 | F25: 0.18 | G25: 2.618 | H25: 0.7 | I25: 0.06 | J25: 2.356 | K25: 0 | L25: 0 | M25: 0 | N25: ; | R25: 0.8 | S25: 0.18 | T25: 2.618 | U25: 0.7 | V25: 0.06 | W25: 2.356 | X25: 0 | Y25: 0 | Z25: 0
E26: 0.7 | F26: 0.2 | G26: 2.618 | H26: 0.8 | I26: 0.02 | J26: 2.356 | K26: 0 | L26: 0 | M26: 0 | N26: ; | R26: 0.7 | S26: 0.2 | T26: 2.618 | U26: 0.8 | V26: 0.02 | W26: 2.356 | X26: 0 | Y26: 0 | Z26: 0
E27: 0.8 | F27: 0.12 | G27: 2.618 | H27: 0.3 | I27: 0.02 | J27: 3.665 | K27: 0 | L27: 0 | M27: 0 | N27: ; | R27: 0.8 | S27: 0.12 | T27: 2.618 | U27: 0.3 | V27: 0.02 | W27: 3.665 | X27: 0 | Y27: 0 | Z27: 0
E28: 0.6 | F28: 0.2 | G28: 2.618 | H28: 0.5 | I28: 0.1 | J28: 3.665 | K28: 0 | L28: 0 | M28: 0 | N28: ; | R28: 0.6 | S28: 0.2 | T28: 2.618 | U28: 0.5 | V28: 0.1 | W28: 3.665 | X28: 0 | Y28: 0 | Z28: 0
E29: 0.7 | F29: 0.12 | G29: 3.927 | H29: 0.7 | I29: 0.02 | J29: 1.047 | K29: 0 | L29: 0 | M29: 0 | N29: ; | R29: 0.7 | S29: 0.12 | T29: 3.927 | U29: 0.7 | V29: 0.02 | W29: 1.047 | X29: 0 | Y29: 0 | Z29: 0
E30: 0.8 | F30: 0.2 | G30: 3.927 | H30: 0.4 | I30: 0.04 | J30: 1.047 | K30: 0 | L30: 0 | M30: 0 | N30: ; | R30: 0.8 | S30: 0.2 | T30: 3.927 | U30: 0.4 | V30: 0.04 | W30: 1.047 | X30: 0 | Y30: 0 | Z30: 0
E31: 0.3 | F31: 0.2 | G31: 3.927 | H31: 0.3 | I31: 0.1 | J31: 2.356 | K31: 0 | L31: 0 | M31: 0 | N31: ; | R31: 0.3 | S31: 0.2 | T31: 3.927 | U31: 0.3 | V31: 0.1 | W31: 2.356 | X31: 0 | Y31: 0 | Z31: 0
... E33: 0.4 | F33: 0.2 | G33: 3.927 | H33: 0.8 | I33: 0.06 | J33: 3.665 | K33: 0 | L33: 0 | M33: 0 | N33: ] | R33: 0.4 | S33: 0.2 | T33: 3.927 | U33: 0.8 | V33: 0.06 | W33: 3.665 | X33: 0 | Y33: 0 | Z33: 0
