Workbook

Sheet Proximal Validation (empirical)
A1: Ground Truth | J1: 6-Axis FT Sensor | P1: SoRoSim get_proximal_value | V1: Proximal Errors
A2: F1 (N) | B2: s1 (m) | C2: theta1 (rad) | D2: F2 (N) | E2: s2 (m) | F2: theta2 (rad) | G2: tau1 (N) | H2: tau2 (N) | I2: tau3 (N) | J2: Tx (Nm) | K2: Ty (Nm) | L2: Tz(Nm) | M2: Fx (N) | N2: Fy (N) | O2: Fz (N) | P2: Tx (Nm) | Q2: Ty (Nm) | R2: Tz(Nm) | S2: Fx (N) | T2: Fy (N) | U2: Fz (N) | V2: Tx (Nm) | W2: Ty (Nm) | X2: Tz(Nm) | Y2: Fx (N) | Z2: Fy (N) | AA2: Fz (N) | AB2: singular values
A3: 0.8 | B3: 0.16 | C3: 3.927 | D3: 0.8 | E3: 0.02 | F3: 3.665 | G3: 0 | H3: 0 | I3: 0 | J3: 0.0032624248 | K3: 0.18071201 | L3: -0.20451097 | M3: -0.73947352 | N3: -1.0104262 | O3: -0.82137412 | P3: 0 | Q3: 0.153 | R3: -0.1846 | S3: -0.8358 | T3: -0.9899 | U3: -0.7009 | V3: =J3-P3 -> 0.0032624248 | W3: =K3-Q3 -> 0.027712014 | X3: =L3-R3 -> -0.019910972 | Y3: =M3-S3 -> 0.096326478 | Z3: =N3-T3 -> -0.020526164 | AA3: =O3-U3 -> -0.12047412 | AB3: 2.42
A4: 0.8 | B4: 0.2 | C4: 3.927 | D4: 0.4 | E4: 0.04 | F4: 1.047 | G4: 0 | H4: 0 | I4: 0 | V4: =J4-P4 -> 0 | W4: =K4-Q4 -> 0 | X4: =L4-R4 -> 0 | Y4: =M4-S4 -> 0 | Z4: =N4-T4 -> 0 | AA4: =O4-U4 -> 0 | AB4: 2.28
A5: 0.6 | B5: 0.2 | C5: 2.618 | D5: 0.8 | E5: 0.02 | F5: 2.356 | G5: 0 | H5: 0 | I5: 0 | V5: =J5-P5 -> 0 | W5: =K5-Q5 -> 0 | X5: =L5-R5 -> 0 | Y5: =M5-S5 -> 0 | Z5: =N5-T5 -> 0 | AA5: =O5-U5 -> 0 | AB5: 2.213207
A6: 0.8 | B6: 0.18 | C6: 2.618 | D6: 0.7 | E6: 0.06 | F6: 2.356 | G6: 0 | H6: 0 | I6: 0 | V6: =J6-P6 -> 0 | W6: =K6-Q6 -> 0 | X6: =L6-R6 -> 0 | Y6: =M6-S6 -> 0 | Z6: =N6-T6 -> 0 | AA6: =O6-U6 -> 0 | AB6: 1.89
A7: 0.7 | B7: 0.16 | C7: 0.785 | D7: 0.3 | E7: 0.06 | F7: 3.665 | G7: 0 | H7: 0 | I7: 0 | J7: 0.0039956607 | K7: -0.049326874 | L7: 0.044241492 | M7: -0.041402955 | N7: -0.038171902 | O7: 0.042206846 | P7: 0 | Q7: -0.0843 | R7: 0.0686 | S7: -0.3757 | T7: 0.1083 | U7: 0.2115 | V7: =J7-P7 -> 0.0039956607 | W7: =K7-Q7 -> 0.034973126 | X7: =L7-R7 -> -0.024358508 | Y7: =M7-S7 -> 0.33429705 | Z7: =N7-T7 -> -0.1464719 | AA7: =O7-U7 -> -0.16929315 | AB7: 1.1
A8: 0.4 | B8: 0.2 | C8: 3.927 | D8: 0.8 | E8: 0.06 | F8: 3.665 | G8: 0 | H8: 0 | I8: 0 | J8: 0.0032644039 | K8: 0.1325464 | L8: -0.17731731 | M8: -0.54459727 | N8: -0.82167768 | O8: -0.53309703 | P8: 0 | Q8: 0.1222 | R8: -0.1635 | S8: -0.6923 | T8: -0.7899 | U8: -0.5214 | V8: =J8-P8 -> 0.0032644039 | W8: =K8-Q8 -> 0.010346395 | X8: =L8-R8 -> -0.013817306 | Y8: =M8-S8 -> 0.14770273 | Z8: =N8-T8 -> -0.031777685 | AA8: =O8-U8 -> -0.011697029 | AB8: 0.916
A9: 0.3 | B9: 0.2 | C9: 0.785 | D9: 0.7 | E9: 0.02 | F9: 3.665 | G9: 0 | H9: 0 | I9: 0 | J9: 0.0014217251 | K9: -0.0047906758 | L9: -0.018082347 | M9: -0.066438042 | N9: -0.44638109 | O9: -0.24197339 | P9: 0 | Q9: -0.0188 | R9: -0.0092 | S9: -0.0953 | T9: -0.4232 | U9: -0.1675 | V9: =J9-P9 -> 0.0014217251 | W9: =K9-Q9 -> 0.014009324 | X9: =L9-R9 -> -0.0088823468 | Y9: =M9-S9 -> 0.028861958 | Z9: =N9-T9 -> -0.023181092 | AA9: =O9-U9 -> -0.074473385 | AB9: 0.686
A10: 0.7 | B10: 0.12 | C10: 3.927 | D10: 0.7 | E10: 0.02 | F10: 1.047 | G10: 0 | H10: 0 | I10: 0 | J10: 0.0012522163 | K10: 0.05096858 | L10: -0.078846827 | M10: -0.32577506 | N10: -0.13227715 | O10: 0.086106233 | P10: 0 | Q10: 0.0317 | R10: -0.0596 | S10: -0.2329 | T10: -0.0931 | U10: 0.1616 | V10: =J10-P10 -> 0.0012522163 | W10: =K10-Q10 -> 0.01926858 | X10: =L10-R10 -> -0.019246827 | Y10: =M10-S10 -> -0.092875057 | Z10: =N10-T10 -> -0.039177146 | AA10: =O10-U10 -> -0.075493767 | AB10: 0.611
A11: 0.8 | B11: 0.12 | C11: 2.618 | D11: 0.3 | E11: 0.02 | F11: 3.665 | G11: 0 | H11: 0 | I11: 0 | V11: =J11-P11 -> 0 | W11: =K11-Q11 -> 0 | X11: =L11-R11 -> 0 | Y11: =M11-S11 -> 0 | Z11: =N11-T11 -> 0 | AA11: =O11-U11 -> 0 | AB11: 0.583
A12: 0.4 | B12: 0.18 | C12: 2.618 | D12: 0.3 | E12: 0.02 | F12: 1.047 | G12: 0 | H12: 0 | I12: 0 | V12: =J12-P12 -> 0 | W12: =K12-Q12 -> 0 | X12: =L12-R12 -> 0 | Y12: =M12-S12 -> 0 | Z12: =N12-T12 -> 0 | AA12: =O12-U12 -> 0 | AB12: 0.541
A13: 0.6 | B13: 0.2 | C13: 2.618 | D13: 0.5 | E13: 0.1 | F13: 3.665 | G13: 0 | H13: 0 | I13: 0 | V13: =J13-P13 -> 0 | W13: =K13-Q13 -> 0 | X13: =L13-R13 -> 0 | Y13: =M13-S13 -> 0 | Z13: =N13-T13 -> 0 | AA13: =O13-U13 -> 0 | AB13: 0.254
A14: 0.3 | B14: 0.2 | C14: 3.927 | D14: 0.3 | E14: 0.1 | F14: 2.356 | G14: 0 | H14: 0 | I14: 0 | V14: =J14-P14 -> 0 | W14: =K14-Q14 -> 0 | X14: =L14-R14 -> 0 | Y14: =M14-S14 -> 0 | Z14: =N14-T14 -> 0 | AA14: =O14-U14 -> 0 | AB14: 0.191
A15: 0.3 | B15: 0.14 | C15: 2.618 | D15: 0.8 | E15: 0.04 | F15: 1.047 | G15: 0 | H15: 0 | I15: 0 | V15: =J15-P15 -> 0 | W15: =K15-Q15 -> 0 | X15: =L15-R15 -> 0 | Y15: =M15-S15 -> 0 | Z15: =N15-T15 -> 0 | AA15: =O15-U15 -> 0 | AB15: 0.175
A16: 0.8 | B16: 0.2 | C16: 0.785 | D16: 0.8 | E16: 0.1 | F16: 1.047 | G16: 0 | H16: 0 | I16: 0 | V16: =J16-P16 -> 0 | W16: =K16-Q16 -> 0 | X16: =L16-R16 -> 0 | Y16: =M16-S16 -> 0 | Z16: =N16-T16 -> 0 | AA16: =O16-U16 -> 0 | AB16: 0.159
A17: 0.4 | B17: 0.12 | C17: 0.785 | D17: 0.4 | E17: 0.02 | F17: 2.356 | G17: 0 | H17: 0 | I17: 0 | V17: =J17-P17 -> 0 | W17: =K17-Q17 -> 0 | X17: =L17-R17 -> 0 | Y17: =M17-S17 -> 0 | Z17: =N17-T17 -> 0 | AA17: =O17-U17 -> 0 | AB17: 0.0589
V19: 0.00173 | W19: 0.01598 | X19: 0.01215 | Y19: 0.06838 | Z19: 0.06938 | AA19: 0.09147
C20: 0.785 | D20: 45 | F20: 1.047 | G20: 60
C21: 2.618 | D21: 150 | F21: 2.356 | G21: 135
C22: 3.927 | D22: 225 | F22: 3.665 | G22: 210 | V22: =_xlfn.STDEV.S(V3,V7,V8,V9,V10) -> 0.0012273186

Sheet Distal Validati (empirical)
A1: Ground Truth | J1: 6-Axis FT Sensor | P1: SoRoSim get_distal_value | W1: Distal Errors | AC1: Stats
A2: F1 (N) | B2: s1 (m) | C2: theta1 (rad) | D2: F2 (N) | E2: s2 (m) | F2: theta2 (rad) | G2: tau1 (N) | H2: tau2 (N) | I2: tau3 (N) | J2: Tx (Nm) | K2: Ty (Nm) | L2: Tz(Nm) | M2: Fx (N) | N2: Fy (N) | O2: Fz (N) | P2: F1 (N) | Q2: s1 (m) | R2: theta1 (rad) | S2: F2 (N) | T2: s2 (m) | U2: theta2 (rad) | V2: f_final | W2: F1 (N) | X2: s1 (m) | Y2: theta1 (rad) | Z2: F2 (N) | AA2: s2 (m) | AB2: theta2 (rad) | AC2: force_error | AD2: position_error | AE2: angle_error | AF2: singular values | AG2: Absolute Mean Error
A3: ='Proximal Validation (empirical)'!A3 -> 0.8 | B3: ='Proximal Validation (empirical)'!B3 -> 0.16 | C3: ='Proximal Validation (empirical)'!C3 -> 3.927 | D3: ='Proximal Validation (empirical)'!D3 -> 0.8 | E3: ='Proximal Validation (empirical)'!E3 -> 0.02 | F3: ='Proximal Validation (empirical)'!F3 -> 3.665 | G3: ='Proximal Validation (empirical)'!G3 -> 0 | H3: ='Proximal Validation (empirical)'!H3 -> 0 | ... O3: ='Proximal Validation (empirical)'!O3 -> -0.82137412 | P3: 0.97931429 | Q3: 0.088410603 | R3: 4.5280591 | S3: 0.99999091 | T3: 0.084580315 | U3: 3.1470813 | V3: 4.9879678 | W3: =P3-A3 -> 0.17931429 | X3: =Q3-B3 -> -0.071589397 | Y3: =R3-C3 -> 0.60105905 | Z3: =S3-D3 -> 0.19999091 | AA3: =T3-E3 -> 0.064580315 | AB3: =U3-F3 -> -0.51791865 | AC3: =AVERAGE(ABS(W3),ABS(Z3)) -> 0.1896526 | AD3: =AVERAGE(ABS(X3),ABS(AA3)) -> 0.068084856 | AE3: =AVERAGE(ABS(Y3),ABS(AB3)) -> 0.55948885 | AF3: 2.42 | AG3: F1 (N) | AH3: s1 (m) | AI3: theta1 (rad) | AJ3: F2 (N) | AK3: s2 (m) | AL3: theta2 (rad)
A4: ='Proximal Validation (empirical)'!A4 -> 0.8 | B4: ='Proximal Validation (empirical)'!B4 -> 0.2 | C4: ='Proximal Validation (empirical)'!C4 -> 3.927 | D4: ='Proximal Validation (empirical)'!D4 -> 0.4 | E4: ='Proximal Validation (empirical)'!E4 -> 0.04 | F4: ='Proximal Validation (empirical)'!F4 -> 1.047 | G4: ='Proximal Validation (empirical)'!G4 -> 0 | H4: ='Proximal Validation (empirical)'!H4 -> 0 | ... O4: ='Proximal Validation (empirical)'!O4 -> 0 | W4: =P4-A4 -> -0.8 | X4: =Q4-B4 -> -0.2 | Y4: =R4-C4 -> -3.927 | Z4: =S4-D4 -> -0.4 | AA4: =T4-E4 -> -0.04 | AB4: =U4-F4 -> -1.047 | AC4: =AVERAGE(ABS(W4),ABS(Z4)) -> 0.6 | AD4: =AVERAGE(ABS(X4),ABS(AA4)) -> 0.12 | AE4: =AVERAGE(ABS(Y4),ABS(AB4)) -> 2.487 | AF4: 2.28 | AG4: {=AVERAGE(ABS(W3),ABS(W7:W10))} -> 0.20117075 | AH4: {=AVERAGE(ABS(X3),ABS(X7:X10))} -> 0.061322385 | AI4: {=AVERAGE(ABS(Y3),ABS(Y7:Y10))} -> 0.18387392 | AJ4: {=AVERAGE(ABS(Z3),ABS(Z7:Z10))} -> 0.33262701 | AK4: {=AVERAGE(ABS(AA3),ABS(AA7:AA10))} -> 0.040140691 | AL4: {=AVERAGE(ABS(AB3),ABS(AB7:AB10))} -> 0.19661282
A5: ='Proximal Validation (empirical)'!A5 -> 0.6 | B5: ='Proximal Validation (empirical)'!B5 -> 0.2 | C5: ='Proximal Validation (empirical)'!C5 -> 2.618 | D5: ='Proximal Validation (empirical)'!D5 -> 0.8 | E5: ='Proximal Validation (empirical)'!E5 -> 0.02 | F5: ='Proximal Validation (empirical)'!F5 -> 2.356 | G5: ='Proximal Validation (empirical)'!G5 -> 0 | H5: ='Proximal Validation (empirical)'!H5 -> 0 | ... O5: ='Proximal Validation (empirical)'!O5 -> 0 | W5: =P5-A5 -> -0.6 | X5: =Q5-B5 -> -0.2 | Y5: =R5-C5 -> -2.618 | Z5: =S5-D5 -> -0.8 | AA5: =T5-E5 -> -0.02 | AB5: =U5-F5 -> -2.356 | AC5: =AVERAGE(ABS(W5),ABS(Z5)) -> 0.7 | AD5: =AVERAGE(ABS(X5),ABS(AA5)) -> 0.11 | AE5: =AVERAGE(ABS(Y5),ABS(AB5)) -> 2.487 | AF5: 2.213207 | AG5: Absolute Mean Error (Across Both Forces)
A6: ='Proximal Validation (empirical)'!A6 -> 0.8 | B6: ='Proximal Validation (empirical)'!B6 -> 0.18 | C6: ='Proximal Validation (empirical)'!C6 -> 2.618 | D6: ='Proximal Validation (empirical)'!D6 -> 0.7 | E6: ='Proximal Validation (empirical)'!E6 -> 0.06 | F6: ='Proximal Validation (empirical)'!F6 -> 2.356 | G6: ='Proximal Validation (empirical)'!G6 -> 0 | H6: ='Proximal Validation (empirical)'!H6 -> 0 | ... O6: ='Proximal Validation (empirical)'!O6 -> 0 | W6: =P6-A6 -> -0.8 | X6: =Q6-B6 -> -0.18 | Y6: =R6-C6 -> -2.618 | Z6: =S6-D6 -> -0.7 | AA6: =T6-E6 -> -0.06 | AB6: =U6-F6 -> -2.356 | AC6: =AVERAGE(ABS(W6),ABS(Z6)) -> 0.75 | AD6: =AVERAGE(ABS(X6),ABS(AA6)) -> 0.12 | AE6: =AVERAGE(ABS(Y6),ABS(AB6)) -> 2.487 | AF6: 1.89 | AG6: force_error | AH6: position_error | AI6: angle_error
A7: ='Proximal Validation (empirical)'!A7 -> 0.7 | B7: ='Proximal Validation (empirical)'!B7 -> 0.16 | C7: ='Proximal Validation (empirical)'!C7 -> 0.785 | D7: ='Proximal Validation (empirical)'!D7 -> 0.3 | E7: ='Proximal Validation (empirical)'!E7 -> 0.06 | F7: ='Proximal Validation (empirical)'!F7 -> 3.665 | G7: ='Proximal Validation (empirical)'!G7 -> 0 | H7: ='Proximal Validation (empirical)'!H7 -> 0 | ... O7: ='Proximal Validation (empirical)'!O7 -> 0.042206846 | P7: 0.99805637 | Q7: 0.071979275 | R7: 0.67619114 | S7: 0.9848052 | T7: 0.021432468 | U7: 3.760113 | V7: 2.9952911 | W7: =P7-A7 -> 0.29805637 | X7: =Q7-B7 -> -0.088020725 | Y7: =R7-C7 -> -0.10880886 | Z7: =S7-D7 -> 0.6848052 | AA7: =T7-E7 -> -0.038567532 | AB7: =U7-F7 -> 0.095112968 | AC7: =AVERAGE(ABS(W7),ABS(Z7)) -> 0.49143078 | AD7: =AVERAGE(ABS(X7),ABS(AA7)) -> 0.063294129 | AE7: =AVERAGE(ABS(Y7),ABS(AB7)) -> 0.10196092 | AF7: 1.1 | AG7: =AVERAGE(AG4,AJ4) -> 0.26689888 | AH7: =AVERAGE(AH4,AK4) -> 0.050731538 | AI7: =AVERAGE(AI4,AL4) -> 0.19024337
A8: ='Proximal Validation (empirical)'!A8 -> 0.4 | B8: ='Proximal Validation (empirical)'!B8 -> 0.2 | C8: ='Proximal Validation (empirical)'!C8 -> 3.927 | D8: ='Proximal Validation (empirical)'!D8 -> 0.8 | E8: ='Proximal Validation (empirical)'!E8 -> 0.06 | F8: ='Proximal Validation (empirical)'!F8 -> 3.665 | G8: ='Proximal Validation (empirical)'!G8 -> 0 | H8: ='Proximal Validation (empirical)'!H8 -> 0 | ... O8: ='Proximal Validation (empirical)'!O8 -> -0.53309703 | P8: 0.18090287 | Q8: 0.19672429 | R8: 4.0245832 | S8: 0.9769427 | T8: 0.082332852 | U8: 3.6757125 | V8: 3.7194668 | W8: =P8-A8 -> -0.21909713 | X8: =Q8-B8 -> -0.0032757086 | Y8: =R8-C8 -> 0.09758318 | Z8: =S8-D8 -> 0.1769427 | AA8: =T8-E8 -> 0.022332852 | AB8: =U8-F8 -> 0.010712523 | AC8: =AVERAGE(ABS(W8),ABS(Z8)) -> 0.19801992 | AD8: =AVERAGE(ABS(X8),ABS(AA8)) -> 0.01280428 | AE8: =AVERAGE(ABS(Y8),ABS(AB8)) -> 0.054147852 | AF8: 0.916
A9: ='Proximal Validation (empirical)'!A9 -> 0.3 | B9: ='Proximal Validation (empirical)'!B9 -> 0.2 | C9: ='Proximal Validation (empirical)'!C9 -> 0.785 | D9: ='Proximal Validation (empirical)'!D9 -> 0.7 | E9: ='Proximal Validation (empirical)'!E9 -> 0.02 | F9: ='Proximal Validation (empirical)'!F9 -> 3.665 | G9: ='Proximal Validation (empirical)'!G9 -> 0 | H9: ='Proximal Validation (empirical)'!H9 -> 0 | ... O9: ='Proximal Validation (empirical)'!O9 -> -0.24197339 | P9: 0.53372166 | Q9: 0.136219 | R9: 0.74811325 | S9: 0.99999709 | T9: 0.037121536 | U9: 3.7622352 | V9: 0.085504357 | W9: =P9-A9 -> 0.23372166 | X9: =Q9-B9 -> -0.063780998 | Y9: =R9-C9 -> -0.036886748 | Z9: =S9-D9 -> 0.29999709 | AA9: =T9-E9 -> 0.017121536 | AB9: =U9-F9 -> 0.097235162 | AC9: =AVERAGE(ABS(W9),ABS(Z9)) -> 0.26685937 | AD9: =AVERAGE(ABS(X9),ABS(AA9)) -> 0.040451267 | AE9: =AVERAGE(ABS(Y9),ABS(AB9)) -> 0.067060955 | AF9: 0.686
A10: ='Proximal Validation (empirical)'!A10 -> 0.7 | B10: ='Proximal Validation (empirical)'!B10 -> 0.12 | C10: ='Proximal Validation (empirical)'!C10 -> 3.927 | D10: ='Proximal Validation (empirical)'!D10 -> 0.7 | E10: ='Proximal Validation (empirical)'!E10 -> 0.02 | F10: ='Proximal Validation (empirical)'!F10 -> 1.047 | G10: ='Proximal Validation (empirical)'!G10 -> 0 | H10: ='Proximal Validation (empirical)'!H10 -> 0 | ... O10: ='Proximal Validation (empirical)'!O10 -> 0.086106233 | P10: 0.62433569 | Q10: 0.19994509 | R10: 4.0020318 | S10: 0.39860086 | T10: 0.078101219 | U10: 1.3090848 | V10: 0.26008711 | W10: =P10-A10 -> -0.075664309 | X10: =Q10-B10 -> 0.079945094 | Y10: =R10-C10 -> 0.075031758 | Z10: =S10-D10 -> -0.30139914 | AA10: =T10-E10 -> 0.058101219 | AB10: =U10-F10 -> 0.26208481 | AC10: =AVERAGE(ABS(W10),ABS(Z10)) -> 0.18853172 | AD10: =AVERAGE(ABS(X10),ABS(AA10)) -> 0.069023156 | AE10: =AVERAGE(ABS(Y10),ABS(AB10)) -> 0.16855828 | AF10: 0.611
A11: ='Proximal Validation (empirical)'!A11 -> 0.8 | B11: ='Proximal Validation (empirical)'!B11 -> 0.12 | C11: ='Proximal Validation (empirical)'!C11 -> 2.618 | D11: ='Proximal Validation (empirical)'!D11 -> 0.3 | E11: ='Proximal Validation (empirical)'!E11 -> 0.02 | F11: ='Proximal Validation (empirical)'!F11 -> 3.665 | G11: ='Proximal Validation (empirical)'!G11 -> 0 | H11: ='Proximal Validation (empirical)'!H11 -> 0 | ... O11: ='Proximal Validation (empirical)'!O11 -> 0 | W11: =P11-A11 -> -0.8 | X11: =Q11-B11 -> -0.12 | Y11: =R11-C11 -> -2.618 | Z11: =S11-D11 -> -0.3 | AA11: =T11-E11 -> -0.02 | AB11: =U11-F11 -> -3.665 | AC11: =AVERAGE(ABS(W11),ABS(Z11)) -> 0.55 | AD11: =AVERAGE(ABS(X11),ABS(AA11)) -> 0.07 | AE11: =AVERAGE(ABS(Y11),ABS(AB11)) -> 3.1415 | AF11: 0.583
A12: ='Proximal Validation (empirical)'!A12 -> 0.4 | B12: ='Proximal Validation (empirical)'!B12 -> 0.18 | C12: ='Proximal Validation (empirical)'!C12 -> 2.618 | D12: ='Proximal Validation (empirical)'!D12 -> 0.3 | E12: ='Proximal Validation (empirical)'!E12 -> 0.02 | F12: ='Proximal Validation (empirical)'!F12 -> 1.047 | G12: ='Proximal Validation (empirical)'!G12 -> 0 | H12: ='Proximal Validation (empirical)'!H12 -> 0 | ... O12: ='Proximal Validation (empirical)'!O12 -> 0 | W12: =P12-A12 -> -0.4 | X12: =Q12-B12 -> -0.18 | Y12: =R12-C12 -> -2.618 | Z12: =S12-D12 -> -0.3 | AA12: =T12-E12 -> -0.02 | AB12: =U12-F12 -> -1.047 | AC12: =AVERAGE(ABS(W12),ABS(Z12)) -> 0.35 | AD12: =AVERAGE(ABS(X12),ABS(AA12)) -> 0.1 | AE12: =AVERAGE(ABS(Y12),ABS(AB12)) -> 1.8325 | AF12: 0.541
A13: ='Proximal Validation (empirical)'!A13 -> 0.6 | B13: ='Proximal Validation (empirical)'!B13 -> 0.2 | C13: ='Proximal Validation (empirical)'!C13 -> 2.618 | D13: ='Proximal Validation (empirical)'!D13 -> 0.5 | E13: ='Proximal Validation (empirical)'!E13 -> 0.1 | F13: ='Proximal Validation (empirical)'!F13 -> 3.665 | G13: ='Proximal Validation (empirical)'!G13 -> 0 | H13: ='Proximal Validation (empirical)'!H13 -> 0 | ... O13: ='Proximal Validation (empirical)'!O13 -> 0 | W13: =P13-A13 -> -0.6 | X13: =Q13-B13 -> -0.2 | Y13: =R13-C13 -> -2.618 | Z13: =S13-D13 -> -0.5 | AA13: =T13-E13 -> -0.1 | AB13: =U13-F13 -> -3.665 | AC13: =AVERAGE(ABS(W13),ABS(Z13)) -> 0.55 | AD13: =AVERAGE(ABS(X13),ABS(AA13)) -> 0.15 | AE13: =AVERAGE(ABS(Y13),ABS(AB13)) -> 3.1415 | AF13: 0.254
A14: ='Proximal Validation (empirical)'!A14 -> 0.3 | B14: ='Proximal Validation (empirical)'!B14 -> 0.2 | C14: ='Proximal Validation (empirical)'!C14 -> 3.927 | D14: ='Proximal Validation (empirical)'!D14 -> 0.3 | E14: ='Proximal Validation (empirical)'!E14 -> 0.1 | F14: ='Proximal Validation (empirical)'!F14 -> 2.356 | G14: ='Proximal Validation (empirical)'!G14 -> 0 | H14: ='Proximal Validation (empirical)'!H14 -> 0 | ... O14: ='Proximal Validation (empirical)'!O14 -> 0 | W14: =P14-A14 -> -0.3 | X14: =Q14-B14 -> -0.2 | Y14: =R14-C14 -> -3.927 | Z14: =S14-D14 -> -0.3 | AA14: =T14-E14 -> -0.1 | AB14: =U14-F14 -> -2.356 | AC14: =AVERAGE(ABS(W14),ABS(Z14)) -> 0.3 | AD14: =AVERAGE(ABS(X14),ABS(AA14)) -> 0.15 | AE14: =AVERAGE(ABS(Y14),ABS(AB14)) -> 3.1415 | AF14: 0.191
A15: ='Proximal Validation (empirical)'!A15 -> 0.3 | B15: ='Proximal Validation (empirical)'!B15 -> 0.14 | C15: ='Proximal Validation (empirical)'!C15 -> 2.618 | D15: ='Proximal Validation (empirical)'!D15 -> 0.8 | E15: ='Proximal Validation (empirical)'!E15 -> 0.04 | F15: ='Proximal Validation (empirical)'!F15 -> 1.047 | G15: ='Proximal Validation (empirical)'!G15 -> 0 | H15: ='Proximal Validation (empirical)'!H15 -> 0 | ... O15: ='Proximal Validation (empirical)'!O15 -> 0 | W15: =P15-A15 -> -0.3 | X15: =Q15-B15 -> -0.14 | Y15: =R15-C15 -> -2.618 | Z15: =S15-D15 -> -0.8 | AA15: =T15-E15 -> -0.04 | AB15: =U15-F15 -> -1.047 | AC15: =AVERAGE(ABS(W15),ABS(Z15)) -> 0.55 | AD15: =AVERAGE(ABS(X15),ABS(AA15)) -> 0.09 | AE15: =AVERAGE(ABS(Y15),ABS(AB15)) -> 1.8325 | AF15: 0.175
A16: ='Proximal Validation (empirical)'!A16 -> 0.8 | B16: ='Proximal Validation (empirical)'!B16 -> 0.2 | C16: ='Proximal Validation (empirical)'!C16 -> 0.785 | D16: ='Proximal Validation (empirical)'!D16 -> 0.8 | E16: ='Proximal Validation (empirical)'!E16 -> 0.1 | F16: ='Proximal Validation (empirical)'!F16 -> 1.047 | G16: ='Proximal Validation (empirical)'!G16 -> 0 | H16: ='Proximal Validation (empirical)'!H16 -> 0 | ... O16: ='Proximal Validation (empirical)'!O16 -> 0 | W16: =P16-A16 -> -0.8 | X16: =Q16-B16 -> -0.2 | Y16: =R16-C16 -> -0.785 | Z16: =S16-D16 -> -0.8 | AA16: =T16-E16 -> -0.1 | AB16: =U16-F16 -> -1.047 | AC16: =AVERAGE(ABS(W16),ABS(Z16)) -> 0.8 | AD16: =AVERAGE(ABS(X16),ABS(AA16)) -> 0.15 | AE16: =AVERAGE(ABS(Y16),ABS(AB16)) -> 0.916 | AF16: 0.159
A17: ='Proximal Validation (empirical)'!A17 -> 0.4 | B17: ='Proximal Validation (empirical)'!B17 -> 0.12 | C17: ='Proximal Validation (empirical)'!C17 -> 0.785 | D17: ='Proximal Validation (empirical)'!D17 -> 0.4 | E17: ='Proximal Validation (empirical)'!E17 -> 0.02 | F17: ='Proximal Validation (empirical)'!F17 -> 2.356 | G17: ='Proximal Validation (empirical)'!G17 -> 0 | H17: ='Proximal Validation (empirical)'!H17 -> 0 | ... O17: ='Proximal Validation (empirical)'!O17 -> 0 | W17: =P17-A17 -> -0.4 | X17: =Q17-B17 -> -0.12 | Y17: =R17-C17 -> -0.785 | Z17: =S17-D17 -> -0.4 | AA17: =T17-E17 -> -0.02 | AB17: =U17-F17 -> -2.356 | AC17: =AVERAGE(ABS(W17),ABS(Z17)) -> 0.4 | AD17: =AVERAGE(ABS(X17),ABS(AA17)) -> 0.07 | AE17: =AVERAGE(ABS(Y17),ABS(AB17)) -> 1.5705 | AF17: 0.0589

Sheet Distal Validati (sim)
A1: Ground Truth | J1: 6-Axis FT Sensor | P1: SoRoSim get_distal_value | W1: Distal Errors | AC1: Stats
A2: F1 (N) | B2: s1 (m) | C2: theta1 (rad) | D2: F2 (N) | E2: s2 (m) | F2: theta2 (rad) | G2: tau1 (N) | H2: tau2 (N) | I2: tau3 (N) | J2: Tx (Nm) | K2: Ty (Nm) | L2: Tz(Nm) | M2: Fx (N) | N2: Fy (N) | O2: Fz (N) | P2: F1 (N) | Q2: s1 (m) | R2: theta1 (rad) | S2: F2 (N) | T2: s2 (m) | U2: theta2 (rad) | V2: f_final | W2: F1 (N) | X2: s1 (m) | Y2: theta1 (rad) | Z2: F2 (N) | AA2: s2 (m) | AB2: theta2 (rad) | AC2: force_error | AD2: position_error | AE2: angle_error | AF2: singular values | AG2: Absolute Mean Error
A3: ='Proximal Validation (empirical)'!A3 -> 0.8 | B3: ='Proximal Validation (empirical)'!B3 -> 0.16 | C3: ='Proximal Validation (empirical)'!C3 -> 3.927 | D3: ='Proximal Validation (empirical)'!D3 -> 0.8 | E3: ='Proximal Validation (empirical)'!E3 -> 0.02 | F3: ='Proximal Validation (empirical)'!F3 -> 3.665 | G3: ='Proximal Validation (empirical)'!G3 -> 0 | H3: ='Proximal Validation (empirical)'!H3 -> 0 | ... O3: ='Proximal Validation (empirical)'!O3 -> -0.82137412 | P3: 0.7961 | Q3: 0.1091 | R3: 4.4775 | S3: 0.9957 | T3: 0.0796 | U3: 3.258 | W3: =P3-A3 -> -0.0039 | X3: =Q3-B3 -> -0.0509 | Y3: =R3-C3 -> 0.5505 | Z3: =S3-D3 -> 0.1957 | AA3: =T3-E3 -> 0.0596 | AB3: =U3-F3 -> -0.407 | AC3: =AVERAGE(ABS(W3),ABS(Z3)) -> 0.0998 | AD3: =AVERAGE(ABS(X3),ABS(AA3)) -> 0.05525 | AE3: =AVERAGE(ABS(Y3),ABS(AB3)) -> 0.47875 | AF3: 2.42 | AG3: F1 (N) | AH3: s1 (m) | AI3: theta1 (rad) | AJ3: F2 (N) | AK3: s2 (m) | AL3: theta2 (rad)
A4: ='Proximal Validation (empirical)'!A4 -> 0.8 | B4: ='Proximal Validation (empirical)'!B4 -> 0.2 | C4: ='Proximal Validation (empirical)'!C4 -> 3.927 | D4: ='Proximal Validation (empirical)'!D4 -> 0.4 | E4: ='Proximal Validation (empirical)'!E4 -> 0.04 | F4: ='Proximal Validation (empirical)'!F4 -> 1.047 | G4: ='Proximal Validation (empirical)'!G4 -> 0 | H4: ='Proximal Validation (empirical)'!H4 -> 0 | ... O4: ='Proximal Validation (empirical)'!O4 -> 0 | W4: =P4-A4 -> -0.8 | X4: =Q4-B4 -> -0.2 | Y4: =R4-C4 -> -3.927 | Z4: =S4-D4 -> -0.4 | AA4: =T4-E4 -> -0.04 | AB4: =U4-F4 -> -1.047 | AC4: =AVERAGE(ABS(W4),ABS(Z4)) -> 0.6 | AD4: =AVERAGE(ABS(X4),ABS(AA4)) -> 0.12 | AE4: =AVERAGE(ABS(Y4),ABS(AB4)) -> 2.487 | AF4: 2.28 | AG4: {=AVERAGE(ABS(W3),ABS(W7:W10))} -> 0.11748 | AH4: {=AVERAGE(ABS(X3),ABS(X7:X10))} -> 0.04402 | AI4: {=AVERAGE(ABS(Y3),ABS(Y7:Y10))} -> 0.24154 | AJ4: {=AVERAGE(ABS(Z3),ABS(Z7:Z10))} -> 0.15456 | AK4: {=AVERAGE(ABS(AA3),ABS(AA7:AA10))} -> 0.05664 | AL4: {=AVERAGE(ABS(AB3),ABS(AB7:AB10))} -> 0.23366
A5: ='Proximal Validation (empirical)'!A5 -> 0.6 | B5: ='Proximal Validation (empirical)'!B5 -> 0.2 | C5: ='Proximal Validation (empirical)'!C5 -> 2.618 | D5: ='Proximal Validation (empirical)'!D5 -> 0.8 | E5: ='Proximal Validation (empirical)'!E5 -> 0.02 | F5: ='Proximal Validation (empirical)'!F5 -> 2.356 | G5: ='Proximal Validation (empirical)'!G5 -> 0 | H5: ='Proximal Validation (empirical)'!H5 -> 0 | ... O5: ='Proximal Validation (empirical)'!O5 -> 0 | W5: =P5-A5 -> -0.6 | X5: =Q5-B5 -> -0.2 | Y5: =R5-C5 -> -2.618 | Z5: =S5-D5 -> -0.8 | AA5: =T5-E5 -> -0.02 | AB5: =U5-F5 -> -2.356 | AC5: =AVERAGE(ABS(W5),ABS(Z5)) -> 0.7 | AD5: =AVERAGE(ABS(X5),ABS(AA5)) -> 0.11 | AE5: =AVERAGE(ABS(Y5),ABS(AB5)) -> 2.487 | AF5: 2.213207 | AG5: Absolute Mean Error (Across Both Forces)
A6: ='Proximal Validation (empirical)'!A6 -> 0.8 | B6: ='Proximal Validation (empirical)'!B6 -> 0.18 | C6: ='Proximal Validation (empirical)'!C6 -> 2.618 | D6: ='Proximal Validation (empirical)'!D6 -> 0.7 | E6: ='Proximal Validation (empirical)'!E6 -> 0.06 | F6: ='Proximal Validation (empirical)'!F6 -> 2.356 | G6: ='Proximal Validation (empirical)'!G6 -> 0 | H6: ='Proximal Validation (empirical)'!H6 -> 0 | ... O6: ='Proximal Validation (empirical)'!O6 -> 0 | W6: =P6-A6 -> -0.8 | X6: =Q6-B6 -> -0.18 | Y6: =R6-C6 -> -2.618 | Z6: =S6-D6 -> -0.7 | AA6: =T6-E6 -> -0.06 | AB6: =U6-F6 -> -2.356 | AC6: =AVERAGE(ABS(W6),ABS(Z6)) -> 0.75 | AD6: =AVERAGE(ABS(X6),ABS(AA6)) -> 0.12 | AE6: =AVERAGE(ABS(Y6),ABS(AB6)) -> 2.487 | AF6: 1.89 | AG6: force_error | AH6: position_error | AI6: angle_error
A7: ='Proximal Validation (empirical)'!A7 -> 0.7 | B7: ='Proximal Validation (empirical)'!B7 -> 0.16 | C7: ='Proximal Validation (empirical)'!C7 -> 0.785 | D7: ='Proximal Validation (empirical)'!D7 -> 0.3 | E7: ='Proximal Validation (empirical)'!E7 -> 0.06 | F7: ='Proximal Validation (empirical)'!F7 -> 3.665 | G7: ='Proximal Validation (empirical)'!G7 -> 0 | H7: ='Proximal Validation (empirical)'!H7 -> 0 | ... O7: ='Proximal Validation (empirical)'!O7 -> 0.042206846 | P7: 0.8682 | Q7: 0.1954 | R7: 0.4823 | S7: 0.5132 | T7: 0.1648 | U7: 3.2215 | W7: =P7-A7 -> 0.1682 | X7: =Q7-B7 -> 0.0354 | Y7: =R7-C7 -> -0.3027 | Z7: =S7-D7 -> 0.2132 | AA7: =T7-E7 -> 0.1048 | AB7: =U7-F7 -> -0.4435 | AC7: =AVERAGE(ABS(W7),ABS(Z7)) -> 0.1907 | AD7: =AVERAGE(ABS(X7),ABS(AA7)) -> 0.0701 | AE7: =AVERAGE(ABS(Y7),ABS(AB7)) -> 0.3731 | AF7: 1.1 | AG7: =AVERAGE(AG4,AJ4) -> 0.13602 | AH7: =AVERAGE(AH4,AK4) -> 0.05033 | AI7: =AVERAGE(AI4,AL4) -> 0.2376
A8: ='Proximal Validation (empirical)'!A8 -> 0.4 | B8: ='Proximal Validation (empirical)'!B8 -> 0.2 | C8: ='Proximal Validation (empirical)'!C8 -> 3.927 | D8: ='Proximal Validation (empirical)'!D8 -> 0.8 | E8: ='Proximal Validation (empirical)'!E8 -> 0.06 | F8: ='Proximal Validation (empirical)'!F8 -> 3.665 | G8: ='Proximal Validation (empirical)'!G8 -> 0 | H8: ='Proximal Validation (empirical)'!H8 -> 0 | ... O8: ='Proximal Validation (empirical)'!O8 -> -0.53309703 | P8: 0.5354 | Q8: 0.1458 | R8: 4.0013 | S8: 0.6702 | T8: 0.0738 | U8: 3.5506 | W8: =P8-A8 -> 0.1354 | X8: =Q8-B8 -> -0.0542 | Y8: =R8-C8 -> 0.0743 | Z8: =S8-D8 -> -0.1298 | AA8: =T8-E8 -> 0.0138 | AB8: =U8-F8 -> -0.1144 | AC8: =AVERAGE(ABS(W8),ABS(Z8)) -> 0.1326 | AD8: =AVERAGE(ABS(X8),ABS(AA8)) -> 0.034 | AE8: =AVERAGE(ABS(Y8),ABS(AB8)) -> 0.09435 | AF8: 0.916
A9: ='Proximal Validation (empirical)'!A9 -> 0.3 | B9: ='Proximal Validation (empirical)'!B9 -> 0.2 | C9: ='Proximal Validation (empirical)'!C9 -> 0.785 | D9: ='Proximal Validation (empirical)'!D9 -> 0.7 | E9: ='Proximal Validation (empirical)'!E9 -> 0.02 | F9: ='Proximal Validation (empirical)'!F9 -> 3.665 | G9: ='Proximal Validation (empirical)'!G9 -> 0 | H9: ='Proximal Validation (empirical)'!H9 -> 0 | ... O9: ='Proximal Validation (empirical)'!O9 -> -0.24197339 | P9: 0.5481 | Q9: 0.1816 | R9: 0.684 | S9: 0.8976 | T9: 0.0572 | U9: 3.6683 | W9: =P9-A9 -> 0.2481 | X9: =Q9-B9 -> -0.0184 | Y9: =R9-C9 -> -0.101 | Z9: =S9-D9 -> 0.1976 | AA9: =T9-E9 -> 0.0372 | AB9: =U9-F9 -> 0.0033 | AC9: =AVERAGE(ABS(W9),ABS(Z9)) -> 0.22285 | AD9: =AVERAGE(ABS(X9),ABS(AA9)) -> 0.0278 | AE9: =AVERAGE(ABS(Y9),ABS(AB9)) -> 0.05215 | AF9: 0.686
A10: ='Proximal Validation (empirical)'!A10 -> 0.7 | B10: ='Proximal Validation (empirical)'!B10 -> 0.12 | C10: ='Proximal Validation (empirical)'!C10 -> 3.927 | D10: ='Proximal Validation (empirical)'!D10 -> 0.7 | E10: ='Proximal Validation (empirical)'!E10 -> 0.02 | F10: ='Proximal Validation (empirical)'!F10 -> 1.047 | G10: ='Proximal Validation (empirical)'!G10 -> 0 | H10: ='Proximal Validation (empirical)'!H10 -> 0 | ... O10: ='Proximal Validation (empirical)'!O10 -> 0.086106233 | P10: 0.7318 | Q10: 0.1812 | R10: 4.1062 | S10: 0.6635 | T10: 0.0878 | U10: 1.2471 | W10: =P10-A10 -> 0.0318 | X10: =Q10-B10 -> 0.0612 | Y10: =R10-C10 -> 0.1792 | Z10: =S10-D10 -> -0.0365 | AA10: =T10-E10 -> 0.0678 | AB10: =U10-F10 -> 0.2001 | AC10: =AVERAGE(ABS(W10),ABS(Z10)) -> 0.03415 | AD10: =AVERAGE(ABS(X10),ABS(AA10)) -> 0.0645 | AE10: =AVERAGE(ABS(Y10),ABS(AB10)) -> 0.18965 | AF10: 0.611
A11: ='Proximal Validation (empirical)'!A11 -> 0.8 | B11: ='Proximal Validation (empirical)'!B11 -> 0.12 | C11: ='Proximal Validation (empirical)'!C11 -> 2.618 | D11: ='Proximal Validation (empirical)'!D11 -> 0.3 | E11: ='Proximal Validation (empirical)'!E11 -> 0.02 | F11: ='Proximal Validation (empirical)'!F11 -> 3.665 | G11: ='Proximal Validation (empirical)'!G11 -> 0 | H11: ='Proximal Validation (empirical)'!H11 -> 0 | ... O11: ='Proximal Validation (empirical)'!O11 -> 0 | W11: =P11-A11 -> -0.8 | X11: =Q11-B11 -> -0.12 | Y11: =R11-C11 -> -2.618 | Z11: =S11-D11 -> -0.3 | AA11: =T11-E11 -> -0.02 | AB11: =U11-F11 -> -3.665 | AC11: =AVERAGE(ABS(W11),ABS(Z11)) -> 0.55 | AD11: =AVERAGE(ABS(X11),ABS(AA11)) -> 0.07 | AE11: =AVERAGE(ABS(Y11),ABS(AB11)) -> 3.1415 | AF11: 0.583
A12: ='Proximal Validation (empirical)'!A12 -> 0.4 | B12: ='Proximal Validation (empirical)'!B12 -> 0.18 | C12: ='Proximal Validation (empirical)'!C12 -> 2.618 | D12: ='Proximal Validation (empirical)'!D12 -> 0.3 | E12: ='Proximal Validation (empirical)'!E12 -> 0.02 | F12: ='Proximal Validation (empirical)'!F12 -> 1.047 | G12: ='Proximal Validation (empirical)'!G12 -> 0 | H12: ='Proximal Validation (empirical)'!H12 -> 0 | ... O12: ='Proximal Validation (empirical)'!O12 -> 0 | W12: =P12-A12 -> -0.4 | X12: =Q12-B12 -> -0.18 | Y12: =R12-C12 -> -2.618 | Z12: =S12-D12 -> -0.3 | AA12: =T12-E12 -> -0.02 | AB12: =U12-F12 -> -1.047 | AC12: =AVERAGE(ABS(W12),ABS(Z12)) -> 0.35 | AD12: =AVERAGE(ABS(X12),ABS(AA12)) -> 0.1 | AE12: =AVERAGE(ABS(Y12),ABS(AB12)) -> 1.8325 | AF12: 0.541
A13: ='Proximal Validation (empirical)'!A13 -> 0.6 | B13: ='Proximal Validation (empirical)'!B13 -> 0.2 | C13: ='Proximal Validation (empirical)'!C13 -> 2.618 | D13: ='Proximal Validation (empirical)'!D13 -> 0.5 | E13: ='Proximal Validation (empirical)'!E13 -> 0.1 | F13: ='Proximal Validation (empirical)'!F13 -> 3.665 | G13: ='Proximal Validation (empirical)'!G13 -> 0 | H13: ='Proximal Validation (empirical)'!H13 -> 0 | ... O13: ='Proximal Validation (empirical)'!O13 -> 0 | W13: =P13-A13 -> -0.6 | X13: =Q13-B13 -> -0.2 | Y13: =R13-C13 -> -2.618 | Z13: =S13-D13 -> -0.5 | AA13: =T13-E13 -> -0.1 | AB13: =U13-F13 -> -3.665 | AC13: =AVERAGE(ABS(W13),ABS(Z13)) -> 0.55 | AD13: =AVERAGE(ABS(X13),ABS(AA13)) -> 0.15 | AE13: =AVERAGE(ABS(Y13),ABS(AB13)) -> 3.1415 | AF13: 0.254
A14: ='Proximal Validation (empirical)'!A14 -> 0.3 | B14: ='Proximal Validation (empirical)'!B14 -> 0.2 | C14: ='Proximal Validation (empirical)'!C14 -> 3.927 | D14: ='Proximal Validation (empirical)'!D14 -> 0.3 | E14: ='Proximal Validation (empirical)'!E14 -> 0.1 | F14: ='Proximal Validation (empirical)'!F14 -> 2.356 | G14: ='Proximal Validation (empirical)'!G14 -> 0 | H14: ='Proximal Validation (empirical)'!H14 -> 0 | ... O14: ='Proximal Validation (empirical)'!O14 -> 0 | W14: =P14-A14 -> -0.3 | X14: =Q14-B14 -> -0.2 | Y14: =R14-C14 -> -3.927 | Z14: =S14-D14 -> -0.3 | AA14: =T14-E14 -> -0.1 | AB14: =U14-F14 -> -2.356 | AC14: =AVERAGE(ABS(W14),ABS(Z14)) -> 0.3 | AD14: =AVERAGE(ABS(X14),ABS(AA14)) -> 0.15 | AE14: =AVERAGE(ABS(Y14),ABS(AB14)) -> 3.1415 | AF14: 0.191
A15: ='Proximal Validation (empirical)'!A15 -> 0.3 | B15: ='Proximal Validation (empirical)'!B15 -> 0.14 | C15: ='Proximal Validation (empirical)'!C15 -> 2.618 | D15: ='Proximal Validation (empirical)'!D15 -> 0.8 | E15: ='Proximal Validation (empirical)'!E15 -> 0.04 | F15: ='Proximal Validation (empirical)'!F15 -> 1.047 | G15: ='Proximal Validation (empirical)'!G15 -> 0 | H15: ='Proximal Validation (empirical)'!H15 -> 0 | ... O15: ='Proximal Validation (empirical)'!O15 -> 0 | W15: =P15-A15 -> -0.3 | X15: =Q15-B15 -> -0.14 | Y15: =R15-C15 -> -2.618 | Z15: =S15-D15 -> -0.8 | AA15: =T15-E15 -> -0.04 | AB15: =U15-F15 -> -1.047 | AC15: =AVERAGE(ABS(W15),ABS(Z15)) -> 0.55 | AD15: =AVERAGE(ABS(X15),ABS(AA15)) -> 0.09 | AE15: =AVERAGE(ABS(Y15),ABS(AB15)) -> 1.8325 | AF15: 0.175
A16: ='Proximal Validation (empirical)'!A16 -> 0.8 | B16: ='Proximal Validation (empirical)'!B16 -> 0.2 | C16: ='Proximal Validation (empirical)'!C16 -> 0.785 | D16: ='Proximal Validation (empirical)'!D16 -> 0.8 | E16: ='Proximal Validation (empirical)'!E16 -> 0.1 | F16: ='Proximal Validation (empirical)'!F16 -> 1.047 | G16: ='Proximal Validation (empirical)'!G16 -> 0 | H16: ='Proximal Validation (empirical)'!H16 -> 0 | ... O16: ='Proximal Validation (empirical)'!O16 -> 0 | W16: =P16-A16 -> -0.8 | X16: =Q16-B16 -> -0.2 | Y16: =R16-C16 -> -0.785 | Z16: =S16-D16 -> -0.8 | AA16: =T16-E16 -> -0.1 | AB16: =U16-F16 -> -1.047 | AC16: =AVERAGE(ABS(W16),ABS(Z16)) -> 0.8 | AD16: =AVERAGE(ABS(X16),ABS(AA16)) -> 0.15 | AE16: =AVERAGE(ABS(Y16),ABS(AB16)) -> 0.916 | AF16: 0.159
A17: ='Proximal Validation (empirical)'!A17 -> 0.4 | B17: ='Proximal Validation (empirical)'!B17 -> 0.12 | C17: ='Proximal Validation (empirical)'!C17 -> 0.785 | D17: ='Proximal Validation (empirical)'!D17 -> 0.4 | E17: ='Proximal Validation (empirical)'!E17 -> 0.02 | F17: ='Proximal Validation (empirical)'!F17 -> 2.356 | G17: ='Proximal Validation (empirical)'!G17 -> 0 | H17: ='Proximal Validation (empirical)'!H17 -> 0 | ... O17: ='Proximal Validation (empirical)'!O17 -> 0 | W17: =P17-A17 -> -0.4 | X17: =Q17-B17 -> -0.12 | Y17: =R17-C17 -> -0.785 | Z17: =S17-D17 -> -0.4 | AA17: =T17-E17 -> -0.02 | AB17: =U17-F17 -> -2.356 | AC17: =AVERAGE(ABS(W17),ABS(Z17)) -> 0.4 | AD17: =AVERAGE(ABS(X17),ABS(AA17)) -> 0.07 | AE17: =AVERAGE(ABS(Y17),ABS(AB17)) -> 1.5705 | AF17: 0.0589

Sheet Conversion
A1: Raw Data | H1: Converted
A2: Fx | B2: Fy | C2: Fz | D2: Tx | E2: Ty | F2: Tz | H2: Tx | I2: Ty | J2: Tz | K2: Fx | L2: Fy | M2: Fz
A3: -0.89387804 | B3: 1.2204701 | C3: -0.40628731 | D3: -0.22898079 | E3: -0.18633711 | F3: 0.0069695031 | H3: =$F3 -> 0.0069695031 | I3: =-1*$E3 -> 0.18633711 | J3: =$D3 -> -0.22898079 | K3: =$C3 -> -0.40628731 | L3: =-1*$B3 -> -1.2204701 | M3: =$A3 -> -0.89387804
A4: 0.29466027 | B4: -0.21742588 | C4: -0.28188202 | D4: 0.090134814 | E4: 0.096287057 | F4: -0.001320025 | H4: =$F4 -> -0.001320025 | I4: =-1*$E4 -> -0.096287057 | J4: =$D4 -> 0.090134814 | K4: =$C4 -> -0.28188202 | L4: =-1*$B4 -> 0.21742588 | M4: =$A4 -> 0.29466027
A5: -0.61048222 | B5: 0.88299614 | C5: -0.12506151 | D5: -0.17296447 | E5: -0.13038665 | F5: 0.0030324226 | H5: =$F5 -> 0.0030324226 | I5: =-1*$E5 -> 0.13038665 | J5: =$D5 -> -0.17296447 | K5: =$C5 -> -0.12506151 | L5: =-1*$B5 -> -0.88299614 | M5: =$A5 -> -0.61048222
A6: 0.9844017 | B6: 0.72426093 | C6: -0.31092066 | D6: -0.12917972 | E6: 0.19520783 | F6: -0.0030779189 | H6: =$F6 -> -0.0030779189 | I6: =-1*$E6 -> -0.19520783 | J6: =$D6 -> -0.12917972 | K6: =$C6 -> -0.31092066 | L6: =-1*$B6 -> -0.72426093 | M6: =$A6 -> 0.9844017
A7: -0.18986988 | B7: 0.44398531 | C7: -0.061551224 | D7: -0.01758644 | E7: 0.0079468116 | F7: -0.00016676099 | H7: =$F7 -> -0.00016676099 | I7: =-1*$E7 -> -0.0079468116 | J7: =$D7 -> -0.01758644 | K7: =$C7 -> -0.061551224 | L7: =-1*$B7 -> -0.44398531 | M7: =$A7 -> -0.18986988
A8: 0.083889194 | B8: 0.17039117 | C8: -0.1627994 | D8: -0.078928374 | E8: -0.047429912 | F8: 0.0017961886 | H8: =$F8 -> 0.0017961886 | I8: =-1*$E8 -> 0.047429912 | J8: =$D8 -> -0.078928374 | K8: =$C8 -> -0.1627994 | L8: =-1*$B8 -> -0.17039117 | M8: =$A8 -> 0.083889194
A9: 0.086106233 | B9: 0.13227715 | C9: -0.32577506 | D9: -0.078846827 | E9: -0.05096858 | F9: 0.0012522163 | H9: =$F9 -> 0.0012522163 | I9: =-1*$E9 -> 0.05096858 | J9: =$D9 -> -0.078846827 | K9: =$C9 -> -0.32577506 | L9: =-1*$B9 -> -0.13227715 | M9: =$A9 -> 0.086106233
A10: -0.53309703 | B10: 0.82167768 | C10: -0.54459727 | D10: -0.17731731 | E10: -0.1325464 | F10: 0.0032644039 | H10: =$F10 -> 0.0032644039 | I10: =-1*$E10 -> 0.1325464 | J10: =$D10 -> -0.17731731 | K10: =$C10 -> -0.54459727 | L10: =-1*$B10 -> -0.82167768 | M10: =$A10 -> -0.53309703
A11: -0.24197339 | B11: 0.44638109 | C11: -0.066438042 | D11: -0.018082347 | E11: 0.0047906758 | F11: 0.0014217251 | H11: =$F11 -> 0.0014217251 | I11: =-1*$E11 -> -0.0047906758 | J11: =$D11 -> -0.018082347 | K11: =$C11 -> -0.066438042 | L11: =-1*$B11 -> -0.44638109 | M11: =$A11 -> -0.24197339
A12: 0.042206846 | B12: 0.038171902 | C12: -0.041402955 | D12: 0.044241492 | E12: 0.049326874 | F12: 0.0039956607 | H12: =$F12 -> 0.0039956607 | I12: =-1*$E12 -> -0.049326874 | J12: =$D12 -> 0.044241492 | K12: =$C12 -> -0.041402955 | L12: =-1*$B12 -> -0.038171902 | M12: =$A12 -> 0.042206846
A13: -0.82137412 | B13: 1.0104262 | C13: -0.73947352 | D13: -0.20451097 | E13: -0.18071201 | F13: 0.0032624248 | H13: =$F13 -> 0.0032624248 | I13: =-1*$E13 -> 0.18071201 | J13: =$D13 -> -0.20451097 | K13: =$C13 -> -0.73947352 | L13: =-1*$B13 -> -1.0104262 | M13: =$A13 -> -0.82137412
H14: =$F14 -> 0 | I14: =-1*$E14 -> 0 | J14: =$D14 -> 0 | K14: =$C14 -> 0 | L14: =-1*$B14 -> 0 | M14: =$A14 -> 0
H15: =$F15 -> 0 | I15: =-1*$E15 -> 0 | J15: =$D15 -> 0 | K15: =$C15 -> 0 | L15: =-1*$B15 -> 0 | M15: =$A15 -> 0
H16: =$F16 -> 0 | I16: =-1*$E16 -> 0 | J16: =$D16 -> 0 | K16: =$C16 -> 0 | L16: =-1*$B16 -> 0 | M16: =$A16 -> 0
H17: =$F17 -> 0 | I17: =-1*$E17 -> 0 | J17: =$D17 -> 0 | K17: =$C17 -> 0 | L17: =-1*$B17 -> 0 | M17: =$A17 -> 0
H18: =$F18 -> 0 | I18: =-1*$E18 -> 0 | J18: =$D18 -> 0 | K18: =$C18 -> 0 | L18: =-1*$B18 -> 0 | M18: =$A18 -> 0

Sheet Sheet2
D2: [ | E2: 0.7 | F2: 0.2 | G2: 2.618 | H2: 0.8 | I2: 0.02 | J2: 2.356 | K2: 0 | L2: 0 | M2: 0 | N2: ; | W2: { | X2: [ | Y2: 0.0069695031 | Z2: 0.18633711 | AA2: -0.22898079 | AB2: -0.40628731 | AC2: -1.2204701 | AD2: -0.89387804 | AE2: 0 | AF2: 0 | AG2: 0 | AH2: ] | AI2: ;
E3: 0.8 | F3: 0.16 | G3: 3.927 | H3: 0.8 | I3: 0.02 | J3: 3.665 | K3: 0 | L3: 0 | M3: 0 | N3: ; | X3: [ | Y3: -0.001320025 | Z3: -0.096287057 | AA3: 0.090134814 | AB3: -0.28188202 | AC3: 0.21742588 | AD3: 0.29466027 | AE3: 0 | AF3: 0 | AG3: 0 | AH3: ] | AI3: ;
E4: 0.8 | F4: 0.2 | G4: 3.927 | H4: 0.4 | I4: 0.04 | J4: 1.047 | K4: 0 | L4: 0 | M4: 0 | N4: ; | X4: [ | Y4: 0.0030324226 | Z4: 0.13038665 | AA4: -0.17296447 | AB4: -0.12506151 | AC4: -0.88299614 | AD4: -0.61048222 | AE4: 0 | AF4: 0 | AG4: 0 | AH4: ] | AI4: ;
E5: 0.8 | F5: 0.18 | G5: 2.618 | H5: 0.7 | I5: 0.06 | J5: 2.356 | K5: 0 | L5: 0 | M5: 0 | N5: ; | X5: [ | Y5: -0.00016676099 | Z5: -0.0079468116 | AA5: -0.01758644 | AB5: -0.061551224 | AC5: -0.44398531 | AD5: -0.18986988 | AE5: 0 | AF5: 0 | AG5: 0 | AH5: ] | AI5: ;
E6: 0.7 | F6: 0.16 | G6: 0.785 | H6: 0.3 | I6: 0.06 | J6: 3.665 | K6: 0 | L6: 0 | M6: 0 | N6: ; | X6: [ | Y6: 0.0017961886 | Z6: 0.047429912 | AA6: -0.078928374 | AB6: -0.1627994 | AC6: -0.17039117 | AD6: 0.083889194 | AE6: 0 | AF6: 0 | AG6: 0 | AH6: ] | AI6: }
E7: 0.4 | F7: 0.2 | G7: 3.927 | H7: 0.8 | I7: 0.06 | J7: 3.665 | K7: 0 | L7: 0 | M7: 0 | N7: ;
E8: 0.3 | F8: 0.2 | G8: 0.785 | H8: 0.7 | I8: 0.02 | J8: 3.665 | K8: 0 | L8: 0 | M8: 0 | N8: ;
E9: 0.7 | F9: 0.12 | G9: 3.927 | H9: 0.7 | I9: 0.02 | J9: 1.047 | K9: 0 | L9: 0 | M9: 0 | N9: ;
E10: 0.8 | F10: 0.12 | G10: 2.618 | H10: 0.3 | I10: 0.02 | J10: 3.665 | K10: 0 | L10: 0 | M10: 0 | N10: ;
E11: 0.4 | F11: 0.18 | G11: 2.618 | H11: 0.3 | I11: 0.02 | J11: 1.047 | K11: 0 | L11: 0 | M11: 0 | N11: ;
E12: 0.6 | F12: 0.2 | G12: 2.618 | H12: 0.5 | I12: 0.1 | J12: 3.665 | K12: 0 | L12: 0 | M12: 0 | N12: ;
E13: 0.3 | F13: 0.2 | G13: 3.927 | H13: 0.3 | I13: 0.1 | J13: 2.356 | K13: 0 | L13: 0 | M13: 0 | N13: ;
E14: 0.3 | F14: 0.14 | G14: 2.618 | H14: 0.8 | I14: 0.04 | J14: 1.047 | K14: 0 | L14: 0 | M14: 0 | N14: ; | T14: [ | U14: 0.8 | V14: 0.16 | W14: 3.927 | X14: 0.8 | Y14: 0.02 | Z14: 3.665 | AA14: 0 | AB14: 0 | AC14: 0 | AD14: ;
E15: 0.8 | F15: 0.2 | G15: 0.785 | H15: 0.8 | I15: 0.1 | J15: 1.047 | K15: 0 | L15: 0 | M15: 0 | N15: ; | U15: 0.7 | V15: 0.16 | W15: 0.785 | X15: 0.3 | Y15: 0.06 | Z15: 3.665 | AA15: 0 | AB15: 0 | AC15: 0 | AD15: ;
E16: 0.4 | F16: 0.12 | G16: 0.785 | H16: 0.4 | I16: 0.02 | J16: 2.356 | K16: 0 | L16: 0 | M16: 0 | N16: ] | U16: 0.4 | V16: 0.2 | W16: 3.927 | X16: 0.8 | Y16: 0.06 | Z16: 3.665 | AA16: 0 | AB16: 0 | AC16: 0 | AD16: ;
U17: 0.3 | V17: 0.2 | W17: 0.785 | X17: 0.7 | Y17: 0.02 | Z17: 3.665 | AA17: 0 | AB17: 0 | AC17: 0 | AD17: ;
U18: 0.7 | V18: 0.12 | W18: 3.927 | X18: 0.7 | Y18: 0.02 | Z18: 1.047 | AA18: 0 | AB18: 0 | AC18: 0 | AD18: ]
N21: { | O21: [ | P21: 0.0032624248 | Q21: 0.18071201 | R21: -0.20451097 | S21: -0.73947352 | T21: -1.0104262 | U21: -0.82137412 | V21: 0 | W21: 0 | X21: 0 | Y21: ] | Z21: ;
O22: [ | P22: 0.0039956607 | Q22: -0.049326874 | R22: 0.044241492 | S22: -0.041402955 | T22: -0.038171902 | U22: 0.042206846 | V22: 0 | W22: 0 | X22: 0 | Y22: ] | Z22: ;
O23: [ | P23: 0.0032644039 | Q23: 0.1325464 | R23: -0.17731731 | S23: -0.54459727 | T23: -0.82167768 | U23: -0.53309703 | V23: 0 | W23: 0 | X23: 0 | Y23: ] | Z23: ;
O24: [ | P24: 0.0014217251 | Q24: -0.0047906758 | R24: -0.018082347 | S24: -0.066438042 | T24: -0.44638109 | U24: -0.24197339 | V24: 0 | W24: 0 | X24: 0 | Y24: ] | Z24: ;
O25: [ | P25: 0.0012522163 | Q25: 0.05096858 | R25: -0.078846827 | S25: -0.32577506 | T25: -0.13227715 | U25: 0.086106233 | V25: 0 | W25: 0 | X25: 0 | Y25: ] | Z25: }
O29: [ | P29: 0.8 | Q29: 0.16 | R29: 3.927 | S29: 0.8 | T29: 0.02 | U29: 3.665 | V29: ;
P30: 0.7 | Q30: 0.16 | R30: 0.785 | S30: 0.3 | T30: 0.06 | U30: 3.665 | V30: ;
P31: 0.4 | Q31: 0.2 | R31: 3.927 | S31: 0.8 | T31: 0.06 | U31: 3.665 | V31: ;
P32: 0.3 | Q32: 0.2 | R32: 0.785 | S32: 0.7 | T32: 0.02 | U32: 3.665 | V32: ;
P33: 0.7 | Q33: 0.12 | R33: 3.927 | S33: 0.7 | T33: 0.02 | U33: 1.047 | V33: ]
