Workbook

Sheet Proximal Validation (double)
A1: Ground Truth | L1: 6-Axis FT Sensor | R1: SoRoSim get_proximal_value | X1: Proximal Errors
A2: F1 (N) | B2: s1 (m) | C2: el1 (rad) | D2: az1 (rad) | E2: F2 (N) | F2: s2 (m) | G2: el2 (rad) | H2: az2 (rad) | I2: tau1 (N) | J2: tau2 (N) | K2: tau3 (N) | L2: Tx (Nm) | M2: Ty (Nm) | N2: Tz(Nm) | O2: Fx (N) | P2: Fy (N) | Q2: Fz (N) | R2: Tx (Nm) | S2: Ty (Nm) | T2: Tz(Nm) | U2: Fx (N) | V2: Fy (N) | W2: Fz (N) | X2: Tx (Nm) | Y2: Ty (Nm) | Z2: Tz(Nm) | AA2: Fx (N) | AB2: Fy (N) | AC2: Fz (N)
A3: 0.2 | B3: 0.1 | C3: 1.571 | D3: =PI()/2 -> 1.5707963 | E3: 1 | F3: 0.04 | G3: 3.142 | H3: =PI()/2 -> 1.5707963 | I3: 1.4 | J3: 0 | K3: 0 | L3: -0.0019976702 | M3: -0.03319085 | N3: -0.13983804 | O3: -0.015990611 | P3: -1.0412544 | Q3: 0.19511425 | R3: 0.0001 | S3: -0.0379 | T3: -0.13 | U3: -0.0028 | V3: -1.0001 | W3: 0.1996 | X3: =ABS(L3-R3) -> 0.0020976702 | Y3: =ABS(M3-S3) -> 0.0047091498 | Z3: =ABS(N3-T3) -> 0.0098380399 | AA3: =ABS(O3-U3) -> 0.013190611 | AB3: =ABS(P3-V3) -> 0.041154401 | AC3: =ABS(Q3-W3) -> 0.004485745
A4: 1 | B4: 0.1 | C4: 1.571 | D4: =PI()/2 -> 1.5707963 | E4: 1 | F4: 0.08 | G4: 3.142 | H4: =PI()/2 -> 1.5707963 | I4: 0 | J4: 0 | K4: 0 | L4: -0.0013075336 | M4: -0.21146439 | N4: -0.15480977 | O4: -0.11514878 | P4: -0.88536769 | Q4: 1.091455 | R4: 0 | S4: -0.1898 | T4: -0.17 | U4: -0.044 | V4: -0.9998 | W4: 0.999 | X4: =ABS(L4-R4) -> 0.0013075336 | Y4: =ABS(M4-S4) -> 0.02166439 | Z4: =ABS(N4-T4) -> 0.015190227 | AA4: =ABS(O4-U4) -> 0.071148775 | AB4: =ABS(P4-V4) -> 0.11443231 | AC4: =ABS(Q4-W4) -> 0.092454983
A5: 0.5 | B5: 0.1 | C5: 1.571 | D5: =PI()/2 -> 1.5707963 | E5: 0.2 | F5: 0.02 | G5: 3.927 | H5: =PI()/2 -> 1.5707963 | I5: 0 | J5: 0 | K5: 0 | L5: 0.00048654911 | M5: -0.099444382 | N5: -0.010887475 | O5: -0.029133603 | P5: -0.12781015 | Q5: 0.45268995 | R5: 0 | S5: -0.0794 | T5: -0.0156 | U5: -0.0076 | V5: -0.1415 | W5: 0.3585 | X5: =ABS(L5-R5) -> 0.00048654911 | Y5: =ABS(M5-S5) -> 0.020044382 | Z5: =ABS(N5-T5) -> 0.0047125252 | AA5: =ABS(O5-U5) -> 0.021533603 | AB5: =ABS(P5-V5) -> 0.01368985 | AC5: =ABS(Q5-W5) -> 0.094189946
A6: 0.9 | B6: 0.1 | C6: 1.571 | D6: =PI()/2 -> 1.5707963 | E6: 0.2 | F6: 0.08 | G6: 4.712 | H6: =PI()/2 -> 1.5707963 | I6: 1.2 | J6: 0 | K6: 0 | L6: 0.0021138785 | M6: -0.17721578 | N6: 0.003866273 | O6: -0.097615689 | P6: 0.028949752 | Q6: 0.88741946 | R6: 0.0002 | S6: -0.1369 | T6: -0.0001 | U6: -0.0241 | V6: -0.0004 | W6: 0.6996 | X6: =ABS(L6-R6) -> 0.0019138785 | Y6: =ABS(M6-S6) -> 0.040315785 | Z6: =ABS(N6-T6) -> 0.003966273 | AA6: =ABS(O6-U6) -> 0.073515689 | AB6: =ABS(P6-V6) -> 0.029349752 | AC6: =ABS(Q6-W6) -> 0.18781946
A7: 0.1 | B7: 0.12 | C7: 1.571 | D7: =PI()/2 -> 1.5707963 | E7: 1 | F7: 0.06 | G7: 3.927 | H7: =PI()/2 -> 1.5707963 | I7: 0 | J7: 0 | K7: 0 | L7: -0.0014075441 | M7: 0.07288304 | N7: -0.11806335 | O7: 0.002719406 | P7: -0.758407 | Q7: -0.50915515 | R7: 0 | S7: 0.0851 | T7: -0.1061 | U7: -0.0018 | V7: -0.7071 | W7: -0.6071 | X7: =ABS(L7-R7) -> 0.0014075441 | Y7: =ABS(M7-S7) -> 0.01221696 | Z7: =ABS(N7-T7) -> 0.011963346 | AA7: =ABS(O7-U7) -> 0.004519406 | AB7: =ABS(P7-V7) -> 0.051306997 | AC7: =ABS(Q7-W7) -> 0.097944846
A8: 0.8 | B8: 0.16 | C8: 1.571 | D8: =PI()/2 -> 1.5707963 | E8: 0.8 | F8: 0.06 | G8: 3.927 | H8: =PI()/2 -> 1.5707963 | I8: 1.4 | J8: 0 | K8: 0 | L8: 0.0034910832 | M8: -0.18494511 | N8: -0.090413325 | O8: -0.4012619 | P8: -0.60379952 | Q8: 0.49847054 | R8: 0.0025 | S8: -0.1081 | T8: -0.086 | U8: -0.2229 | V8: -0.5731 | W8: 0.197 | X8: =ABS(L8-R8) -> 0.00099108316 | Y8: =ABS(M8-S8) -> 0.076845107 | Z8: =ABS(N8-T8) -> 0.0044133245 | AA8: =ABS(O8-U8) -> 0.1783619 | AB8: =ABS(P8-V8) -> 0.030699522 | AC8: =ABS(Q8-W8) -> 0.30147054
A9: 0.1 | B9: 0.18 | C9: 1.571 | D9: =PI()/2 -> 1.5707963 | E9: 0.1 | F9: 0.02 | G9: 3.142 | H9: =PI()/2 -> 1.5707963 | I9: 1.2 | J9: 0 | K9: 0 | L9: 0.001590815 | M9: -0.034777381 | N9: -0.015904162 | O9: -0.020381898 | P9: -0.14476515 | Q9: 0.11709622 | R9: 0.0004 | S9: -0.0269 | T9: -0.0111 | U9: -0.0105 | V9: -0.1004 | W9: 0.0994 | X9: =ABS(L9-R9) -> 0.001190815 | Y9: =ABS(M9-S9) -> 0.0078773805 | Z9: =ABS(N9-T9) -> 0.0048041621 | AA9: =ABS(O9-U9) -> 0.0098818977 | AB9: =ABS(P9-V9) -> 0.044365154 | AC9: =ABS(Q9-W9) -> 0.017696215
A10: 0.9 | B10: 0.18 | C10: 1.571 | D10: =PI()/2 -> 1.5707963 | E10: 0.1 | F10: 0.08 | G10: 4.712 | H10: =PI()/2 -> 1.5707963 | I10: 0 | J10: 0 | K10: 0 | L10: 0.0023236712 | M10: -0.20482215 | N10: 0.0061566709 | O10: -0.39857343 | P10: 0.027593434 | Q10: 0.66701603 | R10: 0 | S10: -0.2071 | T10: -0.0001 | U10: -0.4049 | V10: -0.0002 | W10: 0.7009 | X10: =ABS(L10-R10) -> 0.0023236712 | Y10: =ABS(M10-S10) -> 0.0022778471 | Z10: =ABS(N10-T10) -> 0.0062566709 | AA10: =ABS(O10-U10) -> 0.0063265716 | AB10: =ABS(P10-V10) -> 0.027793434 | AC10: =ABS(Q10-W10) -> 0.033883971
A11: 0.3 | B11: 0.18 | C11: 1.571 | D11: =PI()/2 -> 1.5707963 | E11: 0.9 | F11: 0.08 | G11: 4.712 | H11: =PI()/2 -> 1.5707963 | I11: 1 | J11: 0 | K11: 0 | L11: 0.0016893346 | M11: 0.095554247 | N11: -0.00088441034 | O11: -0.045536973 | P11: -0.0059180781 | Q11: -0.73156416 | R11: 0.001 | S11: 0.0731 | T11: -0.0003 | U11: -0.0466 | V11: -0.0022 | W11: -0.6054 | X11: =ABS(L11-R11) -> 0.00068933463 | Y11: =ABS(M11-S11) -> 0.022454247 | Z11: =ABS(N11-T11) -> 0.00058441034 | AA11: =ABS(O11-U11) -> 0.0010630274 | AB11: =ABS(P11-V11) -> 0.0037180781 | AC11: =ABS(Q11-W11) -> 0.12616416
A12: 0.9 | B12: 0.2 | C12: 1.571 | D12: =PI()/2 -> 1.5707963 | E12: 1 | F12: 0.02 | G12: 3.142 | H12: =PI()/2 -> 1.5707963 | I12: 0.4 | J12: 0 | K12: 0 | L12: 0.0012135198 | M12: -0.18293566 | N12: -0.10479864 | O12: -0.48353463 | P12: -0.98798037 | Q12: 0.51245713 | R12: 0.0018 | S12: -0.2219 | T12: -0.1109 | U12: -0.5463 | V12: -1.0073 | W12: 0.7147 | X12: =ABS(L12-R12) -> 0.00058648017 | Y12: =ABS(M12-S12) -> 0.038964345 | Z12: =ABS(N12-T12) -> 0.0061013552 | AA12: =ABS(O12-U12) -> 0.062765366 | AB12: =ABS(P12-V12) -> 0.019319634 | AC12: =ABS(Q12-W12) -> 0.20224287
A13: 0.1 | B13: 0.2 | C13: 1.571 | D13: =PI()/2 -> 1.5707963 | E13: 0.3 | F13: 0.08 | G13: 3.142 | H13: =PI()/2 -> 1.5707963 | I13: 0.2 | J13: 0 | K13: 0 | L13: -0.00065936521 | M13: 0.0031013913 | N13: -0.067128308 | O13: 0.031099312 | P13: -0.38181251 | Q13: -0.0304524 | R13: 0.0001 | S13: -0.0286 | T13: -0.051 | U13: -0.009 | V13: -0.3 | W13: 0.0995 | X13: =ABS(L13-R13) -> 0.00075936521 | Y13: =ABS(M13-S13) -> 0.031701391 | Z13: =ABS(N13-T13) -> 0.016128308 | AA13: =ABS(O13-U13) -> 0.040099312 | AB13: =ABS(P13-V13) -> 0.081812513 | AC13: =ABS(Q13-W13) -> 0.1299524
A14: 0.9 | B14: 0.2 | C14: 1.571 | D14: =PI()/2 -> 1.5707963 | E14: 0.3 | F14: 0.02 | G14: 4.712 | H14: =PI()/2 -> 1.5707963 | I14: 1.4 | J14: 0 | K14: 0 | L14: 0.0087932777 | M14: -0.16019897 | N14: -0.0024834895 | O14: -0.46627718 | P14: -0.019136451 | Q14: 0.27873135 | R14: 0.0061 | S14: -0.184 | T14: -0.0035 | U14: -0.5741 | V14: -0.0275 | W14: 0.3922 | X14: =ABS(L14-R14) -> 0.0026932777 | Y14: =ABS(M14-S14) -> 0.023801028 | Z14: =ABS(N14-T14) -> 0.0010165105 | AA14: =ABS(O14-U14) -> 0.10782282 | AB14: =ABS(P14-V14) -> 0.0083635488 | AC14: =ABS(Q14-W14) -> 0.11346865
... A42: 0.2 | B42: 0.2 | C42: 4.712 | D42: =PI()/2 -> 1.5707963 | E42: 0.1 | F42: 0.08 | G42: 3.927 | H42: =PI()/2 -> 1.5707963 | I42: 0 | J42: 0 | K42: 0 | L42: -0.0012752726 | M42: 0.042479593 | N42: -0.010458088 | O42: -0.0027824324 | P42: -0.054970372 | Q42: -0.1535165 | R42: 0 | S42: 0.069 | T42: -0.012 | U42: -0.0301 | V42: -0.0708 | W42: -0.2686 | X42: =ABS(L42-R42) -> 0.0012752726 | Y42: =ABS(M42-S42) -> 0.026520407 | Z42: =ABS(N42-T42) -> 0.0015419115 | AA42: =ABS(O42-U42) -> 0.027317568 | AB42: =ABS(P42-V42) -> 0.015829628 | AC42: =ABS(Q42-W42) -> 0.1150835

Sheet Distal Vali (double, tight)
A1: Ground Truth | L1: 6-Axis FT Sensor | R1: SoRoSim get_distal_value | Z1: Distal Errors | AH1: Stats
A2: F1 (N) | B2: s1 (m) | C2: el1 (rad) | D2: az1 (rad) | E2: F2 (N) | F2: s2 (m) | G2: el2 (rad) | H2: az2 (rad) | I2: tau1 (N) | J2: tau2 (N) | K2: tau3 (N) | L2: Tx (Nm) | M2: Ty (Nm) | N2: Tz(Nm) | O2: Fx (N) | P2: Fy (N) | Q2: Fz (N) | R2: F1 (N) | S2: s1 (m) | T2: el1 (rad) | U2: az1 (rad) | V2: F2 (N) | W2: s2 (m) | X2: el2 (rad) | Y2: az2 (rad) | Z2: F1 (N) | AA2: s1 (m) | AB2: el1 (rad) | AC2: az1 (rad) | AD2: F2 (N) | AE2: s2 (m) | AF2: el2 (rad) | AG2: az2 (rad) | AH2: force_error | AI2: position_error | AJ2: angle_error | AK2: Absolute Mean Error
A3: ='Proximal Validation (double)'!A3 -> 0.2 | B3: ='Proximal Validation (double)'!B3 -> 0.1 | C3: ='Proximal Validation (double)'!C3 -> 1.571 | D3: ='Proximal Validation (double)'!D3 -> 1.5707963 | E3: ='Proximal Validation (double)'!E3 -> 1 | F3: ='Proximal Validation (double)'!F3 -> 0.04 | G3: ='Proximal Validation (double)'!G3 -> 3.142 | H3: ='Proximal Validation (double)'!H3 -> 1.5707963 | ... Q3: ='Proximal Validation (double)'!Q3 -> 0.19511425 | R3: 0.3629 | S3: 0.1089 | T3: 2.5763 | U3: 1.5708 | V3: 0.7347 | W3: 0.02 | X3: 3.1416 | Y3: 1.5708 | Z3: =R3-A3 -> 0.1629 | AA3: =S3-B3 -> 0.0089 | AB3: =T3-C3 -> 1.0053 | AC3: =U3-D3 -> 3.6732051e-06 | AD3: =V3-E3 -> -0.2653 | AE3: =W3-F3 -> -0.02 | AF3: =X3-G3 -> -0.0004 | AG3: =Y3-H3 -> 3.6732051e-06 | AH3: =AVERAGE(ABS(Z3),ABS(AD3)) -> 0.2141 | AI3: =AVERAGE(ABS(AA3),ABS(AE3)) -> 0.01445 | AJ3: =AVERAGE(ABS(AB3),ABS(AF3)) -> 0.50285 | AK3: F1 (N) | AL3: s1 (m) | AM3: el1 (rad) | AN3: az1 (rad) | AO3: F2 (N) | AP3: s2 (m) | AQ3: el2 (rad) | AR3: az2 (rad)
A4: ='Proximal Validation (double)'!A4 -> 1 | B4: ='Proximal Validation (double)'!B4 -> 0.1 | C4: ='Proximal Validation (double)'!C4 -> 1.571 | D4: ='Proximal Validation (double)'!D4 -> 1.5707963 | E4: ='Proximal Validation (double)'!E4 -> 1 | F4: ='Proximal Validation (double)'!F4 -> 0.08 | G4: ='Proximal Validation (double)'!G4 -> 3.142 | H4: ='Proximal Validation (double)'!H4 -> 1.5707963 | ... Q4: ='Proximal Validation (double)'!Q4 -> 1.091455 | R4: 1 | S4: 0.1272 | T4: 1.5759 | U4: 1.5708 | V4: 0.882 | W4: 0.08 | X4: 3.1416 | Y4: 1.5708 | Z4: =R4-A4 -> 0 | AA4: =S4-B4 -> 0.0272 | AB4: =T4-C4 -> 0.0049 | AC4: =U4-D4 -> 3.6732051e-06 | AD4: =V4-E4 -> -0.118 | AE4: =W4-F4 -> 0 | AF4: =X4-G4 -> -0.0004 | AG4: =Y4-H4 -> 3.6732051e-06 | AH4: =AVERAGE(ABS(Z4),ABS(AD4)) -> 0.059 | AI4: =AVERAGE(ABS(AA4),ABS(AE4)) -> 0.0136 | AJ4: =AVERAGE(ABS(AB4),ABS(AF4)) -> 0.00265 | AK4: {=AVERAGE(ABS(Z3:Z42))} -> 0.1045075 | AL4: {=AVERAGE(ABS(AA3:AA42))} -> 0.0268525 | AM4: {=AVERAGE(ABS(AB3:AB42))} -> 0.405275 | AN4: {=AVERAGE(ABS(AC3:AC42))} -> 3.6732051e-06 | AO4: {=AVERAGE(ABS(AD3:AD42))} -> 0.138175 | AP4: {=AVERAGE(ABS(AE3:AE42))} -> 0.01529 | AQ4: {=AVERAGE(ABS(AF3:AF42))} -> 0.2080475 | AR4: {=AVERAGE(ABS(AG3:AG42))} -> 3.6732051e-06
A5: ='Proximal Validation (double)'!A5 -> 0.5 | B5: ='Proximal Validation (double)'!B5 -> 0.1 | C5: ='Proximal Validation (double)'!C5 -> 1.571 | D5: ='Proximal Validation (double)'!D5 -> 1.5707963 | E5: ='Proximal Validation (double)'!E5 -> 0.2 | F5: ='Proximal Validation (double)'!F5 -> 0.02 | G5: ='Proximal Validation (double)'!G5 -> 3.927 | H5: ='Proximal Validation (double)'!H5 -> 1.5707963 | ... Q5: ='Proximal Validation (double)'!Q5 -> 0.45268995 | R5: 0.5209 | S5: 0.1279 | T5: 1.5718 | U5: 1.5708 | V5: 0.144 | W5: 0.033 | X5: 3.6412 | Y5: 1.5708 | Z5: =R5-A5 -> 0.0209 | AA5: =S5-B5 -> 0.0279 | AB5: =T5-C5 -> 0.0008 | AC5: =U5-D5 -> 3.6732051e-06 | AD5: =V5-E5 -> -0.056 | AE5: =W5-F5 -> 0.013 | AF5: =X5-G5 -> -0.2858 | AG5: =Y5-H5 -> 3.6732051e-06 | AH5: =AVERAGE(ABS(Z5),ABS(AD5)) -> 0.03845 | AI5: =AVERAGE(ABS(AA5),ABS(AE5)) -> 0.02045 | AJ5: =AVERAGE(ABS(AB5),ABS(AF5)) -> 0.1433 | AK5: Absolute Mean Error (Across Both Forces)
A6: ='Proximal Validation (double)'!A6 -> 0.9 | B6: ='Proximal Validation (double)'!B6 -> 0.1 | C6: ='Proximal Validation (double)'!C6 -> 1.571 | D6: ='Proximal Validation (double)'!D6 -> 1.5707963 | E6: ='Proximal Validation (double)'!E6 -> 0.2 | F6: ='Proximal Validation (double)'!F6 -> 0.08 | G6: ='Proximal Validation (double)'!G6 -> 4.712 | H6: ='Proximal Validation (double)'!H6 -> 1.5707963 | ... Q6: ='Proximal Validation (double)'!Q6 -> 0.88741946 | R6: 0.9892 | S6: 0.1245 | T6: 1.5708 | U6: 1.5708 | V6: 0.1 | W6: 0.08 | X6: 4.7123 | Y6: 1.5708 | Z6: =R6-A6 -> 0.0892 | AA6: =S6-B6 -> 0.0245 | AB6: =T6-C6 -> -0.0002 | AC6: =U6-D6 -> 3.6732051e-06 | AD6: =V6-E6 -> -0.1 | AE6: =W6-F6 -> 0 | AF6: =X6-G6 -> 0.0003 | AG6: =Y6-H6 -> 3.6732051e-06 | AH6: =AVERAGE(ABS(Z6),ABS(AD6)) -> 0.0946 | AI6: =AVERAGE(ABS(AA6),ABS(AE6)) -> 0.01225 | AJ6: =AVERAGE(ABS(AB6),ABS(AF6)) -> 0.00025 | AK6: force_error | AL6: position_error | AM6: angle_error
A7: ='Proximal Validation (double)'!A7 -> 0.1 | B7: ='Proximal Validation (double)'!B7 -> 0.12 | C7: ='Proximal Validation (double)'!C7 -> 1.571 | D7: ='Proximal Validation (double)'!D7 -> 1.5707963 | E7: ='Proximal Validation (double)'!E7 -> 1 | F7: ='Proximal Validation (double)'!F7 -> 0.06 | G7: ='Proximal Validation (double)'!G7 -> 3.927 | H7: ='Proximal Validation (double)'!H7 -> 1.5707963 | ... Q7: ='Proximal Validation (double)'!Q7 -> -0.50915515 | R7: 0.2014 | S7: 0.1 | T7: 3.2376 | U7: 1.5708 | V7: 0.7426 | W7: 0.0504 | X7: 3.862 | Y7: 1.5708 | Z7: =R7-A7 -> 0.1014 | AA7: =S7-B7 -> -0.02 | AB7: =T7-C7 -> 1.6666 | AC7: =U7-D7 -> 3.6732051e-06 | AD7: =V7-E7 -> -0.2574 | AE7: =W7-F7 -> -0.0096 | AF7: =X7-G7 -> -0.065 | AG7: =Y7-H7 -> 3.6732051e-06 | AH7: =AVERAGE(ABS(Z7),ABS(AD7)) -> 0.1794 | AI7: =AVERAGE(ABS(AA7),ABS(AE7)) -> 0.0148 | AJ7: =AVERAGE(ABS(AB7),ABS(AF7)) -> 0.8658 | AK7: =AVERAGE(AK4,AO4) -> 0.12134125 | AL7: =AVERAGE(AL4,AP4) -> 0.02107125 | AM7: =AVERAGE(AM4,AQ4) -> 0.30666125
A8: ='Proximal Validation (double)'!A8 -> 0.8 | B8: ='Proximal Validation (double)'!B8 -> 0.16 | C8: ='Proximal Validation (double)'!C8 -> 1.571 | D8: ='Proximal Validation (double)'!D8 -> 1.5707963 | E8: ='Proximal Validation (double)'!E8 -> 0.8 | F8: ='Proximal Validation (double)'!F8 -> 0.06 | G8: ='Proximal Validation (double)'!G8 -> 3.927 | H8: ='Proximal Validation (double)'!H8 -> 1.5707963 | ... Q8: ='Proximal Validation (double)'!Q8 -> 0.49847054 | R8: 0.9076 | S8: 0.1739 | T8: 1.7493 | U8: 1.5708 | V8: 0.5345 | W8: 0.02 | X8: 3.736 | Y8: 1.5708 | Z8: =R8-A8 -> 0.1076 | AA8: =S8-B8 -> 0.0139 | AB8: =T8-C8 -> 0.1783 | AC8: =U8-D8 -> 3.6732051e-06 | AD8: =V8-E8 -> -0.2655 | AE8: =W8-F8 -> -0.04 | AF8: =X8-G8 -> -0.191 | AG8: =Y8-H8 -> 3.6732051e-06 | AH8: =AVERAGE(ABS(Z8),ABS(AD8)) -> 0.18655 | AI8: =AVERAGE(ABS(AA8),ABS(AE8)) -> 0.02695 | AJ8: =AVERAGE(ABS(AB8),ABS(AF8)) -> 0.18465
A9: ='Proximal Validation (double)'!A9 -> 0.1 | B9: ='Proximal Validation (double)'!B9 -> 0.18 | C9: ='Proximal Validation (double)'!C9 -> 1.571 | D9: ='Proximal Validation (double)'!D9 -> 1.5707963 | E9: ='Proximal Validation (double)'!E9 -> 0.1 | F9: ='Proximal Validation (double)'!F9 -> 0.02 | G9: ='Proximal Validation (double)'!G9 -> 3.142 | H9: ='Proximal Validation (double)'!H9 -> 1.5707963 | ... Q9: ='Proximal Validation (double)'!Q9 -> 0.11709622 | R9: 0.1563 | S9: 0.1738 | T9: 1.5708 | U9: 1.5708 | V9: 0.1488 | W9: 0.0255 | X9: 3.402 | Y9: 1.5708 | Z9: =R9-A9 -> 0.0563 | AA9: =S9-B9 -> -0.0062 | AB9: =T9-C9 -> -0.0002 | AC9: =U9-D9 -> 3.6732051e-06 | AD9: =V9-E9 -> 0.0488 | AE9: =W9-F9 -> 0.0055 | AF9: =X9-G9 -> 0.26 | AG9: =Y9-H9 -> 3.6732051e-06 | AH9: =AVERAGE(ABS(Z9),ABS(AD9)) -> 0.05255 | AI9: =AVERAGE(ABS(AA9),ABS(AE9)) -> 0.00585 | AJ9: =AVERAGE(ABS(AB9),ABS(AF9)) -> 0.1301
A10: ='Proximal Validation (double)'!A10 -> 0.9 | B10: ='Proximal Validation (double)'!B10 -> 0.18 | C10: ='Proximal Validation (double)'!C10 -> 1.571 | D10: ='Proximal Validation (double)'!D10 -> 1.5707963 | E10: ='Proximal Validation (double)'!E10 -> 0.1 | F10: ='Proximal Validation (double)'!F10 -> 0.08 | G10: ='Proximal Validation (double)'!G10 -> 4.712 | H10: ='Proximal Validation (double)'!H10 -> 1.5707963 | ... Q10: ='Proximal Validation (double)'!Q10 -> 0.66701603 | R10: 0.8689 | S10: 0.182 | T10: 1.5708 | U10: 1.5708 | V10: 0.1049 | W10: 0.0329 | X10: 4.7124 | Y10: 1.5708 | Z10: =R10-A10 -> -0.0311 | AA10: =S10-B10 -> 0.002 | AB10: =T10-C10 -> -0.0002 | AC10: =U10-D10 -> 3.6732051e-06 | AD10: =V10-E10 -> 0.0049 | AE10: =W10-F10 -> -0.0471 | AF10: =X10-G10 -> 0.0004 | AG10: =Y10-H10 -> 3.6732051e-06 | AH10: =AVERAGE(ABS(Z10),ABS(AD10)) -> 0.018 | AI10: =AVERAGE(ABS(AA10),ABS(AE10)) -> 0.02455 | AJ10: =AVERAGE(ABS(AB10),ABS(AF10)) -> 0.0003
A11: ='Proximal Validation (double)'!A11 -> 0.3 | B11: ='Proximal Validation (double)'!B11 -> 0.18 | C11: ='Proximal Validation (double)'!C11 -> 1.571 | D11: ='Proximal Validation (double)'!D11 -> 1.5707963 | E11: ='Proximal Validation (double)'!E11 -> 0.9 | F11: ='Proximal Validation (double)'!F11 -> 0.08 | G11: ='Proximal Validation (double)'!G11 -> 4.712 | H11: ='Proximal Validation (double)'!H11 -> 1.5707963 | ... Q11: ='Proximal Validation (double)'!Q11 -> -0.73156416 | R11: 0.2047 | S11: 0.1123 | T11: 4.6963 | U11: 1.5708 | V11: 0.5268 | W11: 0.02 | X11: 4.7068 | Y11: 1.5708 | Z11: =R11-A11 -> -0.0953 | AA11: =S11-B11 -> -0.0677 | AB11: =T11-C11 -> 3.1253 | AC11: =U11-D11 -> 3.6732051e-06 | AD11: =V11-E11 -> -0.3732 | AE11: =W11-F11 -> -0.06 | AF11: =X11-G11 -> -0.0052 | AG11: =Y11-H11 -> 3.6732051e-06 | AH11: =AVERAGE(ABS(Z11),ABS(AD11)) -> 0.23425 | AI11: =AVERAGE(ABS(AA11),ABS(AE11)) -> 0.06385 | AJ11: =AVERAGE(ABS(AB11),ABS(AF11)) -> 1.56525
A12: ='Proximal Validation (double)'!A12 -> 0.9 | B12: ='Proximal Validation (double)'!B12 -> 0.2 | C12: ='Proximal Validation (double)'!C12 -> 1.571 | D12: ='Proximal Validation (double)'!D12 -> 1.5707963 | E12: ='Proximal Validation (double)'!E12 -> 1 | F12: ='Proximal Validation (double)'!F12 -> 0.02 | G12: ='Proximal Validation (double)'!G12 -> 3.142 | H12: ='Proximal Validation (double)'!H12 -> 1.5707963 | ... Q12: ='Proximal Validation (double)'!Q12 -> 0.51245713 | R12: 0.8403 | S12: 0.2 | T12: 1.5708 | U12: 1.5708 | V12: 0.9968 | W12: 0.02 | X12: 3.3195 | Y12: 1.5708 | Z12: =R12-A12 -> -0.0597 | AA12: =S12-B12 -> 0 | AB12: =T12-C12 -> -0.0002 | AC12: =U12-D12 -> 3.6732051e-06 | AD12: =V12-E12 -> -0.0032 | AE12: =W12-F12 -> 0 | AF12: =X12-G12 -> 0.1775 | AG12: =Y12-H12 -> 3.6732051e-06 | AH12: =AVERAGE(ABS(Z12),ABS(AD12)) -> 0.03145 | AI12: =AVERAGE(ABS(AA12),ABS(AE12)) -> 0 | AJ12: =AVERAGE(ABS(AB12),ABS(AF12)) -> 0.08885
A13: ='Proximal Validation (double)'!A13 -> 0.1 | B13: ='Proximal Validation (double)'!B13 -> 0.2 | C13: ='Proximal Validation (double)'!C13 -> 1.571 | D13: ='Proximal Validation (double)'!D13 -> 1.5707963 | E13: ='Proximal Validation (double)'!E13 -> 0.3 | F13: ='Proximal Validation (double)'!F13 -> 0.08 | G13: ='Proximal Validation (double)'!G13 -> 3.142 | H13: ='Proximal Validation (double)'!H13 -> 1.5707963 | ... Q13: ='Proximal Validation (double)'!Q13 -> -0.0304524 | R13: 0.1801 | S13: 0.1 | T13: 3.0131 | U13: 1.5708 | V13: 0.2107 | W13: 0.0492 | X13: 3.3986 | Y13: 1.5708 | Z13: =R13-A13 -> 0.0801 | AA13: =S13-B13 -> -0.1 | AB13: =T13-C13 -> 1.4421 | AC13: =U13-D13 -> 3.6732051e-06 | AD13: =V13-E13 -> -0.0893 | AE13: =W13-F13 -> -0.0308 | AF13: =X13-G13 -> 0.2566 | AG13: =Y13-H13 -> 3.6732051e-06 | AH13: =AVERAGE(ABS(Z13),ABS(AD13)) -> 0.0847 | AI13: =AVERAGE(ABS(AA13),ABS(AE13)) -> 0.0654 | AJ13: =AVERAGE(ABS(AB13),ABS(AF13)) -> 0.84935
A14: ='Proximal Validation (double)'!A14 -> 0.9 | B14: ='Proximal Validation (double)'!B14 -> 0.2 | C14: ='Proximal Validation (double)'!C14 -> 1.571 | D14: ='Proximal Validation (double)'!D14 -> 1.5707963 | E14: ='Proximal Validation (double)'!E14 -> 0.3 | F14: ='Proximal Validation (double)'!F14 -> 0.02 | G14: ='Proximal Validation (double)'!G14 -> 4.712 | H14: ='Proximal Validation (double)'!H14 -> 1.5707963 | ... Q14: ='Proximal Validation (double)'!Q14 -> 0.27873135 | R14: 0.8367 | S14: 0.1908 | T14: 1.5709 | U14: 1.5708 | V14: 0.4153 | W14: 0.0215 | X14: 4.7124 | Y14: 1.5708 | Z14: =R14-A14 -> -0.0633 | AA14: =S14-B14 -> -0.0092 | AB14: =T14-C14 -> -0.0001 | AC14: =U14-D14 -> 3.6732051e-06 | AD14: =V14-E14 -> 0.1153 | AE14: =W14-F14 -> 0.0015 | AF14: =X14-G14 -> 0.0004 | AG14: =Y14-H14 -> 3.6732051e-06 | AH14: =AVERAGE(ABS(Z14),ABS(AD14)) -> 0.0893 | AI14: =AVERAGE(ABS(AA14),ABS(AE14)) -> 0.00535 | AJ14: =AVERAGE(ABS(AB14),ABS(AF14)) -> 0.00025
A15: ='Proximal Validation (double)'!A15 -> 0.9 | B15: ='Proximal Validation (double)'!B15 -> 0.1 | C15: ='Proximal Validation (double)'!C15 -> 2.356 | D15: ='Proximal Validation (double)'!D15 -> 1.5707963 | E15: ='Proximal Validation (double)'!E15 -> 0.9 | F15: ='Proximal Validation (double)'!F15 -> 0.02 | G15: ='Proximal Validation (double)'!G15 -> 4.712 | H15: ='Proximal Validation (double)'!H15 -> 1.5707963 | ... Q15: ='Proximal Validation (double)'!Q15 -> -0.18663806 | R15: 0.609 | S15: 0.1 | T15: 2.4152 | U15: 1.5708 | V15: 0.6355 | W15: 0.02 | X15: 4.3218 | Y15: 1.5708 | Z15: =R15-A15 -> -0.291 | AA15: =S15-B15 -> 0 | AB15: =T15-C15 -> 0.0592 | AC15: =U15-D15 -> 3.6732051e-06 | AD15: =V15-E15 -> -0.2645 | AE15: =W15-F15 -> 0 | AF15: =X15-G15 -> -0.3902 | AG15: =Y15-H15 -> 3.6732051e-06 | AH15: =AVERAGE(ABS(Z15),ABS(AD15)) -> 0.27775 | AI15: =AVERAGE(ABS(AA15),ABS(AE15)) -> 0 | AJ15: =AVERAGE(ABS(AB15),ABS(AF15)) -> 0.2247
A16: ='Proximal Validation (double)'!A16 -> 0.4 | B16: ='Proximal Validation (double)'!B16 -> 0.12 | C16: ='Proximal Validation (double)'!C16 -> 2.356 | D16: ='Proximal Validation (double)'!D16 -> 1.5707963 | E16: ='Proximal Validation (double)'!E16 -> 0.1 | F16: ='Proximal Validation (double)'!F16 -> 0.06 | G16: ='Proximal Validation (double)'!G16 -> 3.142 | H16: ='Proximal Validation (double)'!H16 -> 1.5707963 | ... Q16: ='Proximal Validation (double)'!Q16 -> 0.30062127 | R16: 0.4448 | S16: 0.1 | T16: 2.277 | U16: 1.5708 | V16: 0.1307 | W16: 0.0797 | X16: 3.4281 | Y16: 1.5708 | Z16: =R16-A16 -> 0.0448 | AA16: =S16-B16 -> -0.02 | AB16: =T16-C16 -> -0.079 | AC16: =U16-D16 -> 3.6732051e-06 | AD16: =V16-E16 -> 0.0307 | AE16: =W16-F16 -> 0.0197 | AF16: =X16-G16 -> 0.2861 | AG16: =Y16-H16 -> 3.6732051e-06 | AH16: =AVERAGE(ABS(Z16),ABS(AD16)) -> 0.03775 | AI16: =AVERAGE(ABS(AA16),ABS(AE16)) -> 0.01985 | AJ16: =AVERAGE(ABS(AB16),ABS(AF16)) -> 0.18255
A17: ='Proximal Validation (double)'!A17 -> 1 | B17: ='Proximal Validation (double)'!B17 -> 0.14 | C17: ='Proximal Validation (double)'!C17 -> 2.356 | D17: ='Proximal Validation (double)'!D17 -> 1.5707963 | E17: ='Proximal Validation (double)'!E17 -> 0.4 | F17: ='Proximal Validation (double)'!F17 -> 0.04 | G17: ='Proximal Validation (double)'!G17 -> 3.927 | H17: ='Proximal Validation (double)'!H17 -> 1.5707963 | ... Q17: ='Proximal Validation (double)'!Q17 -> 0.67185998 | R17: 1 | S17: 0.1528 | T17: 2.1778 | U17: 1.5708 | V17: 0.5674 | W17: 0.08 | X17: 3.3569 | Y17: 1.5708 | Z17: =R17-A17 -> 0 | AA17: =S17-B17 -> 0.0128 | AB17: =T17-C17 -> -0.1782 | AC17: =U17-D17 -> 3.6732051e-06 | AD17: =V17-E17 -> 0.1674 | AE17: =W17-F17 -> 0.04 | AF17: =X17-G17 -> -0.5701 | AG17: =Y17-H17 -> 3.6732051e-06 | AH17: =AVERAGE(ABS(Z17),ABS(AD17)) -> 0.0837 | AI17: =AVERAGE(ABS(AA17),ABS(AE17)) -> 0.0264 | AJ17: =AVERAGE(ABS(AB17),ABS(AF17)) -> 0.37415
A18: ='Proximal Validation (double)'!A18 -> 0.4 | B18: ='Proximal Validation (double)'!B18 -> 0.18 | C18: ='Proximal Validation (double)'!C18 -> 2.356 | D18: ='Proximal Validation (double)'!D18 -> 1.5707963 | E18: ='Proximal Validation (double)'!E18 -> 0.7 | F18: ='Proximal Validation (double)'!F18 -> 0.04 | G18: ='Proximal Validation (double)'!G18 -> 3.142 | H18: ='Proximal Validation (double)'!H18 -> 1.5707963 | ... Q18: ='Proximal Validation (double)'!Q18 -> 0.18511915 | R18: 0.4654 | S18: 0.1525 | T18: 2.4117 | U18: 1.5708 | V18: 0.5568 | W18: 0.0389 | X18: 3.3644 | Y18: 1.5708 | Z18: =R18-A18 -> 0.0654 | AA18: =S18-B18 -> -0.0275 | AB18: =T18-C18 -> 0.0557 | AC18: =U18-D18 -> 3.6732051e-06 | AD18: =V18-E18 -> -0.1432 | AE18: =W18-F18 -> -0.0011 | AF18: =X18-G18 -> 0.2224 | AG18: =Y18-H18 -> 3.6732051e-06 | AH18: =AVERAGE(ABS(Z18),ABS(AD18)) -> 0.1043 | AI18: =AVERAGE(ABS(AA18),ABS(AE18)) -> 0.0143 | AJ18: =AVERAGE(ABS(AB18),ABS(AF18)) -> 0.13905
A19: ='Proximal Validation (double)'!A19 -> 0.1 | B19: ='Proximal Validation (double)'!B19 -> 0.18 | C19: ='Proximal Validation (double)'!C19 -> 2.356 | D19: ='Proximal Validation (double)'!D19 -> 1.5707963 | E19: ='Proximal Validation (double)'!E19 -> 0.2 | F19: ='Proximal Validation (double)'!F19 -> 0.06 | G19: ='Proximal Validation (double)'!G19 -> 4.712 | H19: ='Proximal Validation (double)'!H19 -> 1.5707963 | ... Q19: ='Proximal Validation (double)'!Q19 -> -0.14300856 | R19: 0.1522 | S19: 0.1992 | T19: 1.8936 | U19: 1.5708 | V19: 0.2876 | W19: 0.08 | X19: 4.7124 | Y19: 1.5708 | Z19: =R19-A19 -> 0.0522 | AA19: =S19-B19 -> 0.0192 | AB19: =T19-C19 -> -0.4624 | AC19: =U19-D19 -> 3.6732051e-06 | AD19: =V19-E19 -> 0.0876 | AE19: =W19-F19 -> 0.02 | AF19: =X19-G19 -> 0.0004 | AG19: =Y19-H19 -> 3.6732051e-06 | AH19: =AVERAGE(ABS(Z19),ABS(AD19)) -> 0.0699 | AI19: =AVERAGE(ABS(AA19),ABS(AE19)) -> 0.0196 | AJ19: =AVERAGE(ABS(AB19),ABS(AF19)) -> 0.2314
... A42: ='Proximal Validation (double)'!A42 -> 0.2 | B42: ='Proximal Validation (double)'!B42 -> 0.2 | C42: ='Proximal Validation (double)'!C42 -> 4.712 | D42: ='Proximal Validation (double)'!D42 -> 1.5707963 | E42: ='Proximal Validation (double)'!E42 -> 0.1 | F42: ='Proximal Validation (double)'!F42 -> 0.08 | G42: ='Proximal Validation (double)'!G42 -> 3.927 | H42: ='Proximal Validation (double)'!H42 -> 1.5707963 | ... Q42: ='Proximal Validation (double)'!Q42 -> -0.1535165 | R42: 0.1 | S42: 0.1 | T42: 2.0256 | U42: 1.5708 | V42: 0.2471 | W42: 0.08 | X42: 4.6681 | Y42: 1.5708 | Z42: =R42-A42 -> -0.1 | AA42: =S42-B42 -> -0.1 | AB42: =T42-C42 -> -2.6864 | AC42: =U42-D42 -> 3.6732051e-06 | AD42: =V42-E42 -> 0.1471 | AE42: =W42-F42 -> 0 | AF42: =X42-G42 -> 0.7411 | AG42: =Y42-H42 -> 3.6732051e-06 | AH42: =AVERAGE(ABS(Z42),ABS(AD42)) -> 0.12355 | AI42: =AVERAGE(ABS(AA42),ABS(AE42)) -> 0.05 | AJ42: =AVERAGE(ABS(AB42),ABS(AF42)) -> 1.71375

Sheet Distal Vali (double, loose)
A1: Ground Truth | L1: 6-Axis FT Sensor | R1: SoRoSim get_distal_value | Z1: Distal Errors | AH1: Stats
A2: F1 (N) | B2: s1 (m) | C2: el1 (rad) | D2: az1 (rad) | E2: F2 (N) | F2: s2 (m) | G2: el2 (rad) | H2: az2 (rad) | I2: tau1 (N) | J2: tau2 (N) | K2: tau3 (N) | L2: Tx (Nm) | M2: Ty (Nm) | N2: Tz(Nm) | O2: Fx (N) | P2: Fy (N) | Q2: Fz (N) | R2: F1 (N) | S2: s1 (m) | T2: el1 (rad) | U2: az1 (rad) | V2: F2 (N) | W2: s2 (m) | X2: el2 (rad) | Y2: az2 (rad) | Z2: F1 (N) | AA2: s1 (m) | AB2: el1 (rad) | AC2: az1 (rad) | AD2: F2 (N) | AE2: s2 (m) | AF2: el2 (rad) | AG2: az2 (rad) | AH2: force_error | AI2: position_error | AJ2: angle_error | AK2: Absolute Mean Error
A3: ='Proximal Validation (double)'!A3 -> 0.2 | B3: ='Proximal Validation (double)'!B3 -> 0.1 | C3: ='Proximal Validation (double)'!C3 -> 1.571 | D3: ='Proximal Validation (double)'!D3 -> 1.5707963 | E3: ='Proximal Validation (double)'!E3 -> 1 | F3: ='Proximal Validation (double)'!F3 -> 0.04 | G3: ='Proximal Validation (double)'!G3 -> 3.142 | H3: ='Proximal Validation (double)'!H3 -> 1.5707963 | ... Q3: ='Proximal Validation (double)'!Q3 -> 0.19511425 | R3: 0.4249 | S3: 0.0943 | T3: 2.7184 | U3: 1.5708 | V3: 0.6534 | W3: 0.02 | X3: 3.1093 | Y3: 1.5708 | Z3: =R3-A3 -> 0.2249 | AA3: =S3-B3 -> -0.0057 | AB3: =T3-C3 -> 1.1474 | AC3: =U3-D3 -> 3.6732051e-06 | AD3: =V3-E3 -> -0.3466 | AE3: =W3-F3 -> -0.02 | AF3: =X3-G3 -> -0.0327 | AG3: =Y3-H3 -> 3.6732051e-06 | AH3: =AVERAGE(ABS(Z3),ABS(AD3)) -> 0.28575 | AI3: =AVERAGE(ABS(AA3),ABS(AE3)) -> 0.01285 | AJ3: =AVERAGE(ABS(AB3),ABS(AF3)) -> 0.59005 | AK3: F1 (N) | AL3: s1 (m) | AM3: el1 (rad) | AN3: az1 (rad) | AO3: F2 (N) | AP3: s2 (m) | AQ3: el2 (rad) | AR3: az2 (rad)
A4: ='Proximal Validation (double)'!A4 -> 1 | B4: ='Proximal Validation (double)'!B4 -> 0.1 | C4: ='Proximal Validation (double)'!C4 -> 1.571 | D4: ='Proximal Validation (double)'!D4 -> 1.5707963 | E4: ='Proximal Validation (double)'!E4 -> 1 | F4: ='Proximal Validation (double)'!F4 -> 0.08 | G4: ='Proximal Validation (double)'!G4 -> 3.142 | H4: ='Proximal Validation (double)'!H4 -> 1.5707963 | ... Q4: ='Proximal Validation (double)'!Q4 -> 1.091455 | R4: 1 | S4: 0.1256 | T4: 2.3028 | U4: 1.5708 | V4: 0.1 | W4: 0.02 | X4: 6.2832 | Y4: 1.5708 | Z4: =R4-A4 -> 0 | AA4: =S4-B4 -> 0.0256 | AB4: =T4-C4 -> 0.7318 | AC4: =U4-D4 -> 3.6732051e-06 | AD4: =V4-E4 -> -0.9 | AE4: =W4-F4 -> -0.06 | AF4: =X4-G4 -> 3.1412 | AG4: =Y4-H4 -> 3.6732051e-06 | AH4: =AVERAGE(ABS(Z4),ABS(AD4)) -> 0.45 | AI4: =AVERAGE(ABS(AA4),ABS(AE4)) -> 0.0428 | AJ4: =AVERAGE(ABS(AB4),ABS(AF4)) -> 1.9365 | AK4: {=AVERAGE(ABS(Z3:Z42))} -> 0.2527375 | AL4: {=AVERAGE(ABS(AA3:AA42))} -> 0.0400825 | AM4: {=AVERAGE(ABS(AB3:AB42))} -> 0.8470525 | AN4: {=AVERAGE(ABS(AC3:AC42))} -> 3.6732051e-06 | AO4: {=AVERAGE(ABS(AD3:AD42))} -> 0.2766125 | AP4: {=AVERAGE(ABS(AE3:AE42))} -> 0.044955 | AQ4: {=AVERAGE(ABS(AF3:AF42))} -> 0.78733 | AR4: {=AVERAGE(ABS(AG3:AG42))} -> 3.6732051e-06
A5: ='Proximal Validation (double)'!A5 -> 0.5 | B5: ='Proximal Validation (double)'!B5 -> 0.1 | C5: ='Proximal Validation (double)'!C5 -> 1.571 | D5: ='Proximal Validation (double)'!D5 -> 1.5707963 | E5: ='Proximal Validation (double)'!E5 -> 0.2 | F5: ='Proximal Validation (double)'!F5 -> 0.02 | G5: ='Proximal Validation (double)'!G5 -> 3.927 | H5: ='Proximal Validation (double)'!H5 -> 1.5707963 | ... Q5: ='Proximal Validation (double)'!Q5 -> 0.45268995 | R5: 0.2231 | S5: 0.2 | T5: 6.2815 | U5: 1.5708 | V5: 0.5732 | W5: 0.1265 | X5: 2.2263 | Y5: 1.5708 | Z5: =R5-A5 -> -0.2769 | AA5: =S5-B5 -> 0.1 | AB5: =T5-C5 -> 4.7105 | AC5: =U5-D5 -> 3.6732051e-06 | AD5: =V5-E5 -> 0.3732 | AE5: =W5-F5 -> 0.1065 | AF5: =X5-G5 -> -1.7007 | AG5: =Y5-H5 -> 3.6732051e-06 | AH5: =AVERAGE(ABS(Z5),ABS(AD5)) -> 0.32505 | AI5: =AVERAGE(ABS(AA5),ABS(AE5)) -> 0.10325 | AJ5: =AVERAGE(ABS(AB5),ABS(AF5)) -> 3.2056 | AK5: Absolute Mean Error (Across Both Forces)
A6: ='Proximal Validation (double)'!A6 -> 0.9 | B6: ='Proximal Validation (double)'!B6 -> 0.1 | C6: ='Proximal Validation (double)'!C6 -> 1.571 | D6: ='Proximal Validation (double)'!D6 -> 1.5707963 | E6: ='Proximal Validation (double)'!E6 -> 0.2 | F6: ='Proximal Validation (double)'!F6 -> 0.08 | G6: ='Proximal Validation (double)'!G6 -> 4.712 | H6: ='Proximal Validation (double)'!H6 -> 1.5707963 | ... Q6: ='Proximal Validation (double)'!Q6 -> 0.88741946 | R6: 0.4599 | S6: 0.1735 | T6: 1.568 | U6: 1.5708 | V6: 0.4383 | W6: 0.0423 | X6: 1.5075 | Y6: 1.5708 | Z6: =R6-A6 -> -0.4401 | AA6: =S6-B6 -> 0.0735 | AB6: =T6-C6 -> -0.003 | AC6: =U6-D6 -> 3.6732051e-06 | AD6: =V6-E6 -> 0.2383 | AE6: =W6-F6 -> -0.0377 | AF6: =X6-G6 -> -3.2045 | AG6: =Y6-H6 -> 3.6732051e-06 | AH6: =AVERAGE(ABS(Z6),ABS(AD6)) -> 0.3392 | AI6: =AVERAGE(ABS(AA6),ABS(AE6)) -> 0.0556 | AJ6: =AVERAGE(ABS(AB6),ABS(AF6)) -> 1.60375 | AK6: force_error | AL6: position_error | AM6: angle_error
A7: ='Proximal Validation (double)'!A7 -> 0.1 | B7: ='Proximal Validation (double)'!B7 -> 0.12 | C7: ='Proximal Validation (double)'!C7 -> 1.571 | D7: ='Proximal Validation (double)'!D7 -> 1.5707963 | E7: ='Proximal Validation (double)'!E7 -> 1 | F7: ='Proximal Validation (double)'!F7 -> 0.06 | G7: ='Proximal Validation (double)'!G7 -> 3.927 | H7: ='Proximal Validation (double)'!H7 -> 1.5707963 | ... Q7: ='Proximal Validation (double)'!Q7 -> -0.50915515 | R7: 0.477 | S7: 0.0712 | T7: 3.2609 | U7: 1.5708 | V7: 0.5344 | W7: 0.0505 | X7: 4.151 | Y7: 1.5708 | Z7: =R7-A7 -> 0.377 | AA7: =S7-B7 -> -0.0488 | AB7: =T7-C7 -> 1.6899 | AC7: =U7-D7 -> 3.6732051e-06 | AD7: =V7-E7 -> -0.4656 | AE7: =W7-F7 -> -0.0095 | AF7: =X7-G7 -> 0.224 | AG7: =Y7-H7 -> 3.6732051e-06 | AH7: =AVERAGE(ABS(Z7),ABS(AD7)) -> 0.4213 | AI7: =AVERAGE(ABS(AA7),ABS(AE7)) -> 0.02915 | AJ7: =AVERAGE(ABS(AB7),ABS(AF7)) -> 0.95695 | AK7: =AVERAGE(AK4,AO4) -> 0.264675 | AL7: =AVERAGE(AL4,AP4) -> 0.04251875 | AM7: =AVERAGE(AM4,AQ4) -> 0.81719125
A8: ='Proximal Validation (double)'!A8 -> 0.8 | B8: ='Proximal Validation (double)'!B8 -> 0.16 | C8: ='Proximal Validation (double)'!C8 -> 1.571 | D8: ='Proximal Validation (double)'!D8 -> 1.5707963 | E8: ='Proximal Validation (double)'!E8 -> 0.8 | F8: ='Proximal Validation (double)'!F8 -> 0.06 | G8: ='Proximal Validation (double)'!G8 -> 3.927 | H8: ='Proximal Validation (double)'!H8 -> 1.5707963 | ... Q8: ='Proximal Validation (double)'!Q8 -> 0.49847054 | R8: 0.1607 | S8: 0.2 | T8: 6.2828 | U8: 1.5708 | V8: 1 | W8: 0.1831 | X8: 2.527 | Y8: 1.5708 | Z8: =R8-A8 -> -0.6393 | AA8: =S8-B8 -> 0.04 | AB8: =T8-C8 -> 4.7118 | AC8: =U8-D8 -> 3.6732051e-06 | AD8: =V8-E8 -> 0.2 | AE8: =W8-F8 -> 0.1231 | AF8: =X8-G8 -> -1.4 | AG8: =Y8-H8 -> 3.6732051e-06 | AH8: =AVERAGE(ABS(Z8),ABS(AD8)) -> 0.41965 | AI8: =AVERAGE(ABS(AA8),ABS(AE8)) -> 0.08155 | AJ8: =AVERAGE(ABS(AB8),ABS(AF8)) -> 3.0559
A9: ='Proximal Validation (double)'!A9 -> 0.1 | B9: ='Proximal Validation (double)'!B9 -> 0.18 | C9: ='Proximal Validation (double)'!C9 -> 1.571 | D9: ='Proximal Validation (double)'!D9 -> 1.5707963 | E9: ='Proximal Validation (double)'!E9 -> 0.1 | F9: ='Proximal Validation (double)'!F9 -> 0.02 | G9: ='Proximal Validation (double)'!G9 -> 3.142 | H9: ='Proximal Validation (double)'!H9 -> 1.5707963 | ... Q9: ='Proximal Validation (double)'!Q9 -> 0.11709622 | R9: 0.6078 | S9: 0.1755 | T9: 6.2832 | U9: 1.5708 | V9: 0.7591 | W9: 0.143 | X9: 2.9848 | Y9: 1.5708 | Z9: =R9-A9 -> 0.5078 | AA9: =S9-B9 -> -0.0045 | AB9: =T9-C9 -> 4.7122 | AC9: =U9-D9 -> 3.6732051e-06 | AD9: =V9-E9 -> 0.6591 | AE9: =W9-F9 -> 0.123 | AF9: =X9-G9 -> -0.1572 | AG9: =Y9-H9 -> 3.6732051e-06 | AH9: =AVERAGE(ABS(Z9),ABS(AD9)) -> 0.58345 | AI9: =AVERAGE(ABS(AA9),ABS(AE9)) -> 0.06375 | AJ9: =AVERAGE(ABS(AB9),ABS(AF9)) -> 2.4347
A10: ='Proximal Validation (double)'!A10 -> 0.9 | B10: ='Proximal Validation (double)'!B10 -> 0.18 | C10: ='Proximal Validation (double)'!C10 -> 1.571 | D10: ='Proximal Validation (double)'!D10 -> 1.5707963 | E10: ='Proximal Validation (double)'!E10 -> 0.1 | F10: ='Proximal Validation (double)'!F10 -> 0.08 | G10: ='Proximal Validation (double)'!G10 -> 4.712 | H10: ='Proximal Validation (double)'!H10 -> 1.5707963 | ... Q10: ='Proximal Validation (double)'!Q10 -> 0.66701603 | R10: 0.4671 | S10: 0.1987 | T10: 1.851 | U10: 1.5708 | V10: 0.3661 | W10: 0.1956 | X10: 1.1171 | Y10: 1.5708 | Z10: =R10-A10 -> -0.4329 | AA10: =S10-B10 -> 0.0187 | AB10: =T10-C10 -> 0.28 | AC10: =U10-D10 -> 3.6732051e-06 | AD10: =V10-E10 -> 0.2661 | AE10: =W10-F10 -> 0.1156 | AF10: =X10-G10 -> -3.5949 | AG10: =Y10-H10 -> 3.6732051e-06 | AH10: =AVERAGE(ABS(Z10),ABS(AD10)) -> 0.3495 | AI10: =AVERAGE(ABS(AA10),ABS(AE10)) -> 0.06715 | AJ10: =AVERAGE(ABS(AB10),ABS(AF10)) -> 1.93745
A11: ='Proximal Validation (double)'!A11 -> 0.3 | B11: ='Proximal Validation (double)'!B11 -> 0.18 | C11: ='Proximal Validation (double)'!C11 -> 1.571 | D11: ='Proximal Validation (double)'!D11 -> 1.5707963 | E11: ='Proximal Validation (double)'!E11 -> 0.9 | F11: ='Proximal Validation (double)'!F11 -> 0.08 | G11: ='Proximal Validation (double)'!G11 -> 4.712 | H11: ='Proximal Validation (double)'!H11 -> 1.5707963 | ... Q11: ='Proximal Validation (double)'!Q11 -> -0.73156416 | R11: 0.2153 | S11: 0.2 | T11: 4.707 | U11: 1.5708 | V11: 0.5168 | W11: 0.02 | X11: 4.703 | Y11: 1.5708 | Z11: =R11-A11 -> -0.0847 | AA11: =S11-B11 -> 0.02 | AB11: =T11-C11 -> 3.136 | AC11: =U11-D11 -> 3.6732051e-06 | AD11: =V11-E11 -> -0.3832 | AE11: =W11-F11 -> -0.06 | AF11: =X11-G11 -> -0.009 | AG11: =Y11-H11 -> 3.6732051e-06 | AH11: =AVERAGE(ABS(Z11),ABS(AD11)) -> 0.23395 | AI11: =AVERAGE(ABS(AA11),ABS(AE11)) -> 0.04 | AJ11: =AVERAGE(ABS(AB11),ABS(AF11)) -> 1.5725
A12: ='Proximal Validation (double)'!A12 -> 0.9 | B12: ='Proximal Validation (double)'!B12 -> 0.2 | C12: ='Proximal Validation (double)'!C12 -> 1.571 | D12: ='Proximal Validation (double)'!D12 -> 1.5707963 | E12: ='Proximal Validation (double)'!E12 -> 1 | F12: ='Proximal Validation (double)'!F12 -> 0.02 | G12: ='Proximal Validation (double)'!G12 -> 3.142 | H12: ='Proximal Validation (double)'!H12 -> 1.5707963 | ... Q12: ='Proximal Validation (double)'!Q12 -> 0.51245713 | R12: 0.9232 | S12: 0.1981 | T12: 1.6182 | U12: 1.5708 | V12: 0.942 | W12: 0.0618 | X12: 3.4261 | Y12: 1.5708 | Z12: =R12-A12 -> 0.0232 | AA12: =S12-B12 -> -0.0019 | AB12: =T12-C12 -> 0.0472 | AC12: =U12-D12 -> 3.6732051e-06 | AD12: =V12-E12 -> -0.058 | AE12: =W12-F12 -> 0.0418 | AF12: =X12-G12 -> 0.2841 | AG12: =Y12-H12 -> 3.6732051e-06 | AH12: =AVERAGE(ABS(Z12),ABS(AD12)) -> 0.0406 | AI12: =AVERAGE(ABS(AA12),ABS(AE12)) -> 0.02185 | AJ12: =AVERAGE(ABS(AB12),ABS(AF12)) -> 0.16565
A13: ='Proximal Validation (double)'!A13 -> 0.1 | B13: ='Proximal Validation (double)'!B13 -> 0.2 | C13: ='Proximal Validation (double)'!C13 -> 1.571 | D13: ='Proximal Validation (double)'!D13 -> 1.5707963 | E13: ='Proximal Validation (double)'!E13 -> 0.3 | F13: ='Proximal Validation (double)'!F13 -> 0.08 | G13: ='Proximal Validation (double)'!G13 -> 3.142 | H13: ='Proximal Validation (double)'!H13 -> 1.5707963 | ... Q13: ='Proximal Validation (double)'!Q13 -> -0.0304524 | R13: 0.8286 | S13: 0.0475 | T13: 3.1312 | U13: 1.5708 | V13: 0.448 | W13: 0.02 | X13: 6.1969 | Y13: 1.5708 | Z13: =R13-A13 -> 0.7286 | AA13: =S13-B13 -> -0.1525 | AB13: =T13-C13 -> 1.5602 | AC13: =U13-D13 -> 3.6732051e-06 | AD13: =V13-E13 -> 0.148 | AE13: =W13-F13 -> -0.06 | AF13: =X13-G13 -> 3.0549 | AG13: =Y13-H13 -> 3.6732051e-06 | AH13: =AVERAGE(ABS(Z13),ABS(AD13)) -> 0.4383 | AI13: =AVERAGE(ABS(AA13),ABS(AE13)) -> 0.10625 | AJ13: =AVERAGE(ABS(AB13),ABS(AF13)) -> 2.30755
A14: ='Proximal Validation (double)'!A14 -> 0.9 | B14: ='Proximal Validation (double)'!B14 -> 0.2 | C14: ='Proximal Validation (double)'!C14 -> 1.571 | D14: ='Proximal Validation (double)'!D14 -> 1.5707963 | E14: ='Proximal Validation (double)'!E14 -> 0.3 | F14: ='Proximal Validation (double)'!F14 -> 0.02 | G14: ='Proximal Validation (double)'!G14 -> 4.712 | H14: ='Proximal Validation (double)'!H14 -> 1.5707963 | ... Q14: ='Proximal Validation (double)'!Q14 -> 0.27873135 | R14: 0.8316 | S14: 0.2 | T14: 6.2798 | U14: 1.5708 | V14: 0.7727 | W14: 0.0901 | X14: 2.7478 | Y14: 1.5708 | Z14: =R14-A14 -> -0.0684 | AA14: =S14-B14 -> 0 | AB14: =T14-C14 -> 4.7088 | AC14: =U14-D14 -> 3.6732051e-06 | AD14: =V14-E14 -> 0.4727 | AE14: =W14-F14 -> 0.0701 | AF14: =X14-G14 -> -1.9642 | AG14: =Y14-H14 -> 3.6732051e-06 | AH14: =AVERAGE(ABS(Z14),ABS(AD14)) -> 0.27055 | AI14: =AVERAGE(ABS(AA14),ABS(AE14)) -> 0.03505 | AJ14: =AVERAGE(ABS(AB14),ABS(AF14)) -> 3.3365
A15: ='Proximal Validation (double)'!A15 -> 0.9 | B15: ='Proximal Validation (double)'!B15 -> 0.1 | C15: ='Proximal Validation (double)'!C15 -> 2.356 | D15: ='Proximal Validation (double)'!D15 -> 1.5707963 | E15: ='Proximal Validation (double)'!E15 -> 0.9 | F15: ='Proximal Validation (double)'!F15 -> 0.02 | G15: ='Proximal Validation (double)'!G15 -> 4.712 | H15: ='Proximal Validation (double)'!H15 -> 1.5707963 | ... Q15: ='Proximal Validation (double)'!Q15 -> -0.18663806 | R15: 0.98 | S15: 0.0677 | T15: 2.3816 | U15: 1.5708 | V15: 0.8585 | W15: 0.02 | X15: 4.7277 | Y15: 1.5708 | Z15: =R15-A15 -> 0.08 | AA15: =S15-B15 -> -0.0323 | AB15: =T15-C15 -> 0.0256 | AC15: =U15-D15 -> 3.6732051e-06 | AD15: =V15-E15 -> -0.0415 | AE15: =W15-F15 -> 0 | AF15: =X15-G15 -> 0.0157 | AG15: =Y15-H15 -> 3.6732051e-06 | AH15: =AVERAGE(ABS(Z15),ABS(AD15)) -> 0.06075 | AI15: =AVERAGE(ABS(AA15),ABS(AE15)) -> 0.01615 | AJ15: =AVERAGE(ABS(AB15),ABS(AF15)) -> 0.02065
A16: ='Proximal Validation (double)'!A16 -> 0.4 | B16: ='Proximal Validation (double)'!B16 -> 0.12 | C16: ='Proximal Validation (double)'!C16 -> 2.356 | D16: ='Proximal Validation (double)'!D16 -> 1.5707963 | E16: ='Proximal Validation (double)'!E16 -> 0.1 | F16: ='Proximal Validation (double)'!F16 -> 0.06 | G16: ='Proximal Validation (double)'!G16 -> 3.142 | H16: ='Proximal Validation (double)'!H16 -> 1.5707963 | ... Q16: ='Proximal Validation (double)'!Q16 -> 0.30062127 | R16: 1 | S16: 0.0605 | T16: 2.4186 | U16: 1.5708 | V16: 0.4921 | W16: 0.02 | X16: 5.4635 | Y16: 1.5708 | Z16: =R16-A16 -> 0.6 | AA16: =S16-B16 -> -0.0595 | AB16: =T16-C16 -> 0.0626 | AC16: =U16-D16 -> 3.6732051e-06 | AD16: =V16-E16 -> 0.3921 | AE16: =W16-F16 -> -0.04 | AF16: =X16-G16 -> 2.3215 | AG16: =Y16-H16 -> 3.6732051e-06 | AH16: =AVERAGE(ABS(Z16),ABS(AD16)) -> 0.49605 | AI16: =AVERAGE(ABS(AA16),ABS(AE16)) -> 0.04975 | AJ16: =AVERAGE(ABS(AB16),ABS(AF16)) -> 1.19205
A17: ='Proximal Validation (double)'!A17 -> 1 | B17: ='Proximal Validation (double)'!B17 -> 0.14 | C17: ='Proximal Validation (double)'!C17 -> 2.356 | D17: ='Proximal Validation (double)'!D17 -> 1.5707963 | E17: ='Proximal Validation (double)'!E17 -> 0.4 | F17: ='Proximal Validation (double)'!F17 -> 0.04 | G17: ='Proximal Validation (double)'!G17 -> 3.927 | H17: ='Proximal Validation (double)'!H17 -> 1.5707963 | ... Q17: ='Proximal Validation (double)'!Q17 -> 0.67185998 | R17: 0.7339 | S17: 0.1678 | T17: 2.0849 | U17: 1.5708 | V17: 0.767 | W17: 0.0938 | X17: 3.0604 | Y17: 1.5708 | Z17: =R17-A17 -> -0.2661 | AA17: =S17-B17 -> 0.0278 | AB17: =T17-C17 -> -0.2711 | AC17: =U17-D17 -> 3.6732051e-06 | AD17: =V17-E17 -> 0.367 | AE17: =W17-F17 -> 0.0538 | AF17: =X17-G17 -> -0.8666 | AG17: =Y17-H17 -> 3.6732051e-06 | AH17: =AVERAGE(ABS(Z17),ABS(AD17)) -> 0.31655 | AI17: =AVERAGE(ABS(AA17),ABS(AE17)) -> 0.0408 | AJ17: =AVERAGE(ABS(AB17),ABS(AF17)) -> 0.56885
A18: ='Proximal Validation (double)'!A18 -> 0.4 | B18: ='Proximal Validation (double)'!B18 -> 0.18 | C18: ='Proximal Validation (double)'!C18 -> 2.356 | D18: ='Proximal Validation (double)'!D18 -> 1.5707963 | E18: ='Proximal Validation (double)'!E18 -> 0.7 | F18: ='Proximal Validation (double)'!F18 -> 0.04 | G18: ='Proximal Validation (double)'!G18 -> 3.142 | H18: ='Proximal Validation (double)'!H18 -> 1.5707963 | ... Q18: ='Proximal Validation (double)'!Q18 -> 0.18511915 | R18: 0.5617 | S18: 0.1422 | T18: 2.5411 | U18: 1.5708 | V18: 0.4454 | W18: 0.02 | X18: 3.4398 | Y18: 1.5708 | Z18: =R18-A18 -> 0.1617 | AA18: =S18-B18 -> -0.0378 | AB18: =T18-C18 -> 0.1851 | AC18: =U18-D18 -> 3.6732051e-06 | AD18: =V18-E18 -> -0.2546 | AE18: =W18-F18 -> -0.02 | AF18: =X18-G18 -> 0.2978 | AG18: =Y18-H18 -> 3.6732051e-06 | AH18: =AVERAGE(ABS(Z18),ABS(AD18)) -> 0.20815 | AI18: =AVERAGE(ABS(AA18),ABS(AE18)) -> 0.0289 | AJ18: =AVERAGE(ABS(AB18),ABS(AF18)) -> 0.24145
A19: ='Proximal Validation (double)'!A19 -> 0.1 | B19: ='Proximal Validation (double)'!B19 -> 0.18 | C19: ='Proximal Validation (double)'!C19 -> 2.356 | D19: ='Proximal Validation (double)'!D19 -> 1.5707963 | E19: ='Proximal Validation (double)'!E19 -> 0.2 | F19: ='Proximal Validation (double)'!F19 -> 0.06 | G19: ='Proximal Validation (double)'!G19 -> 4.712 | H19: ='Proximal Validation (double)'!H19 -> 1.5707963 | ... Q19: ='Proximal Validation (double)'!Q19 -> -0.14300856 | R19: 0.2681 | S19: 0.1828 | T19: 1.9035 | U19: 1.5708 | V19: 0.3969 | W19: 0.1201 | X19: 4.8111 | Y19: 1.5708 | Z19: =R19-A19 -> 0.1681 | AA19: =S19-B19 -> 0.0028 | AB19: =T19-C19 -> -0.4525 | AC19: =U19-D19 -> 3.6732051e-06 | AD19: =V19-E19 -> 0.1969 | AE19: =W19-F19 -> 0.0601 | AF19: =X19-G19 -> 0.0991 | AG19: =Y19-H19 -> 3.6732051e-06 | AH19: =AVERAGE(ABS(Z19),ABS(AD19)) -> 0.1825 | AI19: =AVERAGE(ABS(AA19),ABS(AE19)) -> 0.03145 | AJ19: =AVERAGE(ABS(AB19),ABS(AF19)) -> 0.2758
... A42: ='Proximal Validation (double)'!A42 -> 0.2 | B42: ='Proximal Validation (double)'!B42 -> 0.2 | C42: ='Proximal Validation (double)'!C42 -> 4.712 | D42: ='Proximal Validation (double)'!D42 -> 1.5707963 | E42: ='Proximal Validation (double)'!E42 -> 0.1 | F42: ='Proximal Validation (double)'!F42 -> 0.08 | G42: ='Proximal Validation (double)'!G42 -> 3.927 | H42: ='Proximal Validation (double)'!H42 -> 1.5707963 | ... Q42: ='Proximal Validation (double)'!Q42 -> -0.1535165 | R42: 0.6425 | S42: 0.0914 | T42: 4.6238 | U42: 1.5708 | V42: 0.4859 | W42: 0.0626 | X42: 1.5671 | Y42: 1.5708 | Z42: =R42-A42 -> 0.4425 | AA42: =S42-B42 -> -0.1086 | AB42: =T42-C42 -> -0.0882 | AC42: =U42-D42 -> 3.6732051e-06 | AD42: =V42-E42 -> 0.3859 | AE42: =W42-F42 -> -0.0174 | AF42: =X42-G42 -> -2.3599 | AG42: =Y42-H42 -> 3.6732051e-06 | AH42: =AVERAGE(ABS(Z42),ABS(AD42)) -> 0.4142 | AI42: =AVERAGE(ABS(AA42),ABS(AE42)) -> 0.063 | AJ42: =AVERAGE(ABS(AB42),ABS(AF42)) -> 1.22405

Sheet Conversion
A1: Raw Data | H1: Converted
A2: Fx | B2: Fy | C2: Fz | D2: Tx | E2: Ty | F2: Tz | H2: Tx | I2: Ty | J2: Tz | K2: Fx | L2: Fy | M2: Fz
A3: 0.19511425 | B3: 1.0412544 | C3: -0.015990611 | D3: -0.13983804 | E3: 0.03319085 | F3: -0.0019976702 | H3: =$F3 -> -0.0019976702 | I3: =-1*$E3 -> -0.03319085 | J3: =$D3 -> -0.13983804 | K3: =$C3 -> -0.015990611 | L3: =-1*$B3 -> -1.0412544 | M3: =$A3 -> 0.19511425
A4: 1.091455 | B4: 0.88536769 | C4: -0.11514878 | D4: -0.15480977 | E4: 0.21146439 | F4: -0.0013075336 | H4: =$F4 -> -0.0013075336 | I4: =-1*$E4 -> -0.21146439 | J4: =$D4 -> -0.15480977 | K4: =$C4 -> -0.11514878 | L4: =-1*$B4 -> -0.88536769 | M4: =$A4 -> 1.091455
A5: 0.55903196 | B5: 0.16426453 | C5: -0.028092034 | D5: -0.015087916 | E5: 0.10972174 | F5: -6.2641571e-05 | H5: =$F5 -> -6.2641571e-05 | I5: =-1*$E5 -> -0.10972174 | J5: =$D5 -> -0.015087916 | K5: =$C5 -> -0.028092034 | L5: =-1*$B5 -> -0.16426453 | M5: =$A5 -> 0.55903196
A6: 0.45268995 | B6: 0.12781015 | C6: -0.029133603 | D6: -0.010887475 | E6: 0.099444382 | F6: 0.00048654911 | H6: =$F6 -> 0.00048654911 | I6: =-1*$E6 -> -0.099444382 | J6: =$D6 -> -0.010887475 | K6: =$C6 -> -0.029133603 | L6: =-1*$B6 -> -0.12781015 | M6: =$A6 -> 0.45268995
A7: 0.88741946 | B7: -0.028949752 | C7: -0.097615689 | D7: 0.003866273 | E7: 0.17721578 | F7: 0.0021138785 | H7: =$F7 -> 0.0021138785 | I7: =-1*$E7 -> -0.17721578 | J7: =$D7 -> 0.003866273 | K7: =$C7 -> -0.097615689 | L7: =-1*$B7 -> 0.028949752 | M7: =$A7 -> 0.88741946
A8: -0.50915515 | B8: 0.758407 | C8: 0.002719406 | D8: -0.11806335 | E8: -0.07288304 | F8: -0.0014075441 | H8: =$F8 -> -0.0014075441 | I8: =-1*$E8 -> 0.07288304 | J8: =$D8 -> -0.11806335 | K8: =$C8 -> 0.002719406 | L8: =-1*$B8 -> -0.758407 | M8: =$A8 -> -0.50915515
A9: 0.49847054 | B9: 0.60379952 | C9: -0.4012619 | D9: -0.090413325 | E9: 0.18494511 | F9: 0.0034910832 | H9: =$F9 -> 0.0034910832 | I9: =-1*$E9 -> -0.18494511 | J9: =$D9 -> -0.090413325 | K9: =$C9 -> -0.4012619 | L9: =-1*$B9 -> -0.60379952 | M9: =$A9 -> 0.49847054
A10: 0.11709622 | B10: 0.14476515 | C10: -0.020381898 | D10: -0.015904162 | E10: 0.034777381 | F10: 0.001590815 | H10: =$F10 -> 0.001590815 | I10: =-1*$E10 -> -0.034777381 | J10: =$D10 -> -0.015904162 | K10: =$C10 -> -0.020381898 | L10: =-1*$B10 -> -0.14476515 | M10: =$A10 -> 0.11709622
A11: 0.66701603 | B11: -0.027593434 | C11: -0.39857343 | D11: 0.0061566709 | E11: 0.20482215 | F11: 0.0023236712 | H11: =$F11 -> 0.0023236712 | I11: =-1*$E11 -> -0.20482215 | J11: =$D11 -> 0.0061566709 | K11: =$C11 -> -0.39857343 | L11: =-1*$B11 -> 0.027593434 | M11: =$A11 -> 0.66701603
A12: -0.73156416 | B12: 0.0059180781 | C12: -0.045536973 | D12: -0.00088441034 | E12: -0.095554247 | F12: 0.0016893346 | H12: =$F12 -> 0.0016893346 | I12: =-1*$E12 -> 0.095554247 | J12: =$D12 -> -0.00088441034 | K12: =$C12 -> -0.045536973 | L12: =-1*$B12 -> -0.0059180781 | M12: =$A12 -> -0.73156416
A13: 0.51245713 | B13: 0.98798037 | C13: -0.48353463 | D13: -0.10479864 | E13: 0.18293566 | F13: 0.0012135198 | H13: =$F13 -> 0.0012135198 | I13: =-1*$E13 -> -0.18293566 | J13: =$D13 -> -0.10479864 | K13: =$C13 -> -0.48353463 | L13: =-1*$B13 -> -0.98798037 | M13: =$A13 -> 0.51245713
A14: -0.0304524 | B14: 0.38181251 | C14: 0.031099312 | D14: -0.067128308 | E14: -0.0031013913 | F14: -0.00065936521 | H14: =$F14 -> -0.00065936521 | I14: =-1*$E14 -> 0.0031013913 | J14: =$D14 -> -0.067128308 | K14: =$C14 -> 0.031099312 | L14: =-1*$B14 -> -0.38181251 | M14: =$A14 -> -0.0304524
... A43: -0.1535165 | B43: 0.054970372 | C43: -0.0027824324 | D43: -0.010458088 | E43: -0.042479593 | F43: -0.0012752726 | H43: =$F43 -> -0.0012752726 | I43: =-1*$E43 -> 0.042479593 | J43: =$D43 -> -0.010458088 | K43: =$C43 -> -0.0027824324 | L43: =-1*$B43 -> -0.054970372 | M43: =$A43 -> -0.1535165
