Workbook

Sheet Proximal Validation
A1: Ground Truth | J1: 6-Axis FT Sensor | P1: SoRoSim get_proximal_value | V1: Proximal Errors | AC1: Extra | AE1: Sensor Ranges
A2: F1 (N) | B2: s1 (m) | C2: theta1 (rad) | D2: F2 (N) | E2: s2 (m) | F2: theta2 (rad) | G2: tau1 (N) | H2: tau2 (N) | I2: tau3 (N) | J2: Tx (Nm) | K2: Ty (Nm) | L2: Tz(Nm) | M2: Fx (N) | N2: Fy (N) | O2: Fz (N) | P2: Tx (Nm) | Q2: Ty (Nm) | R2: Tz(Nm) | S2: Fx (N) | T2: Fy (N) | U2: Fz (N) | V2: Tx (Nm) | W2: Ty (Nm) | X2: Tz(Nm) | Y2: Fx (N) | Z2: Fy (N) | AA2: Fz (N) | AB2: NRMSE (%FS) | AC2: abs(s1-s2) | AD2: singular values | AE2: Tx | AF2: Ty | AG2: Tz | AH2: Fx | AI2: Fy | AJ2: Fz
A3: 0 | B3: 0.18 | C3: =PI() -> 3.1415927 | D3: 0 | E3: 0.04 | F3: 0 | G3: 10 | H3: 0 | I3: 0 | J3: -0.00093765836 | K3: 0.033231221 | L3: -0.056904618 | M3: 0.10762468 | N3: 0.58954048 | O3: 0.17913799 | V3: =J3-P3 -> -0.00093765836 | W3: =K3-Q3 -> 0.033231221 | X3: =L3-R3 -> -0.056904618 | Y3: =M3-S3 -> 0.10762468 | Z3: =N3-T3 -> 0.58954048 | AA3: =O3-U3 -> 0.17913799 | AB3: {=SQRT(SUMPRODUCT(((J3:O3-P3:U3)/$AE$3:$AJ$3)^2)/6)*100} -> 2.9708773 | AC3: =ABS(B3-E3) -> 0.14 | AD3: 63364.8 | AE3: 1 | AF3: 1 | AG3: 1 | AH3: 60 | AI3: 20 | AJ3: 20
V4: =J4-P4 -> 0 | W4: =K4-Q4 -> 0 | X4: =L4-R4 -> 0 | Y4: =M4-S4 -> 0 | Z4: =N4-T4 -> 0 | AA4: =O4-U4 -> 0 | AB4: {=SQRT(SUMPRODUCT(((J4:O4-P4:U4)/$AE$3:$AJ$3)^2)/6)*100} -> 0 | AC4: =ABS(B4-E4) -> 0 | AD4: 330.78885
V5: =J5-P5 -> 0 | W5: =K5-Q5 -> 0 | X5: =L5-R5 -> 0 | Y5: =M5-S5 -> 0 | Z5: =N5-T5 -> 0 | AA5: =O5-U5 -> 0 | AB5: {=SQRT(SUMPRODUCT(((J5:O5-P5:U5)/$AE$3:$AJ$3)^2)/6)*100} -> 0 | AC5: =ABS(B5-E5) -> 0 | AD5: 883.99452
V6: =J6-P6 -> 0 | W6: =K6-Q6 -> 0 | X6: =L6-R6 -> 0 | Y6: =M6-S6 -> 0 | Z6: =N6-T6 -> 0 | AA6: =O6-U6 -> 0 | AB6: {=SQRT(SUMPRODUCT(((J6:O6-P6:U6)/$AE$3:$AJ$3)^2)/6)*100} -> 0 | AC6: =ABS(B6-E6) -> 0 | AD6: 214.86349
V7: =J7-P7 -> 0 | W7: =K7-Q7 -> 0 | X7: =L7-R7 -> 0 | Y7: =M7-S7 -> 0 | Z7: =N7-T7 -> 0 | AA7: =O7-U7 -> 0 | AB7: {=SQRT(SUMPRODUCT(((J7:O7-P7:U7)/$AE$3:$AJ$3)^2)/6)*100} -> 0 | AC7: =ABS(B7-E7) -> 0 | AD7: 1314.4733

Sheet Distal Validation
A1: Ground Truth | J1: 6-Axis FT Sensor | P1: SoRoSim get_distal_value | W1: Distal Errors | AF1: Stats
A2: F1 (N) | B2: s1 (m) | C2: theta1 (rad) | D2: F2 (N) | E2: s2 (m) | F2: theta2 (rad) | G2: tau1 (N) | H2: tau2 (N) | I2: tau3 (N) | J2: Tx (Nm) | K2: Ty (Nm) | L2: Tz(Nm) | M2: Fx (N) | N2: Fy (N) | O2: Fz (N) | P2: F1 (N) | Q2: s1 (m) | R2: theta1 (rad) | S2: F2 (N) | T2: s2 (m) | U2: theta2 (rad) | V2: f_final | W2: F1 (N) | X2: s1 (m) | Y2: theta1 (rad) | Z2: F2 (N) | AA2: s2 (m) | AB2: theta2 (rad) | AC2: force_error | AD2: position_error | AE2: angle_error | AF2: Absolute Mean Error
A3: ='Proximal Validation'!A3 -> 0 | B3: ='Proximal Validation'!B3 -> 0.18 | C3: ='Proximal Validation'!C3 -> 3.1415927 | D3: ='Proximal Validation'!D3 -> 0 | E3: ='Proximal Validation'!E3 -> 0.04 | F3: ='Proximal Validation'!F3 -> 0 | G3: ='Proximal Validation'!G3 -> 10 | H3: ='Proximal Validation'!H3 -> 0 | ... O3: ='Proximal Validation'!O3 -> 0.17913799 | P3: 0.5103 | Q3: 0.1741 | R3: 3.6395 | S3: 1.1102 | T3: 0.02 | U3: 0.3871 | W3: =P3-A3 -> 0.5103 | X3: =Q3-B3 -> -0.0059 | Y3: =MIN(ABS(R3-C3),2*PI()-ABS(R3-C3)) -> 0.49790735 | Z3: =S3-D3 -> 1.1102 | AA3: =T3-E3 -> -0.02 | AB3: =MIN(ABS(U3-F3),2*PI()-ABS(U3-F3)) -> 0.3871 | AC3: =AVERAGE(ABS(W3),ABS(Z3)) -> 0.81025 | AD3: =AVERAGE(ABS(X3),ABS(AA3)) -> 0.01295 | AE3: =AVERAGE(ABS(Y3),ABS(AB3)) -> 0.44250367 | AF3: F1 (N) | AG3: s1 (m) | AH3: theta1 (rad) | AI3: F2 (N) | AJ3: s2 (m) | AK3: theta2 (rad)
A4: ='Proximal Validation'!A4 -> 0 | B4: ='Proximal Validation'!B4 -> 0 | C4: ='Proximal Validation'!C4 -> 0 | D4: ='Proximal Validation'!D4 -> 0 | E4: ='Proximal Validation'!E4 -> 0 | F4: ='Proximal Validation'!F4 -> 0 | G4: ='Proximal Validation'!G4 -> 0 | H4: ='Proximal Validation'!H4 -> 0 | ... O4: ='Proximal Validation'!O4 -> 0 | W4: =P4-A4 -> 0 | X4: =Q4-B4 -> 0 | Y4: =MIN(ABS(R4-C4),2*PI()-ABS(R4-C4)) -> 0 | Z4: =S4-D4 -> 0 | AA4: =T4-E4 -> 0 | AB4: =MIN(ABS(U4-F4),2*PI()-ABS(U4-F4)) -> 0 | AC4: =AVERAGE(ABS(W4),ABS(Z4)) -> 0 | AD4: =AVERAGE(ABS(X4),ABS(AA4)) -> 0 | AE4: =AVERAGE(ABS(Y4),ABS(AB4)) -> 0 | AF4: {=AVERAGE(ABS(W3:W12))} -> 0.05103 | AG4: {=AVERAGE(ABS(X3:X12))} -> 0.00059 | AH4: {=AVERAGE(ABS(Y3:Y12))} -> 0.049790735 | AI4: {=AVERAGE(ABS(Z3:Z12))} -> 0.11102 | AJ4: {=AVERAGE(ABS(AA3:AA12))} -> 0.002 | AK4: {=AVERAGE(ABS(AB3:AB12))} -> 0.03871
A5: ='Proximal Validation'!A5 -> 0 | B5: ='Proximal Validation'!B5 -> 0 | C5: ='Proximal Validation'!C5 -> 0 | D5: ='Proximal Validation'!D5 -> 0 | E5: ='Proximal Validation'!E5 -> 0 | F5: ='Proximal Validation'!F5 -> 0 | G5: ='Proximal Validation'!G5 -> 0 | H5: ='Proximal Validation'!H5 -> 0 | ... O5: ='Proximal Validation'!O5 -> 0 | W5: =P5-A5 -> 0 | X5: =Q5-B5 -> 0 | Y5: =MIN(ABS(R5-C5),2*PI()-ABS(R5-C5)) -> 0 | Z5: =S5-D5 -> 0 | AA5: =T5-E5 -> 0 | AB5: =MIN(ABS(U5-F5),2*PI()-ABS(U5-F5)) -> 0 | AC5: =AVERAGE(ABS(W5),ABS(Z5)) -> 0 | AD5: =AVERAGE(ABS(X5),ABS(AA5)) -> 0 | AE5: =AVERAGE(ABS(Y5),ABS(AB5)) -> 0 | AF5: Absolute Mean Error (Across Both Forces)
A6: ='Proximal Validation'!A6 -> 0 | B6: ='Proximal Validation'!B6 -> 0 | C6: ='Proximal Validation'!C6 -> 0 | D6: ='Proximal Validation'!D6 -> 0 | E6: ='Proximal Validation'!E6 -> 0 | F6: ='Proximal Validation'!F6 -> 0 | G6: ='Proximal Validation'!G6 -> 0 | H6: ='Proximal Validation'!H6 -> 0 | ... O6: ='Proximal Validation'!O6 -> 0 | W6: =P6-A6 -> 0 | X6: =Q6-B6 -> 0 | Y6: =MIN(ABS(R6-C6),2*PI()-ABS(R6-C6)) -> 0 | Z6: =S6-D6 -> 0 | AA6: =T6-E6 -> 0 | AB6: =MIN(ABS(U6-F6),2*PI()-ABS(U6-F6)) -> 0 | AC6: =AVERAGE(ABS(W6),ABS(Z6)) -> 0 | AD6: =AVERAGE(ABS(X6),ABS(AA6)) -> 0 | AE6: =AVERAGE(ABS(Y6),ABS(AB6)) -> 0 | AF6: force_error | AG6: position_error | AH6: angle_error
A7: ='Proximal Validation'!A7 -> 0 | B7: ='Proximal Validation'!B7 -> 0 | C7: ='Proximal Validation'!C7 -> 0 | D7: ='Proximal Validation'!D7 -> 0 | E7: ='Proximal Validation'!E7 -> 0 | F7: ='Proximal Validation'!F7 -> 0 | G7: ='Proximal Validation'!G7 -> 0 | H7: ='Proximal Validation'!H7 -> 0 | ... O7: ='Proximal Validation'!O7 -> 0 | W7: =P7-A7 -> 0 | X7: =Q7-B7 -> 0 | Y7: =MIN(ABS(R7-C7),2*PI()-ABS(R7-C7)) -> 0 | Z7: =S7-D7 -> 0 | AA7: =T7-E7 -> 0 | AB7: =MIN(ABS(U7-F7),2*PI()-ABS(U7-F7)) -> 0 | AC7: =AVERAGE(ABS(W7),ABS(Z7)) -> 0 | AD7: =AVERAGE(ABS(X7),ABS(AA7)) -> 0 | AE7: =AVERAGE(ABS(Y7),ABS(AB7)) -> 0 | AF7: =AVERAGE(AF4,AI4) -> 0.081025 | AG7: =AVERAGE(AG4,AJ4) -> 0.001295 | AH7: =AVERAGE(AH4,AK4) -> 0.044250367

Sheet Conversion
A1: Raw Data | H1: Axis Conversion | O1: Transformation
A2: Fx | B2: Fy | C2: Fz | D2: Tx | E2: Ty | F2: Tz | H2: Tx | I2: Ty | J2: Tz | K2: Fx | L2: Fy | M2: Fz | O2: Tx | P2: Ty | Q2: Tz | R2: Fx | S2: Fy | T2: Fz | V2: Sensor Offset (m)
A3: 0.17913799 | B3: -0.58954048 | C3: 0.10762468 | D3: -0.0038459748 | E3: -0.017108802 | F3: -0.00093765836 | H3: =$F3 -> -0.00093765836 | I3: =-1*$E3 -> 0.017108802 | J3: =$D3 -> -0.0038459748 | K3: =$C3 -> 0.10762468 | L3: =-1*$B3 -> 0.58954048 | M3: =$A3 -> 0.17913799 | O3: =H3 -> -0.00093765836 | P3: =I3+$V$3*M3 -> 0.033231221 | Q3: =J3-$V$3*L3 -> -0.056904618 | R3: =K3 -> 0.10762468 | S3: =L3 -> 0.58954048 | T3: =M3 -> 0.17913799 | V3: =0.09 -> 0.09
H4: =$F4 -> 0 | I4: =-1*$E4 -> 0 | J4: =$D4 -> 0 | K4: =$C4 -> 0 | L4: =-1*$B4 -> 0 | M4: =$A4 -> 0 | O4: =H4 -> 0 | P4: =I4+$V$3*M4 -> 0 | Q4: =J4-$V$3*L4 -> 0 | R4: =K4 -> 0 | S4: =L4 -> 0 | T4: =M4 -> 0
H5: =$F5 -> 0 | I5: =-1*$E5 -> 0 | J5: =$D5 -> 0 | K5: =$C5 -> 0 | L5: =-1*$B5 -> 0 | M5: =$A5 -> 0 | O5: =H5 -> 0 | P5: =I5+$V$3*M5 -> 0 | Q5: =J5-$V$3*L5 -> 0 | R5: =K5 -> 0 | S5: =L5 -> 0 | T5: =M5 -> 0
H6: =$F6 -> 0 | I6: =-1*$E6 -> 0 | J6: =$D6 -> 0 | K6: =$C6 -> 0 | L6: =-1*$B6 -> 0 | M6: =$A6 -> 0 | O6: =H6 -> 0 | P6: =I6+$V$3*M6 -> 0 | Q6: =J6-$V$3*L6 -> 0 | R6: =K6 -> 0 | S6: =L6 -> 0 | T6: =M6 -> 0
H7: =$F7 -> 0 | I7: =-1*$E7 -> 0 | J7: =$D7 -> 0 | K7: =$C7 -> 0 | L7: =-1*$B7 -> 0 | M7: =$A7 -> 0 | O7: =H7 -> 0 | P7: =I7+$V$3*M7 -> 0 | Q7: =J7-$V$3*L7 -> 0 | R7: =K7 -> 0 | S7: =L7 -> 0 | T7: =M7 -> 0
H8: =$F8 -> 0 | I8: =-1*$E8 -> 0 | J8: =$D8 -> 0 | K8: =$C8 -> 0 | L8: =-1*$B8 -> 0 | M8: =$A8 -> 0 | O8: =H8 -> 0 | P8: =I8+$V$3*M8 -> 0 | Q8: =J8-$V$3*L8 -> 0 | R8: =K8 -> 0 | S8: =L8 -> 0 | T8: =M8 -> 0
H9: =$F9 -> 0 | I9: =-1*$E9 -> 0 | J9: =$D9 -> 0 | K9: =$C9 -> 0 | L9: =-1*$B9 -> 0 | M9: =$A9 -> 0 | O9: =H9 -> 0 | P9: =I9+$V$3*M9 -> 0 | Q9: =J9-$V$3*L9 -> 0 | R9: =K9 -> 0 | S9: =L9 -> 0 | T9: =M9 -> 0
H10: =$F10 -> 0 | I10: =-1*$E10 -> 0 | J10: =$D10 -> 0 | K10: =$C10 -> 0 | L10: =-1*$B10 -> 0 | M10: =$A10 -> 0 | O10: =H10 -> 0 | P10: =I10+$V$3*M10 -> 0 | Q10: =J10-$V$3*L10 -> 0 | R10: =K10 -> 0 | S10: =L10 -> 0 | T10: =M10 -> 0
H11: =$F11 -> 0 | I11: =-1*$E11 -> 0 | J11: =$D11 -> 0 | K11: =$C11 -> 0 | L11: =-1*$B11 -> 0 | M11: =$A11 -> 0 | O11: =H11 -> 0 | P11: =I11+$V$3*M11 -> 0 | Q11: =J11-$V$3*L11 -> 0 | R11: =K11 -> 0 | S11: =L11 -> 0 | T11: =M11 -> 0
H12: =$F12 -> 0 | I12: =-1*$E12 -> 0 | J12: =$D12 -> 0 | K12: =$C12 -> 0 | L12: =-1*$B12 -> 0 | M12: =$A12 -> 0 | O12: =H12 -> 0 | P12: =I12+$V$3*M12 -> 0 | Q12: =J12-$V$3*L12 -> 0 | R12: =K12 -> 0 | S12: =L12 -> 0 | T12: =M12 -> 0
H13: =$F13 -> 0 | I13: =-1*$E13 -> 0 | J13: =$D13 -> 0 | K13: =$C13 -> 0 | L13: =-1*$B13 -> 0 | M13: =$A13 -> 0 | O13: =H13 -> 0 | P13: =I13+$V$3*M13 -> 0 | Q13: =J13-$V$3*L13 -> 0 | R13: =K13 -> 0 | S13: =L13 -> 0 | T13: =M13 -> 0
H14: =$F14 -> 0 | I14: =-1*$E14 -> 0 | J14: =$D14 -> 0 | K14: =$C14 -> 0 | L14: =-1*$B14 -> 0 | M14: =$A14 -> 0 | O14: =H14 -> 0 | P14: =I14+$V$3*M14 -> 0 | Q14: =J14-$V$3*L14 -> 0 | R14: =K14 -> 0 | S14: =L14 -> 0 | T14: =M14 -> 0
H15: =$F15 -> 0 | I15: =-1*$E15 -> 0 | J15: =$D15 -> 0 | K15: =$C15 -> 0 | L15: =-1*$B15 -> 0 | M15: =$A15 -> 0 | O15: =H15 -> 0 | P15: =I15+$V$3*M15 -> 0 | Q15: =J15-$V$3*L15 -> 0 | R15: =K15 -> 0 | S15: =L15 -> 0 | T15: =M15 -> 0
... H18: =$F18 -> 0 | I18: =-1*$E18 -> 0 | J18: =$D18 -> 0 | K18: =$C18 -> 0 | L18: =-1*$B18 -> 0 | M18: =$A18 -> 0 | O18: =H18 -> 0 | P18: =I18+$V$3*M18 -> 0 | Q18: =J18-$V$3*L18 -> 0 | R18: =K18 -> 0 | S18: =L18 -> 0 | T18: =M18 -> 0

Sheet Sheet2
