Workbook

Sheet Proximal Validation
A1: Ground Truth | G1: 6-Axis FT Sensor | M1: SoRoSim get_proximal_value | S1: Proximal Errors
A2: F (N) | B2: s (m) | C2: theta (rad) | D2: tau1 (N) | E2: tau2 (N) | F2: tau3 (N) | G2: Tx (Nm) | H2: Ty (Nm) | I2: Tz(Nm) | J2: Fx (N) | K2: Fy (N) | L2: Fz (N) | M2: Tx (Nm) | N2: Ty (Nm) | O2: Tz(Nm) | P2: Fx (N) | Q2: Fy (N) | R2: Fz (N) | S2: Tx (Nm) | T2: Ty (Nm) | U2: Tz(Nm) | V2: Fx (N) | W2: Fy (N) | X2: Fz (N)
A3: 0.4 | B3: 0.06 | C3: =PI()/2 -> 1.5707963 | D3: 0 | E3: 0 | F3: 0 | G3: -0.00028477586 | H3: -0.058327373 | I3: -0.0001506703 | J3: 0.0060134237 | K3: 0.0022609532 | L3: 0.37637502 | M3: 1.2756063e-29 | N3: -0.023938745 | O3: -4.9099187e-12 | P3: -0.027810769 | Q3: -8.1842762e-11 | R3: 0.39903166 | S3: =G3-M3 -> -0.00028477586 | T3: =H3-N3 -> -0.034388628 | U3: =I3-O3 -> -0.00015067029 | V3: =J3-P3 -> 0.033824193 | W3: =K3-Q3 -> 0.0022609533 | X3: =L3-R3 -> -0.022656642
A4: 0.8 | B4: 0.06 | C4: =PI()/2 -> 1.5707963 | D4: 0 | E4: 0 | F4: 0 | G4: -0.001375952 | H4: -0.12723181 | I4: -0.0015217981 | J4: -0.08266665 | K4: -0.004741177 | L4: 0.8163234 | M4: 8.6570498e-29 | N4: -0.047808943 | O4: -9.8057781e-12 | P4: -0.11091139 | Q4: -1.6249758e-10 | R4: 0.79227139 | S4: =G4-M4 -> -0.001375952 | T4: =H4-N4 -> -0.079422864 | U4: =I4-O4 -> -0.0015217981 | V4: =J4-P4 -> 0.02824474 | W4: =K4-Q4 -> -0.0047411768 | X4: =L4-R4 -> 0.024052011
A5: 0.3 | B5: 0.08 | C5: =PI()/2 -> 1.5707963 | D5: 0 | E5: 0 | F5: 0 | G5: -0.00028428674 | H5: -0.043962169 | I5: -0.00019410931 | J5: -0.014232989 | K5: 0.00080315024 | L5: 0.24872187 | M5: 7.8837026e-29 | N5: -0.023964778 | O5: -4.9152581e-12 | P5: -0.027727407 | Q5: -6.1267608e-11 | R5: 0.29871567 | S5: =G5-M5 -> -0.00028428674 | T5: =H5-N5 -> -0.019997392 | U5: =I5-O5 -> -0.0001941093 | V5: =J5-P5 -> 0.013494418 | W5: =K5-Q5 -> 0.0008031503 | X5: =L5-R5 -> -0.049993802
A6: 0.5 | B6: 0.1 | C6: =PI()/2 -> 1.5707963 | D6: 0 | E6: 0 | F6: 0 | G6: -0.00090206554 | H6: -0.095010705 | I6: -0.00031485432 | J6: -0.14170778 | K6: 0.0032724366 | L6: 0.46851912 | M6: -3.9218389e-28 | N6: -0.04970704 | O6: -1.0195084e-11 | P6: -0.1204181 | Q6: -9.9532887e-11 | R6: 0.48528144 | S6: =G6-M6 -> -0.00090206554 | T6: =H6-N6 -> -0.045303665 | U6: =I6-O6 -> -0.00031485431 | V6: =J6-P6 -> -0.02128968 | W6: =K6-Q6 -> 0.0032724367 | X6: =L6-R6 -> -0.01676232
A7: 0.7 | B7: 0.1 | C7: =PI()/2 -> 1.5707963 | D7: 0 | E7: 0 | F7: 0 | G7: -0.0013697715 | H7: -0.12989934 | I7: -0.0011154995 | J7: -0.27736902 | K7: 0.002998434 | L7: 0.62586665 | M7: -1.4743273e-29 | N7: -0.069199881 | O7: -1.4193133e-11 | P7: -0.23336075 | Q7: -1.3535853e-10 | R7: 0.65995253 | S7: =G7-M7 -> -0.0013697715 | T7: =H7-N7 -> -0.060699457 | U7: =I7-O7 -> -0.0011154995 | V7: =J7-P7 -> -0.04400827 | W7: =K7-Q7 -> 0.0029984341 | X7: =L7-R7 -> -0.034085874
A8: 0.4 | B8: 0.16 | C8: =PI()/2 -> 1.5707963 | D8: 0 | E8: 0 | F8: 0 | G8: -0.0013016209 | H8: -0.09177132 | I8: -0.00068558258 | J8: -0.18813878 | K8: 0.0035599116 | L8: 0.31649771 | M8: 1.228844e-27 | N8: -0.062523329 | O8: -1.2823749e-11 | P8: -0.19044524 | Q8: -7.2145777e-11 | R8: 0.35175315 | S8: =G8-M8 -> -0.0013016209 | T8: =H8-N8 -> -0.02924799 | U8: =I8-O8 -> -0.00068558256 | V8: =J8-P8 -> 0.0023064552 | W8: =K8-Q8 -> 0.0035599117 | X8: =L8-R8 -> -0.035255434
A9: 0.6 | B9: 0.16 | C9: =PI()/2 -> 1.5707963 | D9: 0 | E9: 0 | F9: 0 | G9: -0.0021819151 | H9: -0.13427521 | I9: -0.00028121364 | J9: -0.47822568 | K9: 0.01204087 | L9: 0.39143002 | M9: -1.1392875e-27 | N9: -0.090970656 | O9: -1.8658393e-11 | P9: -0.40318659 | Q9: -9.1135864e-11 | R9: 0.44434101 | S9: =G9-M9 -> -0.0021819151 | T9: =H9-N9 -> -0.043304557 | U9: =I9-O9 -> -0.00028121362 | V9: =J9-P9 -> -0.075039085 | W9: =K9-Q9 -> 0.01204087 | X9: =L9-R9 -> -0.052910987
A10: 0.8 | B10: 0.18 | C10: =PI()/2 -> 1.5707963 | D10: 0 | E10: 0 | F10: 0 | G10: -0.0010585423 | H10: -0.13548036 | I10: -0.0012497484 | J10: -0.72550738 | K10: 0.029684354 | L10: 0.1316857 | M10: -9.0492831e-27 | N10: -0.12381202 | O10: -2.5394269e-11 | P10: -0.74838044 | Q10: -5.798412e-11 | R10: 0.28270673 | S10: =G10-M10 -> -0.0010585423 | T10: =H10-N10 -> -0.011668344 | U10: =I10-O10 -> -0.0012497484 | V10: =J10-P10 -> 0.022873065 | W10: =K10-Q10 -> 0.029684354 | X10: =L10-R10 -> -0.15102103
A11: 0.3 | B11: 0.2 | C11: =PI()/2 -> 1.5707963 | D11: 0 | E11: 0 | F11: 0 | G11: -0.00088630803 | H11: -0.067533724 | I11: -0.00047554963 | J11: -0.16650236 | K11: 0.002737375 | L11: 0.18086977 | M11: -5.1505969e-29 | N11: -0.057439839 | O11: -1.1781108e-11 | P11: -0.16082531 | Q11: -5.1942303e-11 | R11: 0.25324931 | S11: =G11-M11 -> -0.00088630803 | T11: =H11-N11 -> -0.010093885 | U11: =I11-O11 -> -0.00047554962 | V11: =J11-P11 -> -0.0056770493 | W11: =K11-Q11 -> 0.002737375 | X11: =L11-R11 -> -0.072379542
A12: 0.7 | B12: 0.2 | C12: =PI()/2 -> 1.5707963 | D12: 0 | E12: 0 | F12: 0 | G12: -0.0027598871 | H12: -0.12722152 | I12: -0.00088058261 | J12: -0.6718719 | K12: 0.017920591 | L12: 0.066542283 | M12: -7.8162421e-27 | N12: -0.11696093 | O12: -2.3989088e-11 | P12: -0.66679933 | Q12: -4.3691604e-11 | R12: 0.2130223 | S12: =G12-M12 -> -0.0027598871 | T12: =H12-N12 -> -0.010260592 | U12: =I12-O12 -> -0.00088058258 | V12: =J12-P12 -> -0.0050725717 | W12: =K12-Q12 -> 0.017920591 | X12: =L12-R12 -> -0.14648002

Sheet Distal Vali (0N perturb)
A1: Ground Truth | G1: 6-Axis FT Sensor | M1: SoRoSim get_distal_value | Q1: Distal Errors | T1: ABS Distal Errors
A2: F (N) | B2: s (m) | C2: theta (rad) | D2: tau1 (N) | E2: tau2 (N) | F2: tau3 (N) | G2: Tx (Nm) | H2: Ty (Nm) | I2: Tz(Nm) | J2: Fx (N) | K2: Fy (N) | L2: Fz (N) | M2: F (N) | N2: s (m) | O2: theta (rad) | P2: f_final | Q2: F (N) | R2: s (m) | S2: theta (rad) | T2: F (N) | U2: s (m) | V2: theta (rad) | W2: Absolute Mean Error
A3: ='Proximal Validation'!A3 -> 0.4 | B3: ='Proximal Validation'!B3 -> 0.06 | C3: ='Proximal Validation'!C3 -> 1.5707963 | D3: ='Proximal Validation'!D3 -> 0 | E3: ='Proximal Validation'!E3 -> 0 | F3: ='Proximal Validation'!F3 -> 0 | G3: ='Proximal Validation'!G3 -> -0.00028477586 | H3: ='Proximal Validation'!H3 -> -0.058327373 | ... L3: ='Proximal Validation'!L3 -> 0.37637502 | M3: 0.32075783 | N3: 0.074003821 | O3: 1.5853023 | P3: 2.6149565e-06 | Q3: =M3-A3 -> -0.079242172 | R3: =N3-B3 -> 0.014003821 | S3: =O3-C3 -> 0.014505996 | T3: =ABS(Q3) -> 0.079242172 | U3: =ABS(R3) -> 0.014003821 | V3: =ABS(S3) -> 0.014505996 | W3: F1 (N) | X3: s1 (m) | Y3: el1 (rad)
A4: ='Proximal Validation'!A4 -> 0.8 | B4: ='Proximal Validation'!B4 -> 0.06 | C4: ='Proximal Validation'!C4 -> 1.5707963 | D4: ='Proximal Validation'!D4 -> 0 | E4: ='Proximal Validation'!E4 -> 0 | F4: ='Proximal Validation'!F4 -> 0 | G4: ='Proximal Validation'!G4 -> -0.001375952 | H4: ='Proximal Validation'!H4 -> -0.12723181 | ... L4: ='Proximal Validation'!L4 -> 0.8163234 | M4: 0.69921488 | N4: 0.073995548 | O4: 1.5911626 | P4: 5.8117386e-06 | Q4: =M4-A4 -> -0.10078512 | R4: =N4-B4 -> 0.013995548 | S4: =O4-C4 -> 0.020366261 | T4: =ABS(Q4) -> 0.10078512 | U4: =ABS(R4) -> 0.013995548 | V4: =ABS(S4) -> 0.020366261 | W4: {=AVERAGE(ABS(Q3:Q12))} -> 0.12164731 | X4: {=AVERAGE(ABS(R3:R12))} -> 0.031777696 | Y4: {=AVERAGE(ABS(S3:S12))} -> 0.017360683
A5: ='Proximal Validation'!A5 -> 0.3 | B5: ='Proximal Validation'!B5 -> 0.08 | C5: ='Proximal Validation'!C5 -> 1.5707963 | D5: ='Proximal Validation'!D5 -> 0 | E5: ='Proximal Validation'!E5 -> 0 | F5: ='Proximal Validation'!F5 -> 0 | G5: ='Proximal Validation'!G5 -> -0.00028428674 | H5: ='Proximal Validation'!H5 -> -0.043962169 | ... L5: ='Proximal Validation'!L5 -> 0.24872187 | M5: 0.28895388 | N5: 0.07421784 | O5: 1.5831417 | P5: 1.4716481e-07 | Q5: =M5-A5 -> -0.011046119 | R5: =N5-B5 -> -0.0057821602 | S5: =O5-C5 -> 0.01234539 | T5: =ABS(Q5) -> 0.011046119 | U5: =ABS(R5) -> 0.0057821602 | V5: =ABS(S5) -> 0.01234539
A6: ='Proximal Validation'!A6 -> 0.5 | B6: ='Proximal Validation'!B6 -> 0.1 | C6: ='Proximal Validation'!C6 -> 1.5707963 | D6: ='Proximal Validation'!D6 -> 0 | E6: ='Proximal Validation'!E6 -> 0 | F6: ='Proximal Validation'!F6 -> 0 | G6: ='Proximal Validation'!G6 -> -0.00090206554 | H6: ='Proximal Validation'!H6 -> -0.095010705 | ... L6: ='Proximal Validation'!L6 -> 0.46851912 | M6: 0.45239181 | N6: 0.11835714 | O6: 1.5823274 | P6: 4.4460842e-08 | Q6: =M6-A6 -> -0.047608189 | R6: =N6-B6 -> 0.01835714 | S6: =O6-C6 -> 0.011531044 | T6: =ABS(Q6) -> 0.047608189 | U6: =ABS(R6) -> 0.01835714 | V6: =ABS(S6) -> 0.011531044
A7: ='Proximal Validation'!A7 -> 0.7 | B7: ='Proximal Validation'!B7 -> 0.1 | C7: ='Proximal Validation'!C7 -> 1.5707963 | D7: ='Proximal Validation'!D7 -> 0 | E7: ='Proximal Validation'!E7 -> 0 | F7: ='Proximal Validation'!F7 -> 0 | G7: ='Proximal Validation'!G7 -> -0.0013697715 | H7: ='Proximal Validation'!H7 -> -0.12989934 | ... L7: ='Proximal Validation'!L7 -> 0.62586665 | M7: 0.63538729 | N7: 0.11895321 | O7: 1.5896242 | P7: 2.239848e-07 | Q7: =M7-A7 -> -0.064612711 | R7: =N7-B7 -> 0.018953208 | S7: =O7-C7 -> 0.018827917 | T7: =ABS(Q7) -> 0.064612711 | U7: =ABS(R7) -> 0.018953208 | V7: =ABS(S7) -> 0.018827917
A8: ='Proximal Validation'!A8 -> 0.4 | B8: ='Proximal Validation'!B8 -> 0.16 | C8: ='Proximal Validation'!C8 -> 1.5707963 | D8: ='Proximal Validation'!D8 -> 0 | E8: ='Proximal Validation'!E8 -> 0 | F8: ='Proximal Validation'!F8 -> 0 | G8: ='Proximal Validation'!G8 -> -0.0013016209 | H8: ='Proximal Validation'!H8 -> -0.09177132 | ... L8: ='Proximal Validation'!L8 -> 0.31649771 | M8: 0.84373583 | N8: 0.075210385 | O8: 1.5866906 | P8: 4.1836825e-08 | Q8: =M8-A8 -> 0.44373583 | R8: =N8-B8 -> -0.084789615 | S8: =O8-C8 -> 0.015894226 | T8: =ABS(Q8) -> 0.44373583 | U8: =ABS(R8) -> 0.084789615 | V8: =ABS(S8) -> 0.015894226
A9: ='Proximal Validation'!A9 -> 0.6 | B9: ='Proximal Validation'!B9 -> 0.16 | C9: ='Proximal Validation'!C9 -> 1.5707963 | D9: ='Proximal Validation'!D9 -> 0 | E9: ='Proximal Validation'!E9 -> 0 | F9: ='Proximal Validation'!F9 -> 0 | G9: ='Proximal Validation'!G9 -> -0.0021819151 | H9: ='Proximal Validation'!H9 -> -0.13427521 | ... L9: ='Proximal Validation'!L9 -> 0.39143002 | M9: 0.71228992 | N9: 0.14679798 | O9: 1.5845758 | P9: 7.1171167e-12 | Q9: =M9-A9 -> 0.11228992 | R9: =N9-B9 -> -0.013202023 | S9: =O9-C9 -> 0.013779445 | T9: =ABS(Q9) -> 0.11228992 | U9: =ABS(R9) -> 0.013202023 | V9: =ABS(S9) -> 0.013779445
A10: ='Proximal Validation'!A10 -> 0.8 | B10: ='Proximal Validation'!B10 -> 0.18 | C10: ='Proximal Validation'!C10 -> 1.5707963 | D10: ='Proximal Validation'!D10 -> 0 | E10: ='Proximal Validation'!E10 -> 0 | F10: ='Proximal Validation'!F10 -> 0 | G10: ='Proximal Validation'!G10 -> -0.0010585423 | H10: ='Proximal Validation'!H10 -> -0.13548036 | ... L10: ='Proximal Validation'!L10 -> 0.1316857 | M10: 0.86927639 | N10: 0.15651368 | O10: 1.6025044 | P10: 3.654877e-07 | Q10: =M10-A10 -> 0.069276391 | R10: =N10-B10 -> -0.023486317 | S10: =O10-C10 -> 0.03170807 | T10: =ABS(Q10) -> 0.069276391 | U10: =ABS(R10) -> 0.023486317 | V10: =ABS(S10) -> 0.03170807
A11: ='Proximal Validation'!A11 -> 0.3 | B11: ='Proximal Validation'!B11 -> 0.2 | C11: ='Proximal Validation'!C11 -> 1.5707963 | D11: ='Proximal Validation'!D11 -> 0 | E11: ='Proximal Validation'!E11 -> 0 | F11: ='Proximal Validation'!F11 -> 0 | G11: ='Proximal Validation'!G11 -> -0.00088630803 | H11: ='Proximal Validation'!H11 -> -0.067533724 | ... L11: ='Proximal Validation'!L11 -> 0.18086977 | M11: 0.45012259 | N11: 0.11838762 | O11: 1.5848804 | P11: 2.5820283e-06 | Q11: =M11-A11 -> 0.15012259 | R11: =N11-B11 -> -0.081612384 | S11: =O11-C11 -> 0.014084027 | T11: =ABS(Q11) -> 0.15012259 | U11: =ABS(R11) -> 0.081612384 | V11: =ABS(S11) -> 0.014084027
A12: ='Proximal Validation'!A12 -> 0.7 | B12: ='Proximal Validation'!B12 -> 0.2 | C12: ='Proximal Validation'!C12 -> 1.5707963 | D12: ='Proximal Validation'!D12 -> 0 | E12: ='Proximal Validation'!E12 -> 0 | F12: ='Proximal Validation'!F12 -> 0 | G12: ='Proximal Validation'!G12 -> -0.0027598871 | H12: ='Proximal Validation'!H12 -> -0.12722152 | ... L12: ='Proximal Validation'!L12 -> 0.066542283 | M12: 0.83775405 | N12: 0.15640526 | O12: 1.5913608 | P12: 1.8885843e-06 | Q12: =M12-A12 -> 0.13775405 | R12: =N12-B12 -> -0.043594738 | S12: =O12-C12 -> 0.020564454 | T12: =ABS(Q12) -> 0.13775405 | U12: =ABS(R12) -> 0.043594738 | V12: =ABS(S12) -> 0.020564454

Sheet Distal Vali (0N pert 6 prox)
A1: Ground Truth | G1: 6-Axis FT Sensor | M1: SoRoSim get_distal_value | Q1: Distal Errors | T1: ABS Distal Errors
A2: F (N) | B2: s (m) | C2: theta (rad) | D2: tau1 (N) | E2: tau2 (N) | F2: tau3 (N) | G2: Tx (Nm) | H2: Ty (Nm) | I2: Tz(Nm) | J2: Fx (N) | K2: Fy (N) | L2: Fz (N) | M2: F (N) | N2: s (m) | O2: theta (rad) | P2: f_final | Q2: F (N) | R2: s (m) | S2: theta (rad) | T2: F (N) | U2: s (m) | V2: theta (rad) | W2: Absolute Mean Error
A3: ='Proximal Validation'!A3 -> 0.4 | B3: ='Proximal Validation'!B3 -> 0.06 | C3: ='Proximal Validation'!C3 -> 1.5707963 | D3: ='Proximal Validation'!D3 -> 0 | E3: ='Proximal Validation'!E3 -> 0 | F3: ='Proximal Validation'!F3 -> 0 | G3: ='Proximal Validation'!G3 -> -0.00028477586 | H3: ='Proximal Validation'!H3 -> -0.058327373 | ... L3: ='Proximal Validation'!L3 -> 0.37637502 | Q3: =M3-A3 -> -0.4 | R3: =N3-B3 -> -0.06 | S3: =O3-C3 -> -1.5707963 | T3: =ABS(Q3) -> 0.4 | U3: =ABS(R3) -> 0.06 | V3: =ABS(S3) -> 1.5707963 | W3: F1 (N) | X3: s1 (m) | Y3: el1 (rad)
A4: ='Proximal Validation'!A4 -> 0.8 | B4: ='Proximal Validation'!B4 -> 0.06 | C4: ='Proximal Validation'!C4 -> 1.5707963 | D4: ='Proximal Validation'!D4 -> 0 | E4: ='Proximal Validation'!E4 -> 0 | F4: ='Proximal Validation'!F4 -> 0 | G4: ='Proximal Validation'!G4 -> -0.001375952 | H4: ='Proximal Validation'!H4 -> -0.12723181 | ... L4: ='Proximal Validation'!L4 -> 0.8163234 | Q4: =M4-A4 -> -0.8 | R4: =N4-B4 -> -0.06 | S4: =O4-C4 -> -1.5707963 | T4: =ABS(Q4) -> 0.8 | U4: =ABS(R4) -> 0.06 | V4: =ABS(S4) -> 1.5707963 | W4: {=AVERAGE(ABS(Q7:Q12))} -> 0.03173097 | X4: {=AVERAGE(ABS(R7:R12))} -> 0.0097509645 | Y4: {=AVERAGE(ABS(S7:S12))} -> 0.013980338
A5: ='Proximal Validation'!A5 -> 0.3 | B5: ='Proximal Validation'!B5 -> 0.08 | C5: ='Proximal Validation'!C5 -> 1.5707963 | D5: ='Proximal Validation'!D5 -> 0 | E5: ='Proximal Validation'!E5 -> 0 | F5: ='Proximal Validation'!F5 -> 0 | G5: ='Proximal Validation'!G5 -> -0.00028428674 | H5: ='Proximal Validation'!H5 -> -0.043962169 | ... L5: ='Proximal Validation'!L5 -> 0.24872187 | Q5: =M5-A5 -> -0.3 | R5: =N5-B5 -> -0.08 | S5: =O5-C5 -> -1.5707963 | T5: =ABS(Q5) -> 0.3 | U5: =ABS(R5) -> 0.08 | V5: =ABS(S5) -> 1.5707963
A6: ='Proximal Validation'!A6 -> 0.5 | B6: ='Proximal Validation'!B6 -> 0.1 | C6: ='Proximal Validation'!C6 -> 1.5707963 | D6: ='Proximal Validation'!D6 -> 0 | E6: ='Proximal Validation'!E6 -> 0 | F6: ='Proximal Validation'!F6 -> 0 | G6: ='Proximal Validation'!G6 -> -0.00090206554 | H6: ='Proximal Validation'!H6 -> -0.095010705 | ... L6: ='Proximal Validation'!L6 -> 0.46851912 | Q6: =M6-A6 -> -0.5 | R6: =N6-B6 -> -0.1 | S6: =O6-C6 -> -1.5707963 | T6: =ABS(Q6) -> 0.5 | U6: =ABS(R6) -> 0.1 | V6: =ABS(S6) -> 1.5707963
A7: ='Proximal Validation'!A7 -> 0.7 | B7: ='Proximal Validation'!B7 -> 0.1 | C7: ='Proximal Validation'!C7 -> 1.5707963 | D7: ='Proximal Validation'!D7 -> 0 | E7: ='Proximal Validation'!E7 -> 0 | F7: ='Proximal Validation'!F7 -> 0 | G7: ='Proximal Validation'!G7 -> -0.0013697715 | H7: ='Proximal Validation'!H7 -> -0.12989934 | ... L7: ='Proximal Validation'!L7 -> 0.62586665 | M7: 0.68118703 | N7: 0.1106944 | O7: 1.5797576 | P7: 0.00041736093 | Q7: =M7-A7 -> -0.018812973 | R7: =N7-B7 -> 0.010694397 | S7: =O7-C7 -> 0.0089612851 | T7: =ABS(Q7) -> 0.018812973 | U7: =ABS(R7) -> 0.010694397 | V7: =ABS(S7) -> 0.0089612851
A8: ='Proximal Validation'!A8 -> 0.4 | B8: ='Proximal Validation'!B8 -> 0.16 | C8: ='Proximal Validation'!C8 -> 1.5707963 | D8: ='Proximal Validation'!D8 -> 0 | E8: ='Proximal Validation'!E8 -> 0 | F8: ='Proximal Validation'!F8 -> 0 | G8: ='Proximal Validation'!G8 -> -0.0013016209 | H8: ='Proximal Validation'!H8 -> -0.09177132 | ... L8: ='Proximal Validation'!L8 -> 0.31649771 | M8: 0.37093282 | N8: 0.17455943 | O8: 1.581239 | P8: 0.00026759737 | Q8: =M8-A8 -> -0.029067175 | R8: =N8-B8 -> 0.014559427 | S8: =O8-C8 -> 0.010442714 | T8: =ABS(Q8) -> 0.029067175 | U8: =ABS(R8) -> 0.014559427 | V8: =ABS(S8) -> 0.010442714
A9: ='Proximal Validation'!A9 -> 0.6 | B9: ='Proximal Validation'!B9 -> 0.16 | C9: ='Proximal Validation'!C9 -> 1.5707963 | D9: ='Proximal Validation'!D9 -> 0 | E9: ='Proximal Validation'!E9 -> 0 | F9: ='Proximal Validation'!F9 -> 0 | G9: ='Proximal Validation'!G9 -> -0.0021819151 | H9: ='Proximal Validation'!H9 -> -0.13427521 | ... L9: ='Proximal Validation'!L9 -> 0.39143002 | M9: 0.61813795 | N9: 0.17325196 | O9: 1.5785591 | P9: 0.00073911051 | Q9: =M9-A9 -> 0.018137954 | R9: =N9-B9 -> 0.013251963 | S9: =O9-C9 -> 0.0077627707 | T9: =ABS(Q9) -> 0.018137954 | U9: =ABS(R9) -> 0.013251963 | V9: =ABS(S9) -> 0.0077627707
A10: ='Proximal Validation'!A10 -> 0.8 | B10: ='Proximal Validation'!B10 -> 0.18 | C10: ='Proximal Validation'!C10 -> 1.5707963 | D10: ='Proximal Validation'!D10 -> 0 | E10: ='Proximal Validation'!E10 -> 0 | F10: ='Proximal Validation'!F10 -> 0 | G10: ='Proximal Validation'!G10 -> -0.0010585423 | H10: ='Proximal Validation'!H10 -> -0.13548036 | ... L10: ='Proximal Validation'!L10 -> 0.1316857 | M10: 0.76314101 | N10: 0.2 | O10: 1.5990499 | P10: 0.0024474852 | Q10: =M10-A10 -> -0.036858987 | R10: =N10-B10 -> 0.02 | S10: =O10-C10 -> 0.028253589 | T10: =ABS(Q10) -> 0.036858987 | U10: =ABS(R10) -> 0.02 | V10: =ABS(S10) -> 0.028253589
A11: ='Proximal Validation'!A11 -> 0.3 | B11: ='Proximal Validation'!B11 -> 0.2 | C11: ='Proximal Validation'!C11 -> 1.5707963 | D11: ='Proximal Validation'!D11 -> 0 | E11: ='Proximal Validation'!E11 -> 0 | F11: ='Proximal Validation'!F11 -> 0 | G11: ='Proximal Validation'!G11 -> -0.00088630803 | H11: ='Proximal Validation'!H11 -> -0.067533724 | ... L11: ='Proximal Validation'!L11 -> 0.18086977 | M11: 0.26631059 | N11: 0.2 | O11: 1.5808428 | P11: 0.0043007979 | Q11: =M11-A11 -> -0.033689409 | R11: =N11-B11 -> -8.2973628e-12 | S11: =O11-C11 -> 0.010046523 | T11: =ABS(Q11) -> 0.033689409 | U11: =ABS(R11) -> 8.2973628e-12 | V11: =ABS(S11) -> 0.010046523
A12: ='Proximal Validation'!A12 -> 0.7 | B12: ='Proximal Validation'!B12 -> 0.2 | C12: ='Proximal Validation'!C12 -> 1.5707963 | D12: ='Proximal Validation'!D12 -> 0 | E12: ='Proximal Validation'!E12 -> 0 | F12: ='Proximal Validation'!F12 -> 0 | G12: ='Proximal Validation'!G12 -> -0.0027598871 | H12: ='Proximal Validation'!H12 -> -0.12722152 | ... L12: ='Proximal Validation'!L12 -> 0.066542283 | M12: 0.75381932 | N12: 0.2 | O12: 1.5892115 | P12: 0.015559916 | Q12: =M12-A12 -> 0.05381932 | R12: =N12-B12 -> -2.0397573e-13 | S12: =O12-C12 -> 0.018415148 | T12: =ABS(Q12) -> 0.05381932 | U12: =ABS(R12) -> 2.0397573e-13 | V12: =ABS(S12) -> 0.018415148

Sheet Distal Vali (0.5N perturb)
A1: Ground Truth | G1: 6-Axis FT Sensor | M1: SoRoSim get_distal_value (lambda = 0.5) | Q1: Distal Errors | T1: ABS Distal Errors
A2: F (N) | B2: s (m) | C2: theta (rad) | D2: tau1 (N) | E2: tau2 (N) | F2: tau3 (N) | G2: Tx (Nm) | H2: Ty (Nm) | I2: Tz(Nm) | J2: Fx (N) | K2: Fy (N) | L2: Fz (N) | M2: F (N) | N2: s (m) | O2: theta (rad) | P2: f_final | Q2: F (N) | R2: s (m) | S2: theta (rad) | T2: F (N) | U2: s (m) | V2: theta (rad) | W2: Absolute Mean Error
A3: ='Proximal Validation'!A3 -> 0.4 | B3: ='Proximal Validation'!B3 -> 0.06 | C3: ='Proximal Validation'!C3 -> 1.5707963 | D3: ='Proximal Validation'!D3 -> 0 | E3: ='Proximal Validation'!E3 -> 0 | F3: ='Proximal Validation'!F3 -> 0 | G3: ='Proximal Validation'!G3 -> -0.00028477586 | H3: ='Proximal Validation'!H3 -> -0.058327373 | ... L3: ='Proximal Validation'!L3 -> 0.37637502 | M3: 0.41842606 | N3: 0.072239827 | O3: 1.5755253 | P3: 0.00023105174 | Q3: =M3-A3 -> 0.018426055 | R3: =N3-B3 -> 0.012239827 | S3: =O3-C3 -> 0.0047290225 | T3: =ABS(Q3) -> 0.018426055 | U3: =ABS(R3) -> 0.012239827 | V3: =ABS(S3) -> 0.0047290225 | W3: F1 (N) | X3: s1 (m) | Y3: el1 (rad)
A4: ='Proximal Validation'!A4 -> 0.8 | B4: ='Proximal Validation'!B4 -> 0.06 | C4: ='Proximal Validation'!C4 -> 1.5707963 | D4: ='Proximal Validation'!D4 -> 0 | E4: ='Proximal Validation'!E4 -> 0 | F4: ='Proximal Validation'!F4 -> 0 | G4: ='Proximal Validation'!G4 -> -0.001375952 | H4: ='Proximal Validation'!H4 -> -0.12723181 | ... L4: ='Proximal Validation'!L4 -> 0.8163234 | M4: 0.75391514 | N4: 0.073114233 | O4: 1.5947577 | P4: 0.00060886897 | Q4: =M4-A4 -> -0.046084859 | R4: =N4-B4 -> 0.013114233 | S4: =O4-C4 -> 0.023961326 | T4: =ABS(Q4) -> 0.046084859 | U4: =ABS(R4) -> 0.013114233 | V4: =ABS(S4) -> 0.023961326 | W4: {=AVERAGE(ABS(Q3:Q12))} -> 0.045169067 | X4: {=AVERAGE(ABS(R3:R12))} -> 0.015924434 | Y4: {=AVERAGE(ABS(S3:S12))} -> 0.024517619
A5: ='Proximal Validation'!A5 -> 0.3 | B5: ='Proximal Validation'!B5 -> 0.08 | C5: ='Proximal Validation'!C5 -> 1.5707963 | D5: ='Proximal Validation'!D5 -> 0 | E5: ='Proximal Validation'!E5 -> 0 | F5: ='Proximal Validation'!F5 -> 0 | G5: ='Proximal Validation'!G5 -> -0.00028428674 | H5: ='Proximal Validation'!H5 -> -0.043962169 | ... L5: ='Proximal Validation'!L5 -> 0.24872187 | M5: 0.29191364 | N5: 0.087335291 | O5: 1.5874002 | P5: 4.9943127e-05 | Q5: =M5-A5 -> -0.0080863632 | R5: =N5-B5 -> 0.0073352909 | S5: =O5-C5 -> 0.016603891 | T5: =ABS(Q5) -> 0.0080863632 | U5: =ABS(R5) -> 0.0073352909 | V5: =ABS(S5) -> 0.016603891
A6: ='Proximal Validation'!A6 -> 0.5 | B6: ='Proximal Validation'!B6 -> 0.1 | C6: ='Proximal Validation'!C6 -> 1.5707963 | D6: ='Proximal Validation'!D6 -> 0 | E6: ='Proximal Validation'!E6 -> 0 | F6: ='Proximal Validation'!F6 -> 0 | G6: ='Proximal Validation'!G6 -> -0.00090206554 | H6: ='Proximal Validation'!H6 -> -0.095010705 | ... L6: ='Proximal Validation'!L6 -> 0.46851912 | M6: 0.50454258 | N6: 0.10805125 | O6: 1.5698912 | P6: 0.00012594867 | Q6: =M6-A6 -> 0.0045425848 | R6: =N6-B6 -> 0.0080512523 | S6: =O6-C6 -> -0.00090510907 | T6: =ABS(Q6) -> 0.0045425848 | U6: =ABS(R6) -> 0.0080512523 | V6: =ABS(S6) -> 0.00090510907
A7: ='Proximal Validation'!A7 -> 0.7 | B7: ='Proximal Validation'!B7 -> 0.1 | C7: ='Proximal Validation'!C7 -> 1.5707963 | D7: ='Proximal Validation'!D7 -> 0 | E7: ='Proximal Validation'!E7 -> 0 | F7: ='Proximal Validation'!F7 -> 0 | G7: ='Proximal Validation'!G7 -> -0.0013697715 | H7: ='Proximal Validation'!H7 -> -0.12989934 | ... L7: ='Proximal Validation'!L7 -> 0.62586665 | M7: 0.74900663 | N7: 0.10419115 | O7: 1.5883947 | P7: 0.00022753188 | Q7: =M7-A7 -> 0.049006632 | R7: =N7-B7 -> 0.004191146 | S7: =O7-C7 -> 0.017598344 | T7: =ABS(Q7) -> 0.049006632 | U7: =ABS(R7) -> 0.004191146 | V7: =ABS(S7) -> 0.017598344
A8: ='Proximal Validation'!A8 -> 0.4 | B8: ='Proximal Validation'!B8 -> 0.16 | C8: ='Proximal Validation'!C8 -> 1.5707963 | D8: ='Proximal Validation'!D8 -> 0 | E8: ='Proximal Validation'!E8 -> 0 | F8: ='Proximal Validation'!F8 -> 0 | G8: ='Proximal Validation'!G8 -> -0.0013016209 | H8: ='Proximal Validation'!H8 -> -0.09177132 | ... L8: ='Proximal Validation'!L8 -> 0.31649771 | M8: 0.34959329 | N8: 0.15969012 | O8: 1.545772 | P8: 0.00054004468 | Q8: =M8-A8 -> -0.050406712 | R8: =N8-B8 -> -0.00030988069 | S8: =O8-C8 -> -0.025024305 | T8: =ABS(Q8) -> 0.050406712 | U8: =ABS(R8) -> 0.00030988069 | V8: =ABS(S8) -> 0.025024305
A9: ='Proximal Validation'!A9 -> 0.6 | B9: ='Proximal Validation'!B9 -> 0.16 | C9: ='Proximal Validation'!C9 -> 1.5707963 | D9: ='Proximal Validation'!D9 -> 0 | E9: ='Proximal Validation'!E9 -> 0 | F9: ='Proximal Validation'!F9 -> 0 | G9: ='Proximal Validation'!G9 -> -0.0021819151 | H9: ='Proximal Validation'!H9 -> -0.13427521 | ... L9: ='Proximal Validation'!L9 -> 0.39143002 | M9: 0.71265373 | N9: 0.13362845 | O9: 1.5644185 | P9: 0.00031582003 | Q9: =M9-A9 -> 0.11265373 | R9: =N9-B9 -> -0.026371547 | S9: =O9-C9 -> -0.0063778626 | T9: =ABS(Q9) -> 0.11265373 | U9: =ABS(R9) -> 0.026371547 | V9: =ABS(S9) -> 0.0063778626
A10: ='Proximal Validation'!A10 -> 0.8 | B10: ='Proximal Validation'!B10 -> 0.18 | C10: ='Proximal Validation'!C10 -> 1.5707963 | D10: ='Proximal Validation'!D10 -> 0 | E10: ='Proximal Validation'!E10 -> 0 | F10: ='Proximal Validation'!F10 -> 0 | G10: ='Proximal Validation'!G10 -> -0.0010585423 | H10: ='Proximal Validation'!H10 -> -0.13548036 | ... L10: ='Proximal Validation'!L10 -> 0.1316857 | M10: 0.80383407 | N10: 0.14965332 | O10: 1.6227512 | P10: 0.00033327362 | Q10: =M10-A10 -> 0.0038340683 | R10: =N10-B10 -> -0.030346677 | S10: =O10-C10 -> 0.051954841 | T10: =ABS(Q10) -> 0.0038340683 | U10: =ABS(R10) -> 0.030346677 | V10: =ABS(S10) -> 0.051954841
A11: ='Proximal Validation'!A11 -> 0.3 | B11: ='Proximal Validation'!B11 -> 0.2 | C11: ='Proximal Validation'!C11 -> 1.5707963 | D11: ='Proximal Validation'!D11 -> 0 | E11: ='Proximal Validation'!E11 -> 0 | F11: ='Proximal Validation'!F11 -> 0 | G11: ='Proximal Validation'!G11 -> -0.00088630803 | H11: ='Proximal Validation'!H11 -> -0.067533724 | ... L11: ='Proximal Validation'!L11 -> 0.18086977 | M11: 0.28964087 | N11: 0.2 | O11: 1.5720494 | P11: 0.00080054399 | Q11: =M11-A11 -> -0.010359126 | R11: =N11-B11 -> -1.1518564e-13 | S11: =O11-C11 -> 0.0012531056 | T11: =ABS(Q11) -> 0.010359126 | U11: =ABS(R11) -> 1.1518564e-13 | V11: =ABS(S11) -> 0.0012531056
A12: ='Proximal Validation'!A12 -> 0.7 | B12: ='Proximal Validation'!B12 -> 0.2 | C12: ='Proximal Validation'!C12 -> 1.5707963 | D12: ='Proximal Validation'!D12 -> 0 | E12: ='Proximal Validation'!E12 -> 0 | F12: ='Proximal Validation'!F12 -> 0 | G12: ='Proximal Validation'!G12 -> -0.0027598871 | H12: ='Proximal Validation'!H12 -> -0.12722152 | ... L12: ='Proximal Validation'!L12 -> 0.066542283 | M12: 0.84829055 | N12: 0.14271552 | O12: 1.6675647 | P12: 0.00047704038 | Q12: =M12-A12 -> 0.14829055 | R12: =N12-B12 -> -0.057284482 | S12: =O12-C12 -> 0.096768381 | T12: =ABS(Q12) -> 0.14829055 | U12: =ABS(R12) -> 0.057284482 | V12: =ABS(S12) -> 0.096768381
A14: Perturbation
A15: 0.5 | B15: 0 | C15: 0
A16: 0 | B16: 0.5 | C16: 0
A17: 0 | B17: 0 | C17: 0.5
C20: Trial # | D20: tau1 (N) | E20: tau2 (N) | F20: tau3 (N) | G20: Supporting Measurments w Perturbation
C21: 1 | D21: =D3 -> 0 | E21: =E3 -> 0 | F21: =F3 -> 0 | G21: =G3 -> -0.00028477586 | H21: =H3 -> -0.058327373 | I21: =I3 -> -0.0001506703 | J21: =J3 -> 0.0060134237 | K21: =K3 -> 0.0022609532 | L21: =L3 -> 0.37637502
C22: 1 | D22: =A15+D$21 -> 0.5 | E22: =B15+E$21 -> 0 | F22: =C15+F$21 -> 0 | G22: 0.00023011875 | H22: -0.053271987 | I22: -0.00020681828 | J22: 0.00989193 | K22: 0.00086640567 | L22: 0.34659576
C23: 1 | D23: =A16+D$21 -> 0 | E23: =B16+E$21 -> 0.5 | F23: =C16+F$21 -> 0 | G23: -0.00042876659 | H23: -0.052273326 | I23: -1.9059516e-05 | J23: 0.014312151 | K23: 0.0057477541 | L23: 0.34222141
C24: 1 | D24: =A17+D$21 -> 0 | E24: =B17+E$21 -> 0 | F24: =C17+F$21 -> 0.5 | G24: -0.00020206731 | H24: -0.063044883 | I24: -0.00014381617 | J24: 0.016669281 | K24: 0.0042362064 | L24: 0.41187611
C25: 2 | D25: 0 | E25: 0 | F25: 0 | G25: =G4 -> -0.001375952 | H25: =H4 -> -0.12723181 | I25: =I4 -> -0.0015217981 | J25: =J4 -> -0.08266665 | K25: =K4 -> -0.004741177 | L25: =L4 -> 0.8163234
C26: 2 | D26: 0.5 | E26: 0 | F26: 0 | G26: -0.00064265868 | H26: -0.12265829 | I26: -0.0017822726 | J26: -0.077889577 | K26: -0.0083601624 | L26: 0.7912792
C27: 2 | D27: 0 | E27: 0.5 | F27: 0 | G27: -0.0020508959 | H27: -0.12170491 | I27: -0.0010077952 | J27: -0.072200365 | K27: 0.00047361106 | L27: 0.78733724
C28: 2 | D28: 0 | E28: 0 | F28: 0.5 | G28: -0.0015927674 | H28: -0.13021459 | I28: -0.0014390036 | J28: -0.081000239 | K28: -0.0031956732 | L28: 0.84179682
C29: 3 | D29: 0 | E29: 0 | F29: 0 | G29: =G5 -> -0.00028428674 | H29: =H5 -> -0.043962169 | I29: =I5 -> -0.00019410931 | J29: =J5 -> -0.014232989 | K29: =K5 -> 0.00080315024 | L29: =L5 -> 0.24872187
C30: 3 | D30: 0.5 | E30: 0 | F30: 0 | G30: 0.00014990487 | H30: -0.037795465 | I30: -0.00027046184 | J30: -0.0091095464 | K30: -0.0013357587 | L30: 0.21453136
C31: 3 | D31: 0 | E31: 0.5 | F31: 0 | G31: -0.00053684256 | H31: -0.036707275 | I31: 1.2792007e-06 | J31: -0.0061279573 | K31: 0.002995003 | L31: 0.20982361
C32: 3 | D32: 0 | E32: 0 | F32: 0.5 | G32: -0.00033422245 | H32: -0.051604051 | I32: -0.00016764805 | J32: -0.015388811 | K32: 0.0017663017 | L32: 0.2945576
C33: 4 | D33: 0 | E33: 0 | F33: 0 | G33: =G6 -> -0.00090206554 | H33: =H6 -> -0.095010705 | I33: =I6 -> -0.00031485432 | J33: =J6 -> -0.14170778 | K33: =K6 -> 0.0032724366 | L33: =L6 -> 0.46851912
C34: 4 | D34: 0.5 | E34: 0 | F34: 0 | G34: 0.00024599349 | H34: -0.090344101 | I34: -0.00099040195 | J34: -0.13324884 | K34: -0.002883181 | L34: 0.44684243
C35: 4 | D35: 0 | E35: 0.5 | F35: 0 | G35: -0.0018506368 | H35: -0.088594556 | I35: 0.00041975238 | J35: -0.12672122 | K35: 0.0093478858 | L35: 0.4398866
C36: 4 | D36: 0 | E36: 0 | F36: 0.5 | G36: -0.0011307185 | H36: -0.10034258 | I36: -0.0001616184 | J36: -0.14653116 | K36: 0.0049810112 | L36: 0.49788347
C37: 5 | D37: 0 | E37: 0 | F37: 0 | G37: =G7 -> -0.0013697715 | H37: =H7 -> -0.12989934 | I37: =I7 -> -0.0011154995 | J37: =J7 -> -0.27736902 | K37: =K7 -> 0.002998434 | L37: =L7 -> 0.62586665
C38: 5 | D38: 0.5 | E38: 0 | F38: 0 | G38: 0.00032646046 | H38: -0.1240313 | I38: -0.0020632716 | J38: -0.26052999 | K38: -0.0062308013 | L38: 0.59941602
C39: 5 | D39: 0 | E39: 0.5 | F39: 0 | G39: -0.0027219807 | H39: -0.12263767 | I39: -0.00013472384 | J39: -0.25649419 | K39: 0.011550099 | L39: 0.59437549
C40: 5 | D40: 0 | E40: 0 | F40: 0.5 | G40: -0.0016475921 | H40: -0.13209011 | I40: -0.0009523828 | J40: -0.27622804 | K40: 0.0053521544 | L40: 0.63961709
C41: 6 | D41: 0 | E41: 0 | F41: 0 | G41: =G8 -> -0.0013016209 | H41: =H8 -> -0.09177132 | I41: =I8 -> -0.00068558258 | J41: =J8 -> -0.18813878 | K41: =K8 -> 0.0035599116 | L41: =L8 -> 0.31649771
C42: 6 | D42: 0.5 | E42: 0 | F42: 0 | G42: 0.00096381898 | H42: -0.085903972 | I42: -0.0025404219 | J42: -0.17557143 | K42: -0.0083203129 | L42: 0.29679263
C43: 6 | D43: 0 | E43: 0.5 | F43: 0 | G43: -0.0031982432 | H43: -0.085218042 | I43: 0.001140643 | J43: -0.17052031 | K43: 0.014079059 | L43: 0.29610446
C44: 6 | D44: 0 | E44: 0 | F44: 0.5 | G44: -0.0017902636 | H44: -0.096448004 | I44: -0.00032140285 | J44: -0.19694747 | K44: 0.006031421 | L44: 0.3346557
C45: 7 | D45: 0 | E45: 0 | F45: 0 | G45: =G9 -> -0.0021819151 | H45: =H9 -> -0.13427521 | I45: =I9 -> -0.00028121364 | J45: =J9 -> -0.47822568 | K45: =K9 -> 0.01204087 | L45: =L9 -> 0.39143002
C46: 7 | D46: 0.5 | E46: 0 | F46: 0 | G46: 0.0012836674 | H46: -0.12877797 | I46: -0.002512529 | J46: -0.45400995 | K46: -0.0072321929 | L46: 0.37721437
C47: 7 | D47: 0 | E47: 0.5 | F47: 0 | G47: -0.0054718861 | H47: -0.1272857 | I47: 0.0021093844 | J47: -0.44874367 | K47: 0.03195196 | L47: 0.37463659
C48: 7 | D48: 0 | E48: 0 | F48: 0.5 | G48: -0.0035660644 | H48: -0.13650599 | I48: 0.00068410329 | J48: -0.48008558 | K48: 0.02164693 | L48: 0.3994419
C49: 8 | D49: 0 | E49: 0 | F49: 0 | G49: =G10 -> -0.0010585423 | H49: =H10 -> -0.13548036 | I49: =I10 -> -0.0012497484 | J49: =J10 -> -0.72550738 | K49: =K10 -> 0.029684354 | L49: =L10 -> 0.1316857
C50: 8 | D50: 0.5 | E50: 0 | F50: 0 | G50: 0.0034768961 | H50: -0.12835875 | I50: -0.0037371893 | J50: -0.68468732 | K50: 0.0013471884 | L50: 0.12470359
C51: 8 | D51: 0 | E51: 0.5 | F51: 0 | G51: -0.0047603473 | H51: -0.12630911 | I51: 0.0010382459 | J51: -0.67384464 | K51: 0.050411098 | L51: 0.12262239
C52: 8 | D52: 0 | E52: 0 | F52: 0.5 | G52: -0.0028795241 | H52: -0.1319195 | I52: -0.00017411832 | J52: -0.7065748 | K52: 0.039400198 | L52: 0.12372924
C53: 9 | D53: 0 | E53: 0 | F53: 0 | G53: =G11 -> -0.00088630803 | H53: =H11 -> -0.067533724 | I53: =I11 -> -0.00047554963 | J53: =J11 -> -0.16650236 | K53: =K11 -> 0.002737375 | L53: =L11 -> 0.18086977
C54: 9 | D54: 0.5 | E54: 0 | F54: 0 | G54: 0.00092477654 | H54: -0.062701836 | I54: -0.0021035927 | J54: -0.15299556 | K54: -0.0071542356 | L54: 0.16794395
C55: 9 | D55: 0 | E55: 0.5 | F55: 0 | G55: -0.0025075856 | H55: -0.061950248 | I55: 0.0012004109 | J55: -0.15164965 | K55: 0.010659743 | L55: 0.16722566
C56: 9 | D56: 0 | E56: 0 | F56: 0.5 | G56: -0.0013516106 | H56: -0.072512239 | I56: -9.7901422e-05 | J56: -0.17993176 | K56: 0.004820154 | L56: 0.19574349
C57: 10 | D57: 0 | E57: 0 | F57: 0 | G57: =G12 -> -0.0027598871 | H57: =H12 -> -0.12722152 | I57: =I12 -> -0.00088058261 | J57: =J12 -> -0.6718719 | K57: =K12 -> 0.017920591 | L57: =L12 -> 0.066542283
C58: 10 | D58: 0.5 | E58: 0 | F58: 0 | G58: 0.0019532591 | H58: -0.12139825 | I58: -0.0039110822 | J58: -0.6381498 | K58: -0.0082101487 | L58: 0.065069713
C59: 10 | D59: 0 | E59: 0.5 | F59: 0 | G59: -0.0071243802 | H59: -0.11870384 | I59: 0.0023287549 | J59: -0.62453347 | K59: 0.042728335 | L59: 0.060788006
C60: 10 | D60: 0 | E60: 0 | F60: 0.5 | G60: -0.0045787622 | H60: -0.12431109 | I60: 0.00047403655 | J60: -0.65914351 | K60: 0.028539293 | L60: 0.058112755

Sheet Distal Vali (1N perturb)
A1: 3 Perturbations | AA1: 3 Perturbations (relative only)
A2: Ground Truth | G2: 6-Axis FT Sensor | M2: SoRoSim get_distal_value | Q2: Distal Errors | T2: ABS Distal Errors | AA2: Ground Truth | AG2: 6-Axis FT Sensor | AM2: SoRoSim get_distal_value | AQ2: Distal Errors | AT2: ABS Distal Errors
A3: F (N) | B3: s (m) | C3: theta (rad) | D3: tau1 (N) | E3: tau2 (N) | F3: tau3 (N) | G3: Tx (Nm) | H3: Ty (Nm) | I3: Tz(Nm) | J3: Fx (N) | K3: Fy (N) | L3: Fz (N) | M3: F (N) | N3: s (m) | O3: theta (rad) | P3: f_final | Q3: F (N) | R3: s (m) | S3: theta (rad) | T3: F (N) | U3: s (m) | V3: theta (rad) | W3: Absolute Mean Error | AA3: F (N) | AB3: s (m) | AC3: theta (rad) | AD3: tau1 (N) | AE3: tau2 (N) | AF3: tau3 (N) | AG3: Tx (Nm) | AH3: Ty (Nm) | AI3: Tz(Nm) | AJ3: Fx (N) | AK3: Fy (N) | AL3: Fz (N) | AM3: F (N) | AN3: s (m) | AO3: theta (rad) | AP3: f_final | AQ3: F (N) | AR3: s (m) | AS3: theta (rad) | AT3: F (N) | AU3: s (m) | AV3: theta (rad) | AW3: Absolute Mean Error
A4: ='Proximal Validation'!A3 -> 0.4 | B4: ='Proximal Validation'!B3 -> 0.06 | C4: ='Proximal Validation'!C3 -> 1.5707963 | D4: ='Proximal Validation'!D3 -> 0 | E4: ='Proximal Validation'!E3 -> 0 | F4: ='Proximal Validation'!F3 -> 0 | G4: ='Proximal Validation'!G3 -> -0.00028477586 | H4: ='Proximal Validation'!H3 -> -0.058327373 | ... L4: ='Proximal Validation'!L3 -> 0.37637502 | M4: 0.44724257 | N4: 0.071236218 | O4: 1.5725247 | P4: 0.00018044118 | Q4: =M4-A4 -> 0.047242569 | R4: =N4-B4 -> 0.011236218 | S4: =O4-C4 -> 0.0017283989 | T4: =ABS(Q4) -> 0.047242569 | U4: =ABS(R4) -> 0.011236218 | V4: =ABS(S4) -> 0.0017283989 | W4: F1 (N) | X4: s1 (m) | Y4: el1 (rad) | AA4: ='Proximal Validation'!A3 -> 0.4 | AB4: ='Proximal Validation'!B3 -> 0.06 | AC4: ='Proximal Validation'!C3 -> 1.5707963 | AD4: ='Proximal Validation'!D3 -> 0 | AE4: ='Proximal Validation'!E3 -> 0 | AF4: ='Proximal Validation'!F3 -> 0 | AG4: ='Proximal Validation'!G3 -> -0.00028477586 | AH4: ='Proximal Validation'!H3 -> -0.058327373 | ... AL4: ='Proximal Validation'!L3 -> 0.37637502 | AM4: 0.93080923 | AN4: 0.074280472 | AO4: 1.5698072 | AP4: 0.00011507858 | AQ4: =AM4-AA4 -> 0.53080923 | AR4: =AN4-AB4 -> 0.014280472 | AS4: =AO4-AC4 -> -0.00098910523 | AT4: =ABS(AQ4) -> 0.53080923 | AU4: =ABS(AR4) -> 0.014280472 | AV4: =ABS(AS4) -> 0.00098910523 | AW4: F1 (N) | AX4: s1 (m) | AY4: el1 (rad)
A5: ='Proximal Validation'!A4 -> 0.8 | B5: ='Proximal Validation'!B4 -> 0.06 | C5: ='Proximal Validation'!C4 -> 1.5707963 | D5: ='Proximal Validation'!D4 -> 0 | E5: ='Proximal Validation'!E4 -> 0 | F5: ='Proximal Validation'!F4 -> 0 | G5: ='Proximal Validation'!G4 -> -0.001375952 | H5: ='Proximal Validation'!H4 -> -0.12723181 | ... L5: ='Proximal Validation'!L4 -> 0.8163234 | M5: 0.72482627 | N5: 0.074627259 | O5: 1.5958562 | P5: 0.00019585031 | Q5: =M5-A5 -> -0.075173726 | R5: =N5-B5 -> 0.014627259 | S5: =O5-C5 -> 0.025059852 | T5: =ABS(Q5) -> 0.075173726 | U5: =ABS(R5) -> 0.014627259 | V5: =ABS(S5) -> 0.025059852 | W5: {=AVERAGE(ABS(Q4:Q13))} -> 0.038162384 | X5: {=AVERAGE(ABS(R4:R13))} -> 0.013003253 | Y5: {=AVERAGE(ABS(S4:S13))} -> 0.016045352 | AA5: ='Proximal Validation'!A4 -> 0.8 | AB5: ='Proximal Validation'!B4 -> 0.06 | AC5: ='Proximal Validation'!C4 -> 1.5707963 | AD5: ='Proximal Validation'!D4 -> 0 | AE5: ='Proximal Validation'!E4 -> 0 | AF5: ='Proximal Validation'!F4 -> 0 | AG5: ='Proximal Validation'!G4 -> -0.001375952 | AH5: ='Proximal Validation'!H4 -> -0.12723181 | ... AL5: ='Proximal Validation'!L4 -> 0.8163234 | AM5: 0.91833498 | AN5: 0.080400599 | AO5: 1.5960797 | AP5: 0.00023695019 | AQ5: =AM5-AA5 -> 0.11833498 | AR5: =AN5-AB5 -> 0.020400599 | AS5: =AO5-AC5 -> 0.02528342 | AT5: =ABS(AQ5) -> 0.11833498 | AU5: =ABS(AR5) -> 0.020400599 | AV5: =ABS(AS5) -> 0.02528342 | AW5: {=AVERAGE(ABS(AQ4:AQ13))} -> 0.18453176 | AX5: {=AVERAGE(ABS(AR4:AR13))} -> 0.013022283 | AY5: {=AVERAGE(ABS(AS4:AS13))} -> 0.015310298
A6: ='Proximal Validation'!A5 -> 0.3 | B6: ='Proximal Validation'!B5 -> 0.08 | C6: ='Proximal Validation'!C5 -> 1.5707963 | D6: ='Proximal Validation'!D5 -> 0 | E6: ='Proximal Validation'!E5 -> 0 | F6: ='Proximal Validation'!F5 -> 0 | G6: ='Proximal Validation'!G5 -> -0.00028428674 | H6: ='Proximal Validation'!H5 -> -0.043962169 | ... L6: ='Proximal Validation'!L5 -> 0.24872187 | M6: 0.30067881 | N6: 0.088419965 | O6: 1.5781921 | P6: 3.1521522e-05 | Q6: =M6-A6 -> 0.00067881278 | R6: =N6-B6 -> 0.0084199653 | S6: =O6-C6 -> 0.0073957678 | T6: =ABS(Q6) -> 0.00067881278 | U6: =ABS(R6) -> 0.0084199653 | V6: =ABS(S6) -> 0.0073957678 | AA6: ='Proximal Validation'!A5 -> 0.3 | AB6: ='Proximal Validation'!B5 -> 0.08 | AC6: ='Proximal Validation'!C5 -> 1.5707963 | AD6: ='Proximal Validation'!D5 -> 0 | AE6: ='Proximal Validation'!E5 -> 0 | AF6: ='Proximal Validation'!F5 -> 0 | AG6: ='Proximal Validation'!G5 -> -0.00028428674 | AH6: ='Proximal Validation'!H5 -> -0.043962169 | ... AL6: ='Proximal Validation'!L5 -> 0.24872187 | AM6: 0.49728631 | AN6: 0.087942568 | AO6: 1.578111 | AP6: 1.0945855e-05 | AQ6: =AM6-AA6 -> 0.19728631 | AR6: =AN6-AB6 -> 0.0079425682 | AS6: =AO6-AC6 -> 0.0073147047 | AT6: =ABS(AQ6) -> 0.19728631 | AU6: =ABS(AR6) -> 0.0079425682 | AV6: =ABS(AS6) -> 0.0073147047
A7: ='Proximal Validation'!A6 -> 0.5 | B7: ='Proximal Validation'!B6 -> 0.1 | C7: ='Proximal Validation'!C6 -> 1.5707963 | D7: ='Proximal Validation'!D6 -> 0 | E7: ='Proximal Validation'!E6 -> 0 | F7: ='Proximal Validation'!F6 -> 0 | G7: ='Proximal Validation'!G6 -> -0.00090206554 | H7: ='Proximal Validation'!H6 -> -0.095010705 | ... L7: ='Proximal Validation'!L6 -> 0.46851912 | M7: 0.50010643 | N7: 0.11069488 | O7: 1.5808506 | P7: 8.7772175e-05 | Q7: =M7-A7 -> 0.00010643412 | R7: =N7-B7 -> 0.010694878 | S7: =O7-C7 -> 0.010054299 | T7: =ABS(Q7) -> 0.00010643412 | U7: =ABS(R7) -> 0.010694878 | V7: =ABS(S7) -> 0.010054299 | AA7: ='Proximal Validation'!A6 -> 0.5 | AB7: ='Proximal Validation'!B6 -> 0.1 | AC7: ='Proximal Validation'!C6 -> 1.5707963 | AD7: ='Proximal Validation'!D6 -> 0 | AE7: ='Proximal Validation'!E6 -> 0 | AF7: ='Proximal Validation'!F6 -> 0 | AG7: ='Proximal Validation'!G6 -> -0.00090206554 | AH7: ='Proximal Validation'!H6 -> -0.095010705 | ... AL7: ='Proximal Validation'!L6 -> 0.46851912 | AM7: 0.72760623 | AN7: 0.11093945 | AO7: 1.5798657 | AP7: 0.00010518136 | AQ7: =AM7-AA7 -> 0.22760623 | AR7: =AN7-AB7 -> 0.010939449 | AS7: =AO7-AC7 -> 0.009069387 | AT7: =ABS(AQ7) -> 0.22760623 | AU7: =ABS(AR7) -> 0.010939449 | AV7: =ABS(AS7) -> 0.009069387
A8: ='Proximal Validation'!A7 -> 0.7 | B8: ='Proximal Validation'!B7 -> 0.1 | C8: ='Proximal Validation'!C7 -> 1.5707963 | D8: ='Proximal Validation'!D7 -> 0 | E8: ='Proximal Validation'!E7 -> 0 | F8: ='Proximal Validation'!F7 -> 0 | G8: ='Proximal Validation'!G7 -> -0.0013697715 | H8: ='Proximal Validation'!H7 -> -0.12989934 | ... L8: ='Proximal Validation'!L7 -> 0.62586665 | M8: 0.69555108 | N8: 0.10817762 | O8: 1.5877814 | P8: 5.8431032e-05 | Q8: =M8-A8 -> -0.0044489168 | R8: =N8-B8 -> 0.0081776161 | S8: =O8-C8 -> 0.016985077 | T8: =ABS(Q8) -> 0.0044489168 | U8: =ABS(R8) -> 0.0081776161 | V8: =ABS(S8) -> 0.016985077 | AA8: ='Proximal Validation'!A7 -> 0.7 | AB8: ='Proximal Validation'!B7 -> 0.1 | AC8: ='Proximal Validation'!C7 -> 1.5707963 | AD8: ='Proximal Validation'!D7 -> 0 | AE8: ='Proximal Validation'!E7 -> 0 | AF8: ='Proximal Validation'!F7 -> 0 | AG8: ='Proximal Validation'!G7 -> -0.0013697715 | AH8: ='Proximal Validation'!H7 -> -0.12989934 | ... AL8: ='Proximal Validation'!L7 -> 0.62586665 | AM8: 0.89351581 | AN8: 0.1086271 | AO8: 1.5864782 | AP8: 9.8187916e-05 | AQ8: =AM8-AA8 -> 0.19351581 | AR8: =AN8-AB8 -> 0.008627101 | AS8: =AO8-AC8 -> 0.015681894 | AT8: =ABS(AQ8) -> 0.19351581 | AU8: =ABS(AR8) -> 0.008627101 | AV8: =ABS(AS8) -> 0.015681894
A9: ='Proximal Validation'!A8 -> 0.4 | B9: ='Proximal Validation'!B8 -> 0.16 | C9: ='Proximal Validation'!C8 -> 1.5707963 | D9: ='Proximal Validation'!D8 -> 0 | E9: ='Proximal Validation'!E8 -> 0 | F9: ='Proximal Validation'!F8 -> 0 | G9: ='Proximal Validation'!G8 -> -0.0013016209 | H9: ='Proximal Validation'!H8 -> -0.09177132 | ... L9: ='Proximal Validation'!L8 -> 0.31649771 | M9: 0.37708508 | N9: 0.16990424 | O9: 1.5783104 | P9: 0.00029633396 | Q9: =M9-A9 -> -0.022914918 | R9: =N9-B9 -> 0.0099042384 | S9: =O9-C9 -> 0.0075140707 | T9: =ABS(Q9) -> 0.022914918 | U9: =ABS(R9) -> 0.0099042384 | V9: =ABS(S9) -> 0.0075140707 | AA9: ='Proximal Validation'!A8 -> 0.4 | AB9: ='Proximal Validation'!B8 -> 0.16 | AC9: ='Proximal Validation'!C8 -> 1.5707963 | AD9: ='Proximal Validation'!D8 -> 0 | AE9: ='Proximal Validation'!E8 -> 0 | AF9: ='Proximal Validation'!F8 -> 0 | AG9: ='Proximal Validation'!G8 -> -0.0013016209 | AH9: ='Proximal Validation'!H8 -> -0.09177132 | ... AL9: ='Proximal Validation'!L8 -> 0.31649771 | AM9: 0.32723128 | AN9: 0.16889019 | AO9: 1.5727231 | AP9: 0.00042686043 | AQ9: =AM9-AA9 -> -0.072768719 | AR9: =AN9-AB9 -> 0.0088901918 | AS9: =AO9-AC9 -> 0.0019267942 | AT9: =ABS(AQ9) -> 0.072768719 | AU9: =ABS(AR9) -> 0.0088901918 | AV9: =ABS(AS9) -> 0.0019267942
A10: ='Proximal Validation'!A9 -> 0.6 | B10: ='Proximal Validation'!B9 -> 0.16 | C10: ='Proximal Validation'!C9 -> 1.5707963 | D10: ='Proximal Validation'!D9 -> 0 | E10: ='Proximal Validation'!E9 -> 0 | F10: ='Proximal Validation'!F9 -> 0 | G10: ='Proximal Validation'!G9 -> -0.0021819151 | H10: ='Proximal Validation'!H9 -> -0.13427521 | ... L10: ='Proximal Validation'!L9 -> 0.39143002 | M10: 0.66507098 | N10: 0.15884717 | O10: 1.5774824 | P10: 7.8056946e-05 | Q10: =M10-A10 -> 0.065070985 | R10: =N10-B10 -> -0.0011528268 | S10: =O10-C10 -> 0.0066860675 | T10: =ABS(Q10) -> 0.065070985 | U10: =ABS(R10) -> 0.0011528268 | V10: =ABS(S10) -> 0.0066860675 | AA10: ='Proximal Validation'!A9 -> 0.6 | AB10: ='Proximal Validation'!B9 -> 0.16 | AC10: ='Proximal Validation'!C9 -> 1.5707963 | AD10: ='Proximal Validation'!D9 -> 0 | AE10: ='Proximal Validation'!E9 -> 0 | AF10: ='Proximal Validation'!F9 -> 0 | AG10: ='Proximal Validation'!G9 -> -0.0021819151 | AH10: ='Proximal Validation'!H9 -> -0.13427521 | ... AL10: ='Proximal Validation'!L9 -> 0.39143002 | AM10: 0.57262647 | AN10: 0.15712241 | AO10: 1.5745723 | AP10: 0.00030106499 | AQ10: =AM10-AA10 -> -0.027373527 | AR10: =AN10-AB10 -> -0.002877589 | AS10: =AO10-AC10 -> 0.0037759325 | AT10: =ABS(AQ10) -> 0.027373527 | AU10: =ABS(AR10) -> 0.002877589 | AV10: =ABS(AS10) -> 0.0037759325
A11: ='Proximal Validation'!A10 -> 0.8 | B11: ='Proximal Validation'!B10 -> 0.18 | C11: ='Proximal Validation'!C10 -> 1.5707963 | D11: ='Proximal Validation'!D10 -> 0 | E11: ='Proximal Validation'!E10 -> 0 | F11: ='Proximal Validation'!F10 -> 0 | G11: ='Proximal Validation'!G10 -> -0.0010585423 | H11: ='Proximal Validation'!H10 -> -0.13548036 | ... L11: ='Proximal Validation'!L10 -> 0.1316857 | M11: 0.66551651 | N11: 0.2 | O11: 1.5825969 | P11: 0.0011596895 | Q11: =M11-A11 -> -0.13448349 | R11: =N11-B11 -> 0.02 | S11: =O11-C11 -> 0.01180058 | T11: =ABS(Q11) -> 0.13448349 | U11: =ABS(R11) -> 0.02 | V11: =ABS(S11) -> 0.01180058 | AA11: ='Proximal Validation'!A10 -> 0.8 | AB11: ='Proximal Validation'!B10 -> 0.18 | AC11: ='Proximal Validation'!C10 -> 1.5707963 | AD11: ='Proximal Validation'!D10 -> 0 | AE11: ='Proximal Validation'!E10 -> 0 | AF11: ='Proximal Validation'!F10 -> 0 | AG11: ='Proximal Validation'!G10 -> -0.0010585423 | AH11: ='Proximal Validation'!H10 -> -0.13548036 | ... AL11: ='Proximal Validation'!L10 -> 0.1316857 | AM11: 0.61376622 | AN11: 0.2 | AO11: 1.5863923 | AP11: 0.0012011069 | AQ11: =AM11-AA11 -> -0.18623378 | AR11: =AN11-AB11 -> 0.02 | AS11: =AO11-AC11 -> 0.015595982 | AT11: =ABS(AQ11) -> 0.18623378 | AU11: =ABS(AR11) -> 0.02 | AV11: =ABS(AS11) -> 0.015595982
A12: ='Proximal Validation'!A11 -> 0.3 | B12: ='Proximal Validation'!B11 -> 0.2 | C12: ='Proximal Validation'!C11 -> 1.5707963 | D12: ='Proximal Validation'!D11 -> 0 | E12: ='Proximal Validation'!E11 -> 0 | F12: ='Proximal Validation'!F11 -> 0 | G12: ='Proximal Validation'!G11 -> -0.00088630803 | H12: ='Proximal Validation'!H11 -> -0.067533724 | ... L12: ='Proximal Validation'!L11 -> 0.18086977 | M12: 0.30864666 | N12: 0.2 | O12: 1.5887844 | P12: 0.00056320515 | Q12: =M12-A12 -> 0.0086466568 | R12: =N12-B12 -> -5.9696428e-10 | S12: =O12-C12 -> 0.017988047 | T12: =ABS(Q12) -> 0.0086466568 | U12: =ABS(R12) -> 5.9696428e-10 | V12: =ABS(S12) -> 0.017988047 | AA12: ='Proximal Validation'!A11 -> 0.3 | AB12: ='Proximal Validation'!B11 -> 0.2 | AC12: ='Proximal Validation'!C11 -> 1.5707963 | AD12: ='Proximal Validation'!D11 -> 0 | AE12: ='Proximal Validation'!E11 -> 0 | AF12: ='Proximal Validation'!F11 -> 0 | AG12: ='Proximal Validation'!G11 -> -0.00088630803 | AH12: ='Proximal Validation'!H11 -> -0.067533724 | ... AL12: ='Proximal Validation'!L11 -> 0.18086977 | AM12: 0.2930873 | AN12: 0.19681113 | AO12: 1.5860176 | AP12: 0.00078804649 | AQ12: =AM12-AA12 -> -0.0069126974 | AR12: =AN12-AB12 -> -0.0031888704 | AS12: =AO12-AC12 -> 0.015221291 | AT12: =ABS(AQ12) -> 0.0069126974 | AU12: =ABS(AR12) -> 0.0031888704 | AV12: =ABS(AS12) -> 0.015221291
A13: ='Proximal Validation'!A12 -> 0.7 | B13: ='Proximal Validation'!B12 -> 0.2 | C13: ='Proximal Validation'!C12 -> 1.5707963 | D13: ='Proximal Validation'!D12 -> 0 | E13: ='Proximal Validation'!E12 -> 0 | F13: ='Proximal Validation'!F12 -> 0 | G13: ='Proximal Validation'!G12 -> -0.0027598871 | H13: ='Proximal Validation'!H12 -> -0.12722152 | ... L13: ='Proximal Validation'!L12 -> 0.066542283 | M13: 0.72285733 | N13: 0.15418047 | O13: 1.6260377 | P13: 0.00051373894 | Q13: =M13-A13 -> 0.022857332 | R13: =N13-B13 -> -0.045819528 | S13: =O13-C13 -> 0.055241363 | T13: =ABS(Q13) -> 0.022857332 | U13: =ABS(R13) -> 0.045819528 | V13: =ABS(S13) -> 0.055241363 | AA13: ='Proximal Validation'!A12 -> 0.7 | AB13: ='Proximal Validation'!B12 -> 0.2 | AC13: ='Proximal Validation'!C12 -> 1.5707963 | AD13: ='Proximal Validation'!D12 -> 0 | AE13: ='Proximal Validation'!E12 -> 0 | AF13: ='Proximal Validation'!F12 -> 0 | AG13: ='Proximal Validation'!G12 -> -0.0027598871 | AH13: ='Proximal Validation'!H12 -> -0.12722152 | ... AL13: ='Proximal Validation'!L12 -> 0.066542283 | AM13: 0.41552372 | AN13: 0.16692401 | AO13: 1.6290408 | AP13: 0.0006350051 | AQ13: =AM13-AA13 -> -0.28447628 | AR13: =AN13-AB13 -> -0.033075987 | AS13: =AO13-AC13 -> 0.058244465 | AT13: =ABS(AQ13) -> 0.28447628 | AU13: =ABS(AR13) -> 0.033075987 | AV13: =ABS(AS13) -> 0.058244465
A15: Perturbation
A16: 1 | B16: 0 | C16: 0
A17: 0 | B17: 1 | C17: 0
A18: 0 | B18: 0 | C18: 1
C21: Trial # | D21: tau1 (N) | E21: tau2 (N) | F21: tau3 (N) | G21: Supporting Measurments w Perturbation
C22: 1 | D22: =D4 -> 0 | E22: =E4 -> 0 | F22: =F4 -> 0 | G22: =G4 -> -0.00028477586 | H22: =H4 -> -0.058327373 | I22: =I4 -> -0.0001506703 | J22: =J4 -> 0.0060134237 | K22: =K4 -> 0.0022609532 | L22: =L4 -> 0.37637502
C23: 1 | D23: 1 | E23: 0 | F23: 0 | G23: 0.0006742329 | H23: -0.046691336 | I23: -0.00019840943 | J23: 0.019254899 | K23: -2.2761524e-05 | L23: 0.30847231
C24: 1 | D24: 0 | E24: 1 | F24: 0 | G24: -0.00060618203 | H24: -0.045500007 | I24: 6.9612463e-05 | J24: 0.024782635 | K24: 0.0094752312 | L24: 0.30106655
C25: 1 | D25: 0 | E25: 0 | F25: 1 | G25: -0.00013268134 | H25: -0.070247285 | I25: -0.00013355067 | J25: 0.023433084 | K25: 0.0062583163 | L25: 0.46214235
C26: 2 | D26: 0 | E26: 0 | F26: 0 | G26: =G5 -> -0.001375952 | H26: =H5 -> -0.12723181 | I26: =I5 -> -0.0015217981 | J26: =J5 -> -0.08266665 | K26: =K5 -> -0.004741177 | L26: =L5 -> 0.8163234
C27: 2 | D27: 1 | E27: 0 | F27: 0 | G27: -0.00017096614 | H27: -0.1171831 | I27: -0.0018990501 | J27: -0.066881448 | K27: -0.010641232 | L27: 0.76001531
C28: 2 | D28: 0 | E28: 1 | F28: 0 | G28: -0.0031106716 | H28: -0.11575355 | I28: -0.00038996659 | J28: -0.062772378 | K28: 0.006840378 | L28: 0.75269461
C29: 2 | D29: 0 | E29: 0 | F29: 1 | G29: -0.0019608403 | H29: -0.13725764 | I29: -0.0014088807 | J29: -0.079848483 | K29: -0.0018499047 | L29: 0.88854027
C30: 3 | D30: 0 | E30: 0 | F30: 0 | G30: =G6 -> -0.00028428674 | H30: =H6 -> -0.043962169 | I30: =I6 -> -0.00019410931 | J30: =J6 -> -0.014232989 | K30: =K6 -> 0.00080315024 | L30: =L6 -> 0.24872187
C31: 3 | D31: 1 | E31: 0 | F31: 0 | G31: 0.00046094938 | H31: -0.028747313 | I31: -0.0001744804 | J31: -0.0007492404 | K31: -0.001912374 | L31: 0.16522677
C32: 3 | D32: 0 | E32: 1 | F32: 0 | G32: -0.00076827023 | H32: -0.027165767 | I32: 2.1368774e-05 | J32: 0.0047830418 | K32: 0.0057868864 | L32: 0.15646727
C33: 3 | D33: 0 | E33: 0 | F33: 1 | G33: -0.00053039403 | H33: -0.061754897 | I33: -0.00013558881 | J33: -0.010850213 | K33: 0.0031783395 | L33: 0.35227984
C34: 4 | D34: 0 | E34: 0 | F34: 0 | G34: =G7 -> -0.00090206554 | H34: =H7 -> -0.095010705 | I34: =I7 -> -0.00031485432 | J34: =J7 -> -0.14170778 | K34: =K7 -> 0.0032724366 | L34: =L7 -> 0.46851912
C35: 4 | D35: 1 | E35: 0 | F35: 0 | G35: 0.0011199807 | H35: -0.082509451 | I35: -0.0014147388 | J35: -0.11533803 | K35: -0.0068659633 | L35: 0.41186845
C36: 4 | D36: 0 | E36: 1 | F36: 0 | G36: -0.0030216267 | H36: -0.081563368 | I36: 0.0012483229 | J36: -0.11234917 | K36: 0.01672242 | L36: 0.40724611
C37: 4 | D37: 0 | E37: 0 | F37: 1 | G37: -0.001327834 | H37: -0.10619107 | I37: -5.5953569e-05 | J37: -0.15105042 | K37: 0.0071365274 | L37: 0.5285213
C38: 5 | D38: 0 | E38: 0 | F38: 0 | G38: =G8 -> -0.0013697715 | H38: =H8 -> -0.12989934 | I38: =I8 -> -0.0011154995 | J38: =J8 -> -0.27736902 | K38: =K8 -> 0.002998434 | L38: =L8 -> 0.62586665
C39: 5 | D39: 1 | E39: 0 | F39: 0 | G39: 0.0010789594 | H39: -0.11674865 | I39: -0.002389512 | J39: -0.23966138 | K39: -0.0099661052 | L39: 0.56697065
C40: 5 | D40: 0 | E40: 1 | F40: 0 | G40: -0.0043625883 | H40: -0.11445073 | I40: 0.00099701353 | J40: -0.23323938 | K40: 0.021434955 | L40: 0.55733347
C41: 5 | D41: 0 | E41: 0 | F41: 1 | G41: -0.0021919934 | H41: -0.1420071 | I41: -0.00076931558 | J41: -0.29801038 | K41: 0.0080182031 | L41: 0.68905413
C42: 6 | D42: 0 | E42: 0 | F42: 0 | G42: =G9 -> -0.0013016209 | H42: =H9 -> -0.09177132 | I42: =I9 -> -0.00068558258 | J42: =J9 -> -0.18813878 | K42: =K9 -> 0.0035599116 | L42: =L9 -> 0.31649771
C43: 6 | D43: 1 | E43: 0 | F43: 0 | G43: 0.0021334765 | H43: -0.078673288 | I43: -0.0033856691 | J43: -0.15782742 | K43: -0.013936561 | L43: 0.2747671
C44: 6 | D44: 0 | E44: 1 | F44: 0 | G44: -0.0053475774 | H44: -0.077887043 | I44: 0.0031169474 | J44: -0.15005395 | K44: 0.026179489 | L44: 0.27242485
C45: 6 | D45: 0 | E45: 0 | F45: 1 | G45: -0.0024072819 | H45: -0.10561495 | I45: 5.1816482e-05 | J45: -0.2128104 | K45: 0.0097759189 | L45: 0.36723855
C46: 7 | D46: 0 | E46: 0 | F46: 0 | G46: =G10 -> -0.0021819151 | H46: =H10 -> -0.13427521 | I46: =I10 -> -0.00028121364 | J46: =J10 -> -0.47822568 | K46: =K10 -> 0.01204087 | L46: =L10 -> 0.39143002
C47: 7 | D47: 1 | E47: 0 | F47: 0 | G47: 0.0028106868 | H47: -0.12150717 | I47: -0.0033819505 | J47: -0.42114067 | K47: -0.014590077 | L47: 0.35988471
C48: 7 | D48: 0 | E48: 1 | F48: 0 | G48: -0.0084775444 | H48: -0.12061355 | I48: 0.0042216349 | J48: -0.41639054 | K48: 0.049453981 | L48: 0.35858697
C49: 7 | D49: 0 | E49: 0 | F49: 1 | G49: -0.0038649328 | H49: -0.14329924 | I49: 0.00081204216 | J49: -0.50669301 | K49: 0.023730565 | L49: 0.41881523
C50: 8 | D50: 0 | E50: 0 | F50: 0 | G50: =G11 -> -0.0010585423 | H50: =H11 -> -0.13548036 | I50: =I11 -> -0.0012497484 | J50: =J11 -> -0.72550738 | K50: =K11 -> 0.029684354 | L50: =L11 -> 0.1316857
C51: 8 | D51: 1 | E51: 0 | F51: 0 | G51: 0.0043551014 | H51: -0.12111333 | I51: -0.0040987683 | J51: -0.64230233 | K51: -0.0047432221 | L51: 0.1178631
C52: 8 | D52: 0 | E52: 1 | F52: 0 | G52: -0.0086691417 | H52: -0.11911778 | I52: 0.0034015933 | J52: -0.63163328 | K52: 0.072991878 | L52: 0.11650781
C53: 8 | D53: 0 | E53: 0 | F53: 1 | G53: -0.003551838 | H53: -0.13410494 | I53: 9.7808661e-05 | J53: -0.72411191 | K53: 0.043264478 | L53: 0.1175122
C54: 9 | D54: 0 | E54: 0 | F54: 0 | G54: =G12 -> -0.00088630803 | H54: =H12 -> -0.067533724 | I54: =I12 -> -0.00047554963 | J54: =J12 -> -0.16650236 | K54: =K12 -> 0.002737375 | L54: =L12 -> 0.18086977
C55: 9 | D55: 1 | E55: 0 | F55: 0 | G55: 0.0025487028 | H55: -0.055173796 | I55: -0.0034908522 | J55: -0.13011025 | K55: -0.015624847 | L55: 0.14968893
C56: 9 | D56: 0 | E56: 1 | F56: 0 | G56: -0.0047332942 | H56: -0.056048054 | I56: 0.003401303 | J56: -0.13074303 | K56: 0.022813741 | L56: 0.15238321
C57: 9 | D57: 0 | E57: 0 | F57: 1 | G57: -0.0017024042 | H57: -0.08094006 | I57: 1.9386454e-05 | J57: -0.19877099 | K57: 0.0063251033 | L57: 0.22032139
C58: 10 | D58: 0 | E58: 0 | F58: 0 | G58: =G13 -> -0.0027598871 | H58: =H13 -> -0.12722152 | I58: =I13 -> -0.00088058261 | J58: =J13 -> -0.6718719 | K58: =K13 -> 0.017920591 | L58: =L13 -> 0.066542283
C59: 10 | D59: 1 | E59: 0 | F59: 0 | G59: 0.0039539658 | H59: -0.11398639 | I59: -0.0050774128 | J59: -0.59424073 | K59: -0.020584011 | L59: 0.061202116
C60: 10 | D60: 0 | E60: 1 | F60: 0 | G60: -0.01152942 | H60: -0.11257924 | I60: 0.0054107048 | J60: -0.58909464 | K60: 0.067401126 | L60: 0.058719873
C61: 10 | D61: 0 | E61: 0 | F61: 1 | G61: -0.0046229525 | H61: -0.12288959 | I61: 0.00048266863 | J61: -0.65276098 | K61: 0.028584428 | L61: 0.054238036

Sheet Distal Vali (1.5N perturb)
A1: Ground Truth | G1: 6-Axis FT Sensor | M1: SoRoSim get_distal_value (3 perturbations) | Q1: Distal Errors | T1: ABS Distal Errors
A2: F (N) | B2: s (m) | C2: theta (rad) | D2: tau1 (N) | E2: tau2 (N) | F2: tau3 (N) | G2: Tx (Nm) | H2: Ty (Nm) | I2: Tz(Nm) | J2: Fx (N) | K2: Fy (N) | L2: Fz (N) | M2: F (N) | N2: s (m) | O2: theta (rad) | P2: f_final | Q2: F (N) | R2: s (m) | S2: theta (rad) | T2: F (N) | U2: s (m) | V2: theta (rad) | W2: Absolute Mean Error
A3: ='Proximal Validation'!A3 -> 0.4 | B3: ='Proximal Validation'!B3 -> 0.06 | C3: ='Proximal Validation'!C3 -> 1.5707963 | D3: ='Proximal Validation'!D3 -> 0 | E3: ='Proximal Validation'!E3 -> 0 | F3: ='Proximal Validation'!F3 -> 0 | G3: ='Proximal Validation'!G3 -> -0.00028477586 | H3: ='Proximal Validation'!H3 -> -0.058327373 | ... L3: ='Proximal Validation'!L3 -> 0.37637502 | Q3: =M3-A3 -> -0.4 | R3: =N3-B3 -> -0.06 | S3: =O3-C3 -> -1.5707963 | T3: =ABS(Q3) -> 0.4 | U3: =ABS(R3) -> 0.06 | V3: =ABS(S3) -> 1.5707963 | W3: F1 (N) | X3: s1 (m) | Y3: el1 (rad)
A4: ='Proximal Validation'!A4 -> 0.8 | B4: ='Proximal Validation'!B4 -> 0.06 | C4: ='Proximal Validation'!C4 -> 1.5707963 | D4: ='Proximal Validation'!D4 -> 0 | E4: ='Proximal Validation'!E4 -> 0 | F4: ='Proximal Validation'!F4 -> 0 | G4: ='Proximal Validation'!G4 -> -0.001375952 | H4: ='Proximal Validation'!H4 -> -0.12723181 | ... L4: ='Proximal Validation'!L4 -> 0.8163234 | Q4: =M4-A4 -> -0.8 | R4: =N4-B4 -> -0.06 | S4: =O4-C4 -> -1.5707963 | T4: =ABS(Q4) -> 0.8 | U4: =ABS(R4) -> 0.06 | V4: =ABS(S4) -> 1.5707963 | W4: {=AVERAGE(ABS(Q7:Q12))} -> 0.22261181 | X4: {=AVERAGE(ABS(R7:R12))} -> 0.049827157 | Y4: {=AVERAGE(ABS(S7:S12))} -> 0.018926136
A5: ='Proximal Validation'!A5 -> 0.3 | B5: ='Proximal Validation'!B5 -> 0.08 | C5: ='Proximal Validation'!C5 -> 1.5707963 | D5: ='Proximal Validation'!D5 -> 0 | E5: ='Proximal Validation'!E5 -> 0 | F5: ='Proximal Validation'!F5 -> 0 | G5: ='Proximal Validation'!G5 -> -0.00028428674 | H5: ='Proximal Validation'!H5 -> -0.043962169 | ... L5: ='Proximal Validation'!L5 -> 0.24872187 | Q5: =M5-A5 -> -0.3 | R5: =N5-B5 -> -0.08 | S5: =O5-C5 -> -1.5707963 | T5: =ABS(Q5) -> 0.3 | U5: =ABS(R5) -> 0.08 | V5: =ABS(S5) -> 1.5707963
A6: ='Proximal Validation'!A6 -> 0.5 | B6: ='Proximal Validation'!B6 -> 0.1 | C6: ='Proximal Validation'!C6 -> 1.5707963 | D6: ='Proximal Validation'!D6 -> 0 | E6: ='Proximal Validation'!E6 -> 0 | F6: ='Proximal Validation'!F6 -> 0 | G6: ='Proximal Validation'!G6 -> -0.00090206554 | H6: ='Proximal Validation'!H6 -> -0.095010705 | ... L6: ='Proximal Validation'!L6 -> 0.46851912 | Q6: =M6-A6 -> -0.5 | R6: =N6-B6 -> -0.1 | S6: =O6-C6 -> -1.5707963 | T6: =ABS(Q6) -> 0.5 | U6: =ABS(R6) -> 0.1 | V6: =ABS(S6) -> 1.5707963
A7: ='Proximal Validation'!A7 -> 0.7 | B7: ='Proximal Validation'!B7 -> 0.1 | C7: ='Proximal Validation'!C7 -> 1.5707963 | D7: ='Proximal Validation'!D7 -> 0 | E7: ='Proximal Validation'!E7 -> 0 | F7: ='Proximal Validation'!F7 -> 0 | G7: ='Proximal Validation'!G7 -> -0.0013697715 | H7: ='Proximal Validation'!H7 -> -0.12989934 | ... L7: ='Proximal Validation'!L7 -> 0.62586665 | M7: 0.7897685 | N7: 0.099547186 | O7: 1.5872342 | P7: 0.001645939 | Q7: =M7-A7 -> 0.089768504 | R7: =N7-B7 -> -0.00045281404 | S7: =O7-C7 -> 0.016437867 | T7: =ABS(Q7) -> 0.089768504 | U7: =ABS(R7) -> 0.00045281404 | V7: =ABS(S7) -> 0.016437867
A8: ='Proximal Validation'!A8 -> 0.4 | B8: ='Proximal Validation'!B8 -> 0.16 | C8: ='Proximal Validation'!C8 -> 1.5707963 | D8: ='Proximal Validation'!D8 -> 0 | E8: ='Proximal Validation'!E8 -> 0 | F8: ='Proximal Validation'!F8 -> 0 | G8: ='Proximal Validation'!G8 -> -0.0013016209 | H8: ='Proximal Validation'!H8 -> -0.09177132 | ... L8: ='Proximal Validation'!L8 -> 0.31649771 | M8: 0.78111143 | N8: 0.091808431 | O8: 1.5835867 | P8: 0.033037298 | Q8: =M8-A8 -> 0.38111143 | R8: =N8-B8 -> -0.068191569 | S8: =O8-C8 -> 0.012790337 | T8: =ABS(Q8) -> 0.38111143 | U8: =ABS(R8) -> 0.068191569 | V8: =ABS(S8) -> 0.012790337
A9: ='Proximal Validation'!A9 -> 0.6 | B9: ='Proximal Validation'!B9 -> 0.16 | C9: ='Proximal Validation'!C9 -> 1.5707963 | D9: ='Proximal Validation'!D9 -> 0 | E9: ='Proximal Validation'!E9 -> 0 | F9: ='Proximal Validation'!F9 -> 0 | G9: ='Proximal Validation'!G9 -> -0.0021819151 | H9: ='Proximal Validation'!H9 -> -0.13427521 | ... L9: ='Proximal Validation'!L9 -> 0.39143002 | M9: 0.83001903 | N9: 0.1253309 | O9: 1.5805608 | P9: 0.010687609 | Q9: =M9-A9 -> 0.23001903 | R9: =N9-B9 -> -0.034669104 | S9: =O9-C9 -> 0.0097644495 | T9: =ABS(Q9) -> 0.23001903 | U9: =ABS(R9) -> 0.034669104 | V9: =ABS(S9) -> 0.0097644495
A10: ='Proximal Validation'!A10 -> 0.8 | B10: ='Proximal Validation'!B10 -> 0.18 | C10: ='Proximal Validation'!C10 -> 1.5707963 | D10: ='Proximal Validation'!D10 -> 0 | E10: ='Proximal Validation'!E10 -> 0 | F10: ='Proximal Validation'!F10 -> 0 | G10: ='Proximal Validation'!G10 -> -0.0010585423 | H10: ='Proximal Validation'!H10 -> -0.13548036 | ... L10: ='Proximal Validation'!L10 -> 0.1316857 | M10: 0.85564647 | N10: 0.13988919 | O10: 1.5321318 | P10: 0.0082963147 | Q10: =M10-A10 -> 0.055646468 | R10: =N10-B10 -> -0.040110808 | S10: =O10-C10 -> -0.038664489 | T10: =ABS(Q10) -> 0.055646468 | U10: =ABS(R10) -> 0.040110808 | V10: =ABS(S10) -> 0.038664489
A11: ='Proximal Validation'!A11 -> 0.3 | B11: ='Proximal Validation'!B11 -> 0.2 | C11: ='Proximal Validation'!C11 -> 1.5707963 | D11: ='Proximal Validation'!D11 -> 0 | E11: ='Proximal Validation'!E11 -> 0 | F11: ='Proximal Validation'!F11 -> 0 | G11: ='Proximal Validation'!G11 -> -0.00088630803 | H11: ='Proximal Validation'!H11 -> -0.067533724 | ... L11: ='Proximal Validation'!L11 -> 0.18086977 | M11: 0.74008865 | N11: 0.091741523 | O11: 1.5926037 | P11: 0.050844864 | Q11: =M11-A11 -> 0.44008865 | R11: =N11-B11 -> -0.10825848 | S11: =O11-C11 -> 0.021807415 | T11: =ABS(Q11) -> 0.44008865 | U11: =ABS(R11) -> 0.10825848 | V11: =ABS(S11) -> 0.021807415
A12: ='Proximal Validation'!A12 -> 0.7 | B12: ='Proximal Validation'!B12 -> 0.2 | C12: ='Proximal Validation'!C12 -> 1.5707963 | D12: ='Proximal Validation'!D12 -> 0 | E12: ='Proximal Validation'!E12 -> 0 | F12: ='Proximal Validation'!F12 -> 0 | G12: ='Proximal Validation'!G12 -> -0.0027598871 | H12: ='Proximal Validation'!H12 -> -0.12722152 | ... L12: ='Proximal Validation'!L12 -> 0.066542283 | M12: 0.83903675 | N12: 0.15271983 | O12: 1.5848886 | P12: 0.016203975 | Q12: =M12-A12 -> 0.13903675 | R12: =N12-B12 -> -0.047280173 | S12: =O12-C12 -> 0.014092255 | T12: =ABS(Q12) -> 0.13903675 | U12: =ABS(R12) -> 0.047280173 | V12: =ABS(S12) -> 0.014092255
M13: SoRoSim get_distal_value (2 perturbations) | Q13: Distal Errors | T13: ABS Distal Errors
A14: Perturbation | M14: F (N) | N14: s (m) | O14: theta (rad) | P14: f_final | Q14: F (N) | R14: s (m) | S14: theta (rad) | T14: F (N) | U14: s (m) | V14: theta (rad) | W14: Absolute Mean Error
A15: 1.5 | B15: 0 | C15: 0 | Q15: =M15-A3 -> -0.4 | R15: =N15-B3 -> -0.06 | S15: =O15-C3 -> -1.5707963 | T15: =ABS(Q15) -> 0.4 | U15: =ABS(R15) -> 0.06 | V15: =ABS(S15) -> 1.5707963 | W15: F1 (N) | X15: s1 (m) | Y15: el1 (rad)
A16: 0 | B16: 1.5 | C16: 0 | Q16: =M16-A4 -> -0.8 | R16: =N16-B4 -> -0.06 | S16: =O16-C4 -> -1.5707963 | T16: =ABS(Q16) -> 0.8 | U16: =ABS(R16) -> 0.06 | V16: =ABS(S16) -> 1.5707963 | W16: {=AVERAGE(ABS(Q19:Q24))} -> 0.41453416 | X16: {=AVERAGE(ABS(R19:R24))} -> 0.070991912 | Y16: {=AVERAGE(ABS(S19:S24))} -> 0.028823511
A17: 0 | B17: 0 | C17: 1.5 | Q17: =M17-A5 -> -0.3 | R17: =N17-B5 -> -0.08 | S17: =O17-C5 -> -1.5707963 | T17: =ABS(Q17) -> 0.3 | U17: =ABS(R17) -> 0.08 | V17: =ABS(S17) -> 1.5707963
Q18: =M18-A6 -> -0.5 | R18: =N18-B6 -> -0.1 | S18: =O18-C6 -> -1.5707963 | T18: =ABS(Q18) -> 0.5 | U18: =ABS(R18) -> 0.1 | V18: =ABS(S18) -> 1.5707963
M19: 1 | N19: 0.078089144 | O19: 1.587723 | P19: 0.0016056364 | Q19: =M19-A7 -> 0.3 | R19: =N19-B7 -> -0.021910856 | S19: =O19-C7 -> 0.016926634 | T19: =ABS(Q19) -> 0.3 | U19: =ABS(R19) -> 0.021910856 | V19: =ABS(S19) -> 0.016926634
C20: Trial # | D20: tau1 (N) | E20: tau2 (N) | F20: tau3 (N) | G20: Supporting Measurments w Perturbation | M20: 1 | N20: 0.070779197 | O20: 1.6012212 | P20: 0.031529307 | Q20: =M20-A8 -> 0.6 | R20: =N20-B8 -> -0.089220803 | S20: =O20-C8 -> 0.030424876 | T20: =ABS(Q20) -> 0.6 | U20: =ABS(R20) -> 0.089220803 | V20: =ABS(S20) -> 0.030424876
C21: 1 | D21: =D3 -> 0 | E21: =E3 -> 0 | F21: =F3 -> 0 | G21: =G3 -> -0.00028477586 | H21: =H3 -> -0.058327373 | I21: =I3 -> -0.0001506703 | J21: =J3 -> 0.0060134237 | K21: =K3 -> 0.0022609532 | L21: =L3 -> 0.37637502 | M21: 0.99999999 | N21: 0.10245949 | O21: 1.587447 | P21: 0.010466521 | Q21: =M21-A9 -> 0.39999999 | R21: =N21-B9 -> -0.057540508 | S21: =O21-C9 -> 0.016650638 | T21: =ABS(Q21) -> 0.39999999 | U21: =ABS(R21) -> 0.057540508 | V21: =ABS(S21) -> 0.016650638
C22: 1 | D22: 1.5 | E22: 0 | F22: 0 | G22: 0.0010835963 | H22: -0.038952094 | I22: -8.8399393e-05 | J22: 0.026931612 | K22: 0.0012965277 | L22: 0.25999218 | M22: 0.98720496 | N22: 0.1323295 | O22: 1.6046348 | P22: 0.00025904099 | Q22: =M22-A10 -> 0.18720496 | R22: =N22-B10 -> -0.047670504 | S22: =O22-C10 -> 0.033838431 | T22: =ABS(Q22) -> 0.18720496 | U22: =ABS(R22) -> 0.047670504 | V22: =ABS(S22) -> 0.033838431
C23: 1 | D23: 0 | E23: 1.5 | F23: 0 | G23: -0.00060350576 | H23: -0.039121877 | I23: 3.6299578e-05 | J23: 0.031976171 | K23: 0.011962704 | L23: 0.26262808 | M23: 1 | N23: 0.066227539 | O23: 1.6100461 | P23: 0.049255432 | Q23: =M23-A11 -> 0.7 | R23: =N23-B11 -> -0.13377246 | S23: =O23-C11 -> 0.039249768 | T23: =ABS(Q23) -> 0.7 | U23: =ABS(R23) -> 0.13377246 | V23: =ABS(S23) -> 0.039249768
C24: 1 | D24: 0 | E24: 0 | F24: 1.5 | G24: -1.6045989e-05 | H24: -0.076417178 | I24: -0.0001832167 | J24: 0.030589286 | K24: 0.0080633685 | L24: 0.50434405 | M24: 0.99999999 | N24: 0.12416366 | O24: 1.606647 | P24: 0.014596613 | Q24: =M24-A12 -> 0.29999999 | R24: =N24-B12 -> -0.075836341 | S24: =O24-C12 -> 0.03585072 | T24: =ABS(Q24) -> 0.29999999 | U24: =ABS(R24) -> 0.075836341 | V24: =ABS(S24) -> 0.03585072
C25: 2 | D25: 0 | E25: 0 | F25: 0 | G25: =G4 -> -0.001375952 | H25: =H4 -> -0.12723181 | I25: =I4 -> -0.0015217981 | J25: =J4 -> -0.08266665 | K25: =K4 -> -0.004741177 | L25: =L4 -> 0.8163234 | M25: SoRoSim get_distal_value (1 perturbations) | Q25: Distal Errors | T25: ABS Distal Errors
C26: 2 | D26: 1.5 | E26: 0 | F26: 0 | G26: 0.00027286122 | H26: -0.11211783 | I26: -0.0020007757 | J26: -0.057639904 | K26: -0.012371033 | L26: 0.72908455 | M26: F (N) | N26: s (m) | O26: theta (rad) | P26: f_final | Q26: F (N) | R26: s (m) | S26: theta (rad) | T26: F (N) | U26: s (m) | V26: theta (rad) | W26: Absolute Mean Error
C27: 2 | D27: 0 | E27: 1.5 | F27: 0 | G27: -0.0039176177 | H27: -0.11045328 | I27: 9.8139455e-05 | J27: -0.053478844 | K27: 0.0121741 | L27: 0.72120184 | Q27: =M27-A3 -> -0.4 | R27: =N27-B3 -> -0.06 | S27: =O27-C3 -> -1.5707963 | T27: =ABS(Q27) -> 0.4 | U27: =ABS(R27) -> 0.06 | V27: =ABS(S27) -> 1.5707963 | W27: F1 (N) | X27: s1 (m) | Y27: el1 (rad)
C28: 2 | D28: 0 | E28: 0 | F28: 1.5 | G28: -0.00220025 | H28: -0.1433492 | I28: -0.001373284 | J28: -0.081474617 | K28: -0.00055378675 | L28: 0.92903924 | Q28: =M28-A4 -> -0.8 | R28: =N28-B4 -> -0.06 | S28: =O28-C4 -> -1.5707963 | T28: =ABS(Q28) -> 0.8 | U28: =ABS(R28) -> 0.06 | V28: =ABS(S28) -> 1.5707963 | W28: {=AVERAGE(ABS(Q31:Q36))} -> 0.12115048 | X28: {=AVERAGE(ABS(R31:R36))} -> 0.03174704 | Y28: {=AVERAGE(ABS(S31:S36))} -> 0.12689221
C29: 3 | D29: 0 | E29: 0 | F29: 0 | G29: =G5 -> -0.00028428674 | H29: =H5 -> -0.043962169 | I29: =I5 -> -0.00019410931 | J29: =J5 -> -0.014232989 | K29: =K5 -> 0.00080315024 | L29: =L5 -> 0.24872187 | Q29: =M29-A5 -> -0.3 | R29: =N29-B5 -> -0.08 | S29: =O29-C5 -> -1.5707963 | T29: =ABS(Q29) -> 0.3 | U29: =ABS(R29) -> 0.08 | V29: =ABS(S29) -> 1.5707963
C30: 3 | D30: 1.5 | E30: 0 | F30: 0 | G30: 0.00063757482 | H30: -0.019085668 | I30: 2.9602059e-05 | J30: 0.0091695404 | K30: -0.0019381717 | L30: 0.11101978 | Q30: =M30-A6 -> -0.5 | R30: =N30-B6 -> -0.1 | S30: =O30-C6 -> -1.5707963 | T30: =ABS(Q30) -> 0.5 | U30: =ABS(R30) -> 0.1 | V30: =ABS(S30) -> 1.5707963
C31: 3 | D31: 0 | E31: 1.5 | F31: 0 | G31: -0.00073290034 | H31: -0.018801363 | I31: -0.00015106818 | J31: 0.011527726 | K31: 0.0068578585 | L31: 0.11012375 | M31: 0.61585568 | N31: 0.12478349 | O31: 1.5402166 | P31: 4.6140867e-17 | Q31: =M31-A7 -> -0.084144316 | R31: =N31-B7 -> 0.024783488 | S31: =O31-C7 -> -0.03057968 | T31: =ABS(Q31) -> 0.084144316 | U31: =ABS(R31) -> 0.024783488 | V31: =ABS(S31) -> 0.03057968
C32: 3 | D32: 0 | E32: 0 | F32: 1.5 | G32: -0.00070107414 | H32: -0.07185708 | I32: -9.1600581e-05 | J32: -0.011773916 | K32: 0.0049866326 | L32: 0.41071913 | M32: 0.62009833 | N32: 0.11348389 | O32: 1.4600005 | P32: 0.00021703296 | Q32: =M32-A8 -> 0.22009833 | R32: =N32-B8 -> -0.046516115 | S32: =O32-C8 -> -0.11079586 | T32: =ABS(Q32) -> 0.22009833 | U32: =ABS(R32) -> 0.046516115 | V32: =ABS(S32) -> 0.11079586
C33: 4 | D33: 0 | E33: 0 | F33: 0 | G33: =G6 -> -0.00090206554 | H33: =H6 -> -0.095010705 | I33: =I6 -> -0.00031485432 | J33: =J6 -> -0.14170778 | K33: =K6 -> 0.0032724366 | L33: =L6 -> 0.46851912 | M33: 0.68391317 | N33: 0.15381951 | O33: 1.4392659 | P33: 7.9730603e-18 | Q33: =M33-A9 -> 0.083913175 | R33: =N33-B9 -> -0.0061804858 | S33: =O33-C9 -> -0.13153039 | T33: =ABS(Q33) -> 0.083913175 | U33: =ABS(R33) -> 0.0061804858 | V33: =ABS(S33) -> 0.13153039
C34: 4 | D34: 1.5 | E34: 0 | F34: 0 | G34: 0.0019676187 | H34: -0.074565351 | I34: -0.0017849724 | J34: -0.096416868 | K34: -0.010942139 | L34: 0.37433076 | M34: 0.77607031 | N34: 0.18257273 | O34: 1.4140274 | P34: 5.2205528e-25 | Q34: =M34-A10 -> -0.02392969 | R34: =N34-B10 -> 0.0025727269 | S34: =O34-C10 -> -0.15676888 | T34: =ABS(Q34) -> 0.02392969 | U34: =ABS(R34) -> 0.0025727269 | V34: =ABS(S34) -> 0.15676888
C35: 4 | D35: 0 | E35: 1.5 | F35: 0 | G35: -0.0040576286 | H35: -0.073690921 | I35: 0.0019469513 | J35: -0.091172099 | K35: 0.023470446 | L35: 0.3711628 | M35: 0.56013197 | N35: 0.11354057 | O35: 1.4388737 | P35: 8.1560066e-05 | Q35: =M35-A11 -> 0.26013197 | R35: =N35-B11 -> -0.086459428 | S35: =O35-C11 -> -0.1319226 | T35: =ABS(Q35) -> 0.26013197 | U35: =ABS(R35) -> 0.086459428 | V35: =ABS(S35) -> 0.1319226
C36: 4 | D36: 0 | E36: 0 | F36: 1.5 | G36: -0.001720599 | H36: -0.11740347 | I36: 0.00011818629 | J36: -0.16125146 | K36: 0.0098144263 | L36: 0.58599091 | M36: 0.75468542 | N36: 0.17603001 | O36: 1.3710404 | P36: 4.129849e-21 | Q36: =M36-A12 -> 0.054685424 | R36: =N36-B12 -> -0.023969995 | S36: =O36-C12 -> -0.19975588 | T36: =ABS(Q36) -> 0.054685424 | U36: =ABS(R36) -> 0.023969995 | V36: =ABS(S36) -> 0.19975588
C37: 5 | D37: 0 | E37: 0 | F37: 0 | G37: =G7 -> -0.0013697715 | H37: =H7 -> -0.12989934 | I37: =I7 -> -0.0011154995 | J37: =J7 -> -0.27736902 | K37: =K7 -> 0.002998434 | L37: =L7 -> 0.62586665
C38: 5 | D38: 1.5 | E38: 0 | F38: 0 | G38: 0.0027323426 | H38: -0.10860976 | I38: -0.0032638875 | J38: -0.21757072 | K38: -0.018986933 | L38: 0.529284
C39: 5 | D39: 0 | E39: 1.5 | F39: 0 | G39: -0.0058991225 | H39: -0.10732631 | I39: 0.001992672 | J39: -0.2123003 | K39: 0.030471928 | L39: 0.52430135
C40: 5 | D40: 0 | E40: 0 | F40: 1.5 | G40: -0.002577676 | H40: -0.14990681 | I40: -0.00064788858 | J40: -0.31052434 | K40: 0.010143615 | L40: 0.72825366
C41: 6 | D41: 0 | E41: 0 | F41: 0 | G41: =G8 -> -0.0013016209 | H41: =H8 -> -0.09177132 | I41: =I8 -> -0.00068558258 | J41: =J8 -> -0.18813878 | K41: =K8 -> 0.0035599116 | L41: =L8 -> 0.31649771
C42: 6 | D42: 1.5 | E42: 0 | F42: 0 | G42: 0.0036144303 | H42: -0.072152756 | I42: -0.0044338414 | J42: -0.12585309 | K42: -0.021538056 | L42: 0.25275785
C43: 6 | D43: 0 | E43: 1.5 | F43: 0 | G43: -0.0070790742 | H43: -0.071189694 | I43: 0.0046558287 | J43: -0.1287811 | K43: 0.035958078 | L43: 0.25089681
C44: 6 | D44: 0 | E44: 0 | F44: 1.5 | G44: -0.0027650967 | H44: -0.11132932 | I44: 0.00022532861 | J44: -0.22193864 | K44: 0.011183009 | L44: 0.38772404
C45: 7 | D45: 0 | E45: 0 | F45: 0 | G45: =G9 -> -0.0021819151 | H45: =H9 -> -0.13427521 | I45: =I9 -> -0.00028121364 | J45: =J9 -> -0.47822568 | K45: =K9 -> 0.01204087 | L45: =L9 -> 0.39143002
C46: 7 | D46: 1.5 | E46: 0 | F46: 0 | G46: 0.0057934392 | H46: -0.11468495 | I46: -0.0051649995 | J46: -0.39321956 | K46: -0.031115167 | L46: 0.34292188
C47: 7 | D47: 0 | E47: 1.5 | F47: 0 | G47: -0.010975662 | H47: -0.11342978 | I47: 0.0059919022 | J47: -0.38463625 | K47: 0.063686281 | L47: 0.3399432
C48: 7 | D48: 0 | E48: 0 | F48: 1.5 | G48: -0.0041735382 | H48: -0.14866588 | I48: 0.00093002978 | J48: -0.52159506 | K48: 0.025465684 | L48: 0.43503433
C49: 8 | D49: 0 | E49: 0 | F49: 0 | G49: =G10 -> -0.0010585423 | H49: =H10 -> -0.13548036 | I49: =I10 -> -0.0012497484 | J49: =J10 -> -0.72550738 | K49: =K10 -> 0.029684354 | L49: =L10 -> 0.1316857
C50: 8 | D50: 1.5 | E50: 0 | F50: 0 | G50: 0.0079690441 | H50: -0.11474589 | I50: -0.0060131093 | J50: -0.60557294 | K50: -0.027572308 | L50: 0.11280394
C51: 8 | D51: 0 | E51: 1.5 | F51: 0 | G51: -0.012933342 | H51: -0.11227623 | I51: 0.0059222737 | J51: -0.59010398 | K51: 0.098144293 | L51: 0.1114693
C52: 8 | D52: 0 | E52: 0 | F52: 1.5 | G52: -0.0046712058 | H52: -0.13546343 | I52: 0.00065623032 | J52: -0.73237783 | K52: 0.049444705 | L52: 0.11383668
C53: 9 | D53: 0 | E53: 0 | F53: 0 | G53: =G11 -> -0.00088630803 | H53: =H11 -> -0.067533724 | I53: =I11 -> -0.00047554963 | J53: =J11 -> -0.16650236 | K53: =K11 -> 0.002737375 | L53: =L11 -> 0.18086977
C54: 9 | D54: 1.5 | E54: 0 | F54: 0 | G54: 0.0039485237 | H54: -0.049224552 | I54: -0.0046761655 | J54: -0.11018793 | K54: -0.023462433 | L54: 0.13546607
C55: 9 | D55: 0 | E55: 1.5 | F55: 0 | G55: -0.006485003 | H55: -0.050244842 | I55: 0.0049826484 | J55: -0.11217195 | K55: 0.03189408 | L55: 0.13833103
C56: 9 | D56: 0 | E56: 0 | F56: 1.5 | G56: -0.0019612839 | H56: -0.08807981 | I56: 7.9460624e-05 | J56: -0.21526557 | K56: 0.0073076328 | L56: 0.23997113
C57: 10 | D57: 0 | E57: 0 | F57: 0 | G57: =G12 -> -0.0027598871 | H57: =H12 -> -0.12722152 | I57: =I12 -> -0.00088058261 | J57: =J12 -> -0.6718719 | K57: =K12 -> 0.017920591 | L57: =L12 -> 0.066542283
C58: 10 | D58: 1.5 | E58: 0 | F58: 0 | G58: 0.0082810381 | H58: -0.10844211 | I58: -0.007846294 | J58: -0.55936807 | K58: -0.046268456 | L58: 0.062992834
C59: 10 | D59: 0 | E59: 1.5 | F59: 0 | G59: -0.015550986 | H59: -0.1071352 | I59: 0.0081710052 | J59: -0.55525368 | K59: 0.0893749 | L59: 0.057175279
C60: 10 | D60: 0 | E60: 0 | F60: 1.5 | G60: -0.0057001724 | H60: -0.136848 | I60: 0.00087988528 | J60: -0.73760039 | K60: 0.035193816 | L60: 0.042752042

Sheet Conversion
A1: Raw Data | H1: Converted
A2: Fx | B2: Fy | C2: Fz | D2: Tx | E2: Ty | F2: Tz | H2: Tx | I2: Ty | J2: Tz | K2: Fx | L2: Fy | M2: Fz
A3: 0.39143002 | B3: -0.01204087 | C3: -0.47822568 | D3: -0.00028121364 | E3: 0.13427521 | F3: -0.0021819151 | H3: =$F3 -> -0.0021819151 | I3: =-1*$E3 -> -0.13427521 | J3: =$D3 -> -0.00028121364 | K3: =$C3 -> -0.47822568 | L3: =-1*$B3 -> 0.01204087 | M3: =$A3 -> 0.39143002
A4: 0.37721437 | B4: 0.0072321929 | C4: -0.45400995 | D4: -0.002512529 | E4: 0.12877797 | F4: 0.0012836674 | H4: =$F4 -> 0.0012836674 | I4: =-1*$E4 -> -0.12877797 | J4: =$D4 -> -0.002512529 | K4: =$C4 -> -0.45400995 | L4: =-1*$B4 -> -0.0072321929 | M4: =$A4 -> 0.37721437
A5: 0.37463659 | B5: -0.03195196 | C5: -0.44874367 | D5: 0.0021093844 | E5: 0.1272857 | F5: -0.0054718861 | H5: =$F5 -> -0.0054718861 | I5: =-1*$E5 -> -0.1272857 | J5: =$D5 -> 0.0021093844 | K5: =$C5 -> -0.44874367 | L5: =-1*$B5 -> 0.03195196 | M5: =$A5 -> 0.37463659
A6: 0.3994419 | B6: -0.02164693 | C6: -0.48008558 | D6: 0.00068410329 | E6: 0.13650599 | F6: -0.0035660644 | H6: =$F6 -> -0.0035660644 | I6: =-1*$E6 -> -0.13650599 | J6: =$D6 -> 0.00068410329 | K6: =$C6 -> -0.48008558 | L6: =-1*$B6 -> 0.02164693 | M6: =$A6 -> 0.3994419
A7: 0.35988471 | B7: 0.014590077 | C7: -0.42114067 | D7: -0.0033819505 | E7: 0.12150717 | F7: 0.0028106868 | H7: =$F7 -> 0.0028106868 | I7: =-1*$E7 -> -0.12150717 | J7: =$D7 -> -0.0033819505 | K7: =$C7 -> -0.42114067 | L7: =-1*$B7 -> -0.014590077 | M7: =$A7 -> 0.35988471
A8: 0.35858697 | B8: -0.049453981 | C8: -0.41639054 | D8: 0.0042216349 | E8: 0.12061355 | F8: -0.0084775444 | H8: =$F8 -> -0.0084775444 | I8: =-1*$E8 -> -0.12061355 | J8: =$D8 -> 0.0042216349 | K8: =$C8 -> -0.41639054 | L8: =-1*$B8 -> 0.049453981 | M8: =$A8 -> 0.35858697
A9: 0.41881523 | B9: -0.023730565 | C9: -0.50669301 | D9: 0.00081204216 | E9: 0.14329924 | F9: -0.0038649328 | H9: =$F9 -> -0.0038649328 | I9: =-1*$E9 -> -0.14329924 | J9: =$D9 -> 0.00081204216 | K9: =$C9 -> -0.50669301 | L9: =-1*$B9 -> 0.023730565 | M9: =$A9 -> 0.41881523
A10: 0.34292188 | B10: 0.031115167 | C10: -0.39321956 | D10: -0.0051649995 | E10: 0.11468495 | F10: 0.0057934392 | H10: =$F10 -> 0.0057934392 | I10: =-1*$E10 -> -0.11468495 | J10: =$D10 -> -0.0051649995 | K10: =$C10 -> -0.39321956 | L10: =-1*$B10 -> -0.031115167 | M10: =$A10 -> 0.34292188
A11: 0.3399432 | B11: -0.063686281 | C11: -0.38463625 | D11: 0.0059919022 | E11: 0.11342978 | F11: -0.010975662 | H11: =$F11 -> -0.010975662 | I11: =-1*$E11 -> -0.11342978 | J11: =$D11 -> 0.0059919022 | K11: =$C11 -> -0.38463625 | L11: =-1*$B11 -> 0.063686281 | M11: =$A11 -> 0.3399432
A12: 0.43503433 | B12: -0.025465684 | C12: -0.52159506 | D12: 0.00093002978 | E12: 0.14866588 | F12: -0.0041735382 | H12: =$F12 -> -0.0041735382 | I12: =-1*$E12 -> -0.14866588 | J12: =$D12 -> 0.00093002978 | K12: =$C12 -> -0.52159506 | L12: =-1*$B12 -> 0.025465684 | M12: =$A12 -> 0.43503433
A13: 0.20403537 | B13: -0.021164499 | C13: -0.7728247 | D13: -0.0008652166 | E13: 0.15262087 | F13: -0.0032475973 | H13: =$F13 -> -0.0032475973 | I13: =-1*$E13 -> -0.15262087 | J13: =$D13 -> -0.0008652166 | K13: =$C13 -> -0.7728247 | L13: =-1*$B13 -> 0.021164499 | M13: =$A13 -> 0.20403537
A14: 0.19668245 | B14: 0.0039244257 | C14: -0.73731297 | D14: -0.0033871904 | E14: 0.14622077 | F14: 0.0010686452 | H14: =$F14 -> 0.0010686452 | I14: =-1*$E14 -> -0.14622077 | J14: =$D14 -> -0.0033871904 | K14: =$C14 -> -0.73731297 | L14: =-1*$B14 -> -0.0039244257 | M14: =$A14 -> 0.19668245
... A50: 0.11383668 | B50: -0.049444705 | C50: -0.73237783 | D50: 0.00065623032 | E50: 0.13546343 | F50: -0.0046712058 | H50: =$F50 -> -0.0046712058 | I50: =-1*$E50 -> -0.13546343 | J50: =$D50 -> 0.00065623032 | K50: =$C50 -> -0.73237783 | L50: =-1*$B50 -> 0.049444705 | M50: =$A50 -> 0.11383668
H51: =$F51 -> 0 | I51: =-1*$E51 -> 0 | J51: =$D51 -> 0 | K51: =$C51 -> 0 | L51: =-1*$B51 -> 0 | M51: =$A51 -> 0
H52: =$F52 -> 0 | I52: =-1*$E52 -> 0 | J52: =$D52 -> 0 | K52: =$C52 -> 0 | L52: =-1*$B52 -> 0 | M52: =$A52 -> 0
H53: =$F53 -> 0 | I53: =-1*$E53 -> 0 | J53: =$D53 -> 0 | K53: =$C53 -> 0 | L53: =-1*$B53 -> 0 | M53: =$A53 -> 0
H54: =$F54 -> 0 | I54: =-1*$E54 -> 0 | J54: =$D54 -> 0 | K54: =$C54 -> 0 | L54: =-1*$B54 -> 0 | M54: =$A54 -> 0
H55: =$F55 -> 0 | I55: =-1*$E55 -> 0 | J55: =$D55 -> 0 | K55: =$C55 -> 0 | L55: =-1*$B55 -> 0 | M55: =$A55 -> 0
H56: =$F56 -> 0 | I56: =-1*$E56 -> 0 | J56: =$D56 -> 0 | K56: =$C56 -> 0 | L56: =-1*$B56 -> 0 | M56: =$A56 -> 0
H57: =$F57 -> 0 | I57: =-1*$E57 -> 0 | J57: =$D57 -> 0 | K57: =$C57 -> 0 | L57: =-1*$B57 -> 0 | M57: =$A57 -> 0
H58: =$F58 -> 0 | I58: =-1*$E58 -> 0 | J58: =$D58 -> 0 | K58: =$C58 -> 0 | L58: =-1*$B58 -> 0 | M58: =$A58 -> 0
H59: =$F59 -> 0 | I59: =-1*$E59 -> 0 | J59: =$D59 -> 0 | K59: =$C59 -> 0 | L59: =-1*$B59 -> 0 | M59: =$A59 -> 0
H60: =$F60 -> 0 | I60: =-1*$E60 -> 0 | J60: =$D60 -> 0 | K60: =$C60 -> 0 | L60: =-1*$B60 -> 0 | M60: =$A60 -> 0
H61: =$F61 -> 0 | I61: =-1*$E61 -> 0 | J61: =$D61 -> 0 | K61: =$C61 -> 0 | L61: =-1*$B61 -> 0 | M61: =$A61 -> 0
H62: =$F62 -> 0 | I62: =-1*$E62 -> 0 | J62: =$D62 -> 0 | K62: =$C62 -> 0 | L62: =-1*$B62 -> 0 | M62: =$A62 -> 0

Sheet Sheet5
G3: { | H3: [ | I3: -0.00028477586 | J3: -0.058327373 | K3: -0.0001506703 | L3: 0.0060134237 | M3: 0.0022609532 | N3: 0.37637502 | O3: 0 | P3: 0 | Q3: 0 | R3: ; | V3: { | W3: [ | X3: -0.00028477586 | Y3: -0.058327373 | Z3: -0.0001506703 | AA3: 0.0060134237 | AB3: 0.0022609532 | AC3: 0.37637502 | AD3: 0 | AE3: 0 | AF3: 0 | AG3: ; | AK3: { | AL3: [ | AM3: -0.00028477586 | AN3: -0.058327373 | AO3: -0.0001506703 | AP3: 0.0060134237 | AQ3: 0.0022609532 | AR3: 0.37637502 | AS3: 0 | AT3: 0 | AU3: 0 | AV3: ;
I4: 0.00023011875 | J4: -0.053271987 | K4: -0.00020681828 | L4: 0.00989193 | M4: 0.00086640567 | N4: 0.34659576 | O4: 0.5 | P4: 0 | Q4: 0 | R4: ; | X4: 0.0006742329 | Y4: -0.046691336 | Z4: -0.00019840943 | AA4: 0.019254899 | AB4: -2.2761524e-05 | AC4: 0.30847231 | AD4: 1 | AE4: 0 | AF4: 0 | AG4: ; | AM4: 0.0010835963 | AN4: -0.038952094 | AO4: -8.8399393e-05 | AP4: 0.026931612 | AQ4: 0.0012965277 | AR4: 0.25999218 | AS4: 1.5 | AT4: 0 | AU4: 0 | AV4: ;
I5: -0.00042876659 | J5: -0.052273326 | K5: -1.9059516e-05 | L5: 0.014312151 | M5: 0.0057477541 | N5: 0.34222141 | O5: 0 | P5: 0.5 | Q5: 0 | R5: ; | X5: -0.00060618203 | Y5: -0.045500007 | Z5: 6.9612463e-05 | AA5: 0.024782635 | AB5: 0.0094752312 | AC5: 0.30106655 | AD5: 0 | AE5: 1 | AF5: 0 | AG5: ; | AM5: -0.00060350576 | AN5: -0.039121877 | AO5: 3.6299578e-05 | AP5: 0.031976171 | AQ5: 0.011962704 | AR5: 0.26262808 | AS5: 0 | AT5: 1.5 | AU5: 0 | AV5: ;
I6: -0.00020206731 | J6: -0.063044883 | K6: -0.00014381617 | L6: 0.016669281 | M6: 0.0042362064 | N6: 0.41187611 | O6: 0 | P6: 0 | Q6: 0.5 | R6: ] | X6: -0.00013268134 | Y6: -0.070247285 | Z6: -0.00013355067 | AA6: 0.023433084 | AB6: 0.0062583163 | AC6: 0.46214235 | AD6: 0 | AE6: 0 | AF6: 1 | AG6: ] | AM6: -1.6045989e-05 | AN6: -0.076417178 | AO6: -0.0001832167 | AP6: 0.030589286 | AQ6: 0.0080633685 | AR6: 0.50434405 | AS6: 0 | AT6: 0 | AU6: 1.5 | AV6: ]
H7: [ | I7: -0.001375952 | J7: -0.12723181 | K7: -0.0015217981 | L7: -0.08266665 | M7: -0.004741177 | N7: 0.8163234 | O7: 0 | P7: 0 | Q7: 0 | R7: ; | W7: [ | X7: -0.001375952 | Y7: -0.12723181 | Z7: -0.0015217981 | AA7: -0.08266665 | AB7: -0.004741177 | AC7: 0.8163234 | AD7: 0 | AE7: 0 | AF7: 0 | AG7: ; | AL7: [ | AM7: -0.001375952 | AN7: -0.12723181 | AO7: -0.0015217981 | AP7: -0.08266665 | AQ7: -0.004741177 | AR7: 0.8163234 | AS7: 0 | AT7: 0 | AU7: 0 | AV7: ;
I8: -0.00064265868 | J8: -0.12265829 | K8: -0.0017822726 | L8: -0.077889577 | M8: -0.0083601624 | N8: 0.7912792 | O8: 0.5 | P8: 0 | Q8: 0 | R8: ; | X8: -0.00017096614 | Y8: -0.1171831 | Z8: -0.0018990501 | AA8: -0.066881448 | AB8: -0.010641232 | AC8: 0.76001531 | AD8: 1 | AE8: 0 | AF8: 0 | AG8: ; | AM8: 0.00027286122 | AN8: -0.11211783 | AO8: -0.0020007757 | AP8: -0.057639904 | AQ8: -0.012371033 | AR8: 0.72908455 | AS8: 1.5 | AT8: 0 | AU8: 0 | AV8: ;
I9: -0.0020508959 | J9: -0.12170491 | K9: -0.0010077952 | L9: -0.072200365 | M9: 0.00047361106 | N9: 0.78733724 | O9: 0 | P9: 0.5 | Q9: 0 | R9: ; | X9: -0.0031106716 | Y9: -0.11575355 | Z9: -0.00038996659 | AA9: -0.062772378 | AB9: 0.006840378 | AC9: 0.75269461 | AD9: 0 | AE9: 1 | AF9: 0 | AG9: ; | AM9: -0.0039176177 | AN9: -0.11045328 | AO9: 9.8139455e-05 | AP9: -0.053478844 | AQ9: 0.0121741 | AR9: 0.72120184 | AS9: 0 | AT9: 1.5 | AU9: 0 | AV9: ;
I10: -0.0015927674 | J10: -0.13021459 | K10: -0.0014390036 | L10: -0.081000239 | M10: -0.0031956732 | N10: 0.84179682 | O10: 0 | P10: 0 | Q10: 0.5 | R10: ] | X10: -0.0019608403 | Y10: -0.13725764 | Z10: -0.0014088807 | AA10: -0.079848483 | AB10: -0.0018499047 | AC10: 0.88854027 | AD10: 0 | AE10: 0 | AF10: 1 | AG10: ] | AM10: -0.00220025 | AN10: -0.1433492 | AO10: -0.001373284 | AP10: -0.081474617 | AQ10: -0.00055378675 | AR10: 0.92903924 | AS10: 0 | AT10: 0 | AU10: 1.5 | AV10: ]
H11: [ | I11: -0.00028428674 | J11: -0.043962169 | K11: -0.00019410931 | L11: -0.014232989 | M11: 0.00080315024 | N11: 0.24872187 | O11: 0 | P11: 0 | Q11: 0 | R11: ; | W11: [ | X11: -0.00028428674 | Y11: -0.043962169 | Z11: -0.00019410931 | AA11: -0.014232989 | AB11: 0.00080315024 | AC11: 0.24872187 | AD11: 0 | AE11: 0 | AF11: 0 | AG11: ; | AL11: [ | AM11: -0.00028428674 | AN11: -0.043962169 | AO11: -0.00019410931 | AP11: -0.014232989 | AQ11: 0.00080315024 | AR11: 0.24872187 | AS11: 0 | AT11: 0 | AU11: 0 | AV11: ;
I12: 0.00014990487 | J12: -0.037795465 | K12: -0.00027046184 | L12: -0.0091095464 | M12: -0.0013357587 | N12: 0.21453136 | O12: 0.5 | P12: 0 | Q12: 0 | R12: ; | X12: 0.00046094938 | Y12: -0.028747313 | Z12: -0.0001744804 | AA12: -0.0007492404 | AB12: -0.001912374 | AC12: 0.16522677 | AD12: 1 | AE12: 0 | AF12: 0 | AG12: ; | AM12: 0.00063757482 | AN12: -0.019085668 | AO12: 2.9602059e-05 | AP12: 0.0091695404 | AQ12: -0.0019381717 | AR12: 0.11101978 | AS12: 1.5 | AT12: 0 | AU12: 0 | AV12: ;
I13: -0.00053684256 | J13: -0.036707275 | K13: 1.2792007e-06 | L13: -0.0061279573 | M13: 0.002995003 | N13: 0.20982361 | O13: 0 | P13: 0.5 | Q13: 0 | R13: ; | X13: -0.00076827023 | Y13: -0.027165767 | Z13: 2.1368774e-05 | AA13: 0.0047830418 | AB13: 0.0057868864 | AC13: 0.15646727 | AD13: 0 | AE13: 1 | AF13: 0 | AG13: ; | AM13: -0.00073290034 | AN13: -0.018801363 | AO13: -0.00015106818 | AP13: 0.011527726 | AQ13: 0.0068578585 | AR13: 0.11012375 | AS13: 0 | AT13: 1.5 | AU13: 0 | AV13: ;
I14: -0.00033422245 | J14: -0.051604051 | K14: -0.00016764805 | L14: -0.015388811 | M14: 0.0017663017 | N14: 0.2945576 | O14: 0 | P14: 0 | Q14: 0.5 | R14: ] | X14: -0.00053039403 | Y14: -0.061754897 | Z14: -0.00013558881 | AA14: -0.010850213 | AB14: 0.0031783395 | AC14: 0.35227984 | AD14: 0 | AE14: 0 | AF14: 1 | AG14: ] | AM14: -0.00070107414 | AN14: -0.07185708 | AO14: -9.1600581e-05 | AP14: -0.011773916 | AQ14: 0.0049866326 | AR14: 0.41071913 | AS14: 0 | AT14: 0 | AU14: 1.5 | AV14: ]
H15: [ | I15: -0.00090206554 | J15: -0.095010705 | K15: -0.00031485432 | L15: -0.14170778 | M15: 0.0032724366 | N15: 0.46851912 | O15: 0 | P15: 0 | Q15: 0 | R15: ; | W15: [ | X15: -0.00090206554 | Y15: -0.095010705 | Z15: -0.00031485432 | AA15: -0.14170778 | AB15: 0.0032724366 | AC15: 0.46851912 | AD15: 0 | AE15: 0 | AF15: 0 | AG15: ; | AL15: [ | AM15: -0.00090206554 | AN15: -0.095010705 | AO15: -0.00031485432 | AP15: -0.14170778 | AQ15: 0.0032724366 | AR15: 0.46851912 | AS15: 0 | AT15: 0 | AU15: 0 | AV15: ;
I16: 0.00024599349 | J16: -0.090344101 | K16: -0.00099040195 | L16: -0.13324884 | M16: -0.002883181 | N16: 0.44684243 | O16: 0.5 | P16: 0 | Q16: 0 | R16: ; | X16: 0.0011199807 | Y16: -0.082509451 | Z16: -0.0014147388 | AA16: -0.11533803 | AB16: -0.0068659633 | AC16: 0.41186845 | AD16: 1 | AE16: 0 | AF16: 0 | AG16: ; | AM16: 0.0019676187 | AN16: -0.074565351 | AO16: -0.0017849724 | AP16: -0.096416868 | AQ16: -0.010942139 | AR16: 0.37433076 | AS16: 1.5 | AT16: 0 | AU16: 0 | AV16: ;
I17: -0.0018506368 | J17: -0.088594556 | K17: 0.00041975238 | L17: -0.12672122 | M17: 0.0093478858 | N17: 0.4398866 | O17: 0 | P17: 0.5 | Q17: 0 | R17: ; | X17: -0.0030216267 | Y17: -0.081563368 | Z17: 0.0012483229 | AA17: -0.11234917 | AB17: 0.01672242 | AC17: 0.40724611 | AD17: 0 | AE17: 1 | AF17: 0 | AG17: ; | AM17: -0.0040576286 | AN17: -0.073690921 | AO17: 0.0019469513 | AP17: -0.091172099 | AQ17: 0.023470446 | AR17: 0.3711628 | AS17: 0 | AT17: 1.5 | AU17: 0 | AV17: ;
I18: -0.0011307185 | J18: -0.10034258 | K18: -0.0001616184 | L18: -0.14653116 | M18: 0.0049810112 | N18: 0.49788347 | O18: 0 | P18: 0 | Q18: 0.5 | R18: ] | X18: -0.001327834 | Y18: -0.10619107 | Z18: -5.5953569e-05 | AA18: -0.15105042 | AB18: 0.0071365274 | AC18: 0.5285213 | AD18: 0 | AE18: 0 | AF18: 1 | AG18: ] | AM18: -0.001720599 | AN18: -0.11740347 | AO18: 0.00011818629 | AP18: -0.16125146 | AQ18: 0.0098144263 | AR18: 0.58599091 | AS18: 0 | AT18: 0 | AU18: 1.5 | AV18: ]
H19: [ | I19: -0.0013697715 | J19: -0.12989934 | K19: -0.0011154995 | L19: -0.27736902 | M19: 0.002998434 | N19: 0.62586665 | O19: 0 | P19: 0 | Q19: 0 | R19: ; | W19: [ | X19: -0.0013697715 | Y19: -0.12989934 | Z19: -0.0011154995 | AA19: -0.27736902 | AB19: 0.002998434 | AC19: 0.62586665 | AD19: 0 | AE19: 0 | AF19: 0 | AG19: ; | AL19: [ | AM19: -0.0013697715 | AN19: -0.12989934 | AO19: -0.0011154995 | AP19: -0.27736902 | AQ19: 0.002998434 | AR19: 0.62586665 | AS19: 0 | AT19: 0 | AU19: 0 | AV19: ;
I20: 0.00032646046 | J20: -0.1240313 | K20: -0.0020632716 | L20: -0.26052999 | M20: -0.0062308013 | N20: 0.59941602 | O20: 0.5 | P20: 0 | Q20: 0 | R20: ; | X20: 0.0010789594 | Y20: -0.11674865 | Z20: -0.002389512 | AA20: -0.23966138 | AB20: -0.0099661052 | AC20: 0.56697065 | AD20: 1 | AE20: 0 | AF20: 0 | AG20: ; | AM20: 0.0027323426 | AN20: -0.10860976 | AO20: -0.0032638875 | AP20: -0.21757072 | AQ20: -0.018986933 | AR20: 0.529284 | AS20: 1.5 | AT20: 0 | AU20: 0 | AV20: ;
I21: -0.0027219807 | J21: -0.12263767 | K21: -0.00013472384 | L21: -0.25649419 | M21: 0.011550099 | N21: 0.59437549 | O21: 0 | P21: 0.5 | Q21: 0 | R21: ; | X21: -0.0043625883 | Y21: -0.11445073 | Z21: 0.00099701353 | AA21: -0.23323938 | AB21: 0.021434955 | AC21: 0.55733347 | AD21: 0 | AE21: 1 | AF21: 0 | AG21: ; | AM21: -0.0058991225 | AN21: -0.10732631 | AO21: 0.001992672 | AP21: -0.2123003 | AQ21: 0.030471928 | AR21: 0.52430135 | AS21: 0 | AT21: 1.5 | AU21: 0 | AV21: ;
I22: -0.0016475921 | J22: -0.13209011 | K22: -0.0009523828 | L22: -0.27622804 | M22: 0.0053521544 | N22: 0.63961709 | O22: 0 | P22: 0 | Q22: 0.5 | R22: ] | X22: -0.0021919934 | Y22: -0.1420071 | Z22: -0.00076931558 | AA22: -0.29801038 | AB22: 0.0080182031 | AC22: 0.68905413 | AD22: 0 | AE22: 0 | AF22: 1 | AG22: ] | AM22: -0.002577676 | AN22: -0.14990681 | AO22: -0.00064788858 | AP22: -0.31052434 | AQ22: 0.010143615 | AR22: 0.72825366 | AS22: 0 | AT22: 0 | AU22: 1.5 | AV22: ]
H23: [ | I23: -0.0013016209 | J23: -0.09177132 | K23: -0.00068558258 | L23: -0.18813878 | M23: 0.0035599116 | N23: 0.31649771 | O23: 0 | P23: 0 | Q23: 0 | R23: ; | W23: [ | X23: -0.0013016209 | Y23: -0.09177132 | Z23: -0.00068558258 | AA23: -0.18813878 | AB23: 0.0035599116 | AC23: 0.31649771 | AD23: 0 | AE23: 0 | AF23: 0 | AG23: ; | AL23: [ | AM23: -0.0013016209 | AN23: -0.09177132 | AO23: -0.00068558258 | AP23: -0.18813878 | AQ23: 0.0035599116 | AR23: 0.31649771 | AS23: 0 | AT23: 0 | AU23: 0 | AV23: ;
I24: 0.00096381898 | J24: -0.085903972 | K24: -0.0025404219 | L24: -0.17557143 | M24: -0.0083203129 | N24: 0.29679263 | O24: 0.5 | P24: 0 | Q24: 0 | R24: ; | X24: 0.0021334765 | Y24: -0.078673288 | Z24: -0.0033856691 | AA24: -0.15782742 | AB24: -0.013936561 | AC24: 0.2747671 | AD24: 1 | AE24: 0 | AF24: 0 | AG24: ; | AM24: 0.0036144303 | AN24: -0.072152756 | AO24: -0.0044338414 | AP24: -0.12585309 | AQ24: -0.021538056 | AR24: 0.25275785 | AS24: 1.5 | AT24: 0 | AU24: 0 | AV24: ;
I25: -0.0031982432 | J25: -0.085218042 | K25: 0.001140643 | L25: -0.17052031 | M25: 0.014079059 | N25: 0.29610446 | O25: 0 | P25: 0.5 | Q25: 0 | R25: ; | X25: -0.0053475774 | Y25: -0.077887043 | Z25: 0.0031169474 | AA25: -0.15005395 | AB25: 0.026179489 | AC25: 0.27242485 | AD25: 0 | AE25: 1 | AF25: 0 | AG25: ; | AM25: -0.0070790742 | AN25: -0.071189694 | AO25: 0.0046558287 | AP25: -0.1287811 | AQ25: 0.035958078 | AR25: 0.25089681 | AS25: 0 | AT25: 1.5 | AU25: 0 | AV25: ;
I26: -0.0017902636 | J26: -0.096448004 | K26: -0.00032140285 | L26: -0.19694747 | M26: 0.006031421 | N26: 0.3346557 | O26: 0 | P26: 0 | Q26: 0.5 | R26: ] | X26: -0.0024072819 | Y26: -0.10561495 | Z26: 5.1816482e-05 | AA26: -0.2128104 | AB26: 0.0097759189 | AC26: 0.36723855 | AD26: 0 | AE26: 0 | AF26: 1 | AG26: ] | AM26: -0.0027650967 | AN26: -0.11132932 | AO26: 0.00022532861 | AP26: -0.22193864 | AQ26: 0.011183009 | AR26: 0.38772404 | AS26: 0 | AT26: 0 | AU26: 1.5 | AV26: ]
H27: [ | I27: -0.0021819151 | J27: -0.13427521 | K27: -0.00028121364 | L27: -0.47822568 | M27: 0.01204087 | N27: 0.39143002 | O27: 0 | P27: 0 | Q27: 0 | R27: ; | W27: [ | X27: -0.0021819151 | Y27: -0.13427521 | Z27: -0.00028121364 | AA27: -0.47822568 | AB27: 0.01204087 | AC27: 0.39143002 | AD27: 0 | AE27: 0 | AF27: 0 | AG27: ; | AL27: [ | AM27: -0.0021819151 | AN27: -0.13427521 | AO27: -0.00028121364 | AP27: -0.47822568 | AQ27: 0.01204087 | AR27: 0.39143002 | AS27: 0 | AT27: 0 | AU27: 0 | AV27: ;
I28: 0.0012836674 | J28: -0.12877797 | K28: -0.002512529 | L28: -0.45400995 | M28: -0.0072321929 | N28: 0.37721437 | O28: 0.5 | P28: 0 | Q28: 0 | R28: ; | X28: 0.0028106868 | Y28: -0.12150717 | Z28: -0.0033819505 | AA28: -0.42114067 | AB28: -0.014590077 | AC28: 0.35988471 | AD28: 1 | AE28: 0 | AF28: 0 | AG28: ; | AM28: 0.0057934392 | AN28: -0.11468495 | AO28: -0.0051649995 | AP28: -0.39321956 | AQ28: -0.031115167 | AR28: 0.34292188 | AS28: 1.5 | AT28: 0 | AU28: 0 | AV28: ;
I29: -0.0054718861 | J29: -0.1272857 | K29: 0.0021093844 | L29: -0.44874367 | M29: 0.03195196 | N29: 0.37463659 | O29: 0 | P29: 0.5 | Q29: 0 | R29: ; | X29: -0.0084775444 | Y29: -0.12061355 | Z29: 0.0042216349 | AA29: -0.41639054 | AB29: 0.049453981 | AC29: 0.35858697 | AD29: 0 | AE29: 1 | AF29: 0 | AG29: ; | AM29: -0.010975662 | AN29: -0.11342978 | AO29: 0.0059919022 | AP29: -0.38463625 | AQ29: 0.063686281 | AR29: 0.3399432 | AS29: 0 | AT29: 1.5 | AU29: 0 | AV29: ;
I30: -0.0035660644 | J30: -0.13650599 | K30: 0.00068410329 | L30: -0.48008558 | M30: 0.02164693 | N30: 0.3994419 | O30: 0 | P30: 0 | Q30: 0.5 | R30: ] | X30: -0.0038649328 | Y30: -0.14329924 | Z30: 0.00081204216 | AA30: -0.50669301 | AB30: 0.023730565 | AC30: 0.41881523 | AD30: 0 | AE30: 0 | AF30: 1 | AG30: ] | AM30: -0.0041735382 | AN30: -0.14866588 | AO30: 0.00093002978 | AP30: -0.52159506 | AQ30: 0.025465684 | AR30: 0.43503433 | AS30: 0 | AT30: 0 | AU30: 1.5 | AV30: ]
H31: [ | I31: -0.0010585423 | J31: -0.13548036 | K31: -0.0012497484 | L31: -0.72550738 | M31: 0.029684354 | N31: 0.1316857 | O31: 0 | P31: 0 | Q31: 0 | R31: ; | W31: [ | X31: -0.0010585423 | Y31: -0.13548036 | Z31: -0.0012497484 | AA31: -0.72550738 | AB31: 0.029684354 | AC31: 0.1316857 | AD31: 0 | AE31: 0 | AF31: 0 | AG31: ; | AL31: [ | AM31: -0.0010585423 | AN31: -0.13548036 | AO31: -0.0012497484 | AP31: -0.72550738 | AQ31: 0.029684354 | AR31: 0.1316857 | AS31: 0 | AT31: 0 | AU31: 0 | AV31: ;
I32: 0.0034768961 | J32: -0.12835875 | K32: -0.0037371893 | L32: -0.68468732 | M32: 0.0013471884 | N32: 0.12470359 | O32: 0.5 | P32: 0 | Q32: 0 | R32: ; | X32: 0.0043551014 | Y32: -0.12111333 | Z32: -0.0040987683 | AA32: -0.64230233 | AB32: -0.0047432221 | AC32: 0.1178631 | AD32: 1 | AE32: 0 | AF32: 0 | AG32: ; | AM32: 0.0079690441 | AN32: -0.11474589 | AO32: -0.0060131093 | AP32: -0.60557294 | AQ32: -0.027572308 | AR32: 0.11280394 | AS32: 1.5 | AT32: 0 | AU32: 0 | AV32: ;
I33: -0.0047603473 | J33: -0.12630911 | K33: 0.0010382459 | L33: -0.67384464 | M33: 0.050411098 | N33: 0.12262239 | O33: 0 | P33: 0.5 | Q33: 0 | R33: ; | X33: -0.0086691417 | Y33: -0.11911778 | Z33: 0.0034015933 | AA33: -0.63163328 | AB33: 0.072991878 | AC33: 0.11650781 | AD33: 0 | AE33: 1 | AF33: 0 | AG33: ; | AM33: -0.012933342 | AN33: -0.11227623 | AO33: 0.0059222737 | AP33: -0.59010398 | AQ33: 0.098144293 | AR33: 0.1114693 | AS33: 0 | AT33: 1.5 | AU33: 0 | AV33: ;
I34: -0.0028795241 | J34: -0.1319195 | K34: -0.00017411832 | L34: -0.7065748 | M34: 0.039400198 | N34: 0.12372924 | O34: 0 | P34: 0 | Q34: 0.5 | R34: ] | X34: -0.003551838 | Y34: -0.13410494 | Z34: 9.7808661e-05 | AA34: -0.72411191 | AB34: 0.043264478 | AC34: 0.1175122 | AD34: 0 | AE34: 0 | AF34: 1 | AG34: ] | AM34: -0.0046712058 | AN34: -0.13546343 | AO34: 0.00065623032 | AP34: -0.73237783 | AQ34: 0.049444705 | AR34: 0.11383668 | AS34: 0 | AT34: 0 | AU34: 1.5 | AV34: ]
H35: [ | I35: -0.00088630803 | J35: -0.067533724 | K35: -0.00047554963 | L35: -0.16650236 | M35: 0.002737375 | N35: 0.18086977 | O35: 0 | P35: 0 | Q35: 0 | R35: ; | W35: [ | X35: -0.00088630803 | Y35: -0.067533724 | Z35: -0.00047554963 | AA35: -0.16650236 | AB35: 0.002737375 | AC35: 0.18086977 | AD35: 0 | AE35: 0 | AF35: 0 | AG35: ; | AL35: [ | AM35: -0.00088630803 | AN35: -0.067533724 | AO35: -0.00047554963 | AP35: -0.16650236 | AQ35: 0.002737375 | AR35: 0.18086977 | AS35: 0 | AT35: 0 | AU35: 0 | AV35: ;
I36: 0.00092477654 | J36: -0.062701836 | K36: -0.0021035927 | L36: -0.15299556 | M36: -0.0071542356 | N36: 0.16794395 | O36: 0.5 | P36: 0 | Q36: 0 | R36: ; | X36: 0.0025487028 | Y36: -0.055173796 | Z36: -0.0034908522 | AA36: -0.13011025 | AB36: -0.015624847 | AC36: 0.14968893 | AD36: 1 | AE36: 0 | AF36: 0 | AG36: ; | AM36: 0.0039485237 | AN36: -0.049224552 | AO36: -0.0046761655 | AP36: -0.11018793 | AQ36: -0.023462433 | AR36: 0.13546607 | AS36: 1.5 | AT36: 0 | AU36: 0 | AV36: ;
I37: -0.0025075856 | J37: -0.061950248 | K37: 0.0012004109 | L37: -0.15164965 | M37: 0.010659743 | N37: 0.16722566 | O37: 0 | P37: 0.5 | Q37: 0 | R37: ; | X37: -0.0047332942 | Y37: -0.056048054 | Z37: 0.003401303 | AA37: -0.13074303 | AB37: 0.022813741 | AC37: 0.15238321 | AD37: 0 | AE37: 1 | AF37: 0 | AG37: ; | AM37: -0.006485003 | AN37: -0.050244842 | AO37: 0.0049826484 | AP37: -0.11217195 | AQ37: 0.03189408 | AR37: 0.13833103 | AS37: 0 | AT37: 1.5 | AU37: 0 | AV37: ;
I38: -0.0013516106 | J38: -0.072512239 | K38: -9.7901422e-05 | L38: -0.17993176 | M38: 0.004820154 | N38: 0.19574349 | O38: 0 | P38: 0 | Q38: 0.5 | R38: ] | X38: -0.0017024042 | Y38: -0.08094006 | Z38: 1.9386454e-05 | AA38: -0.19877099 | AB38: 0.0063251033 | AC38: 0.22032139 | AD38: 0 | AE38: 0 | AF38: 1 | AG38: ] | AM38: -0.0019612839 | AN38: -0.08807981 | AO38: 7.9460624e-05 | AP38: -0.21526557 | AQ38: 0.0073076328 | AR38: 0.23997113 | AS38: 0 | AT38: 0 | AU38: 1.5 | AV38: ]
H39: [ | I39: -0.0027598871 | J39: -0.12722152 | K39: -0.00088058261 | L39: -0.6718719 | M39: 0.017920591 | N39: 0.066542283 | O39: 0 | P39: 0 | Q39: 0 | R39: ; | W39: [ | X39: -0.0027598871 | Y39: -0.12722152 | Z39: -0.00088058261 | AA39: -0.6718719 | AB39: 0.017920591 | AC39: 0.066542283 | AD39: 0 | AE39: 0 | AF39: 0 | AG39: ; | AL39: [ | AM39: -0.0027598871 | AN39: -0.12722152 | AO39: -0.00088058261 | AP39: -0.6718719 | AQ39: 0.017920591 | AR39: 0.066542283 | AS39: 0 | AT39: 0 | AU39: 0 | AV39: ;
I40: 0.0019532591 | J40: -0.12139825 | K40: -0.0039110822 | L40: -0.6381498 | M40: -0.0082101487 | N40: 0.065069713 | O40: 0.5 | P40: 0 | Q40: 0 | R40: ; | X40: 0.0039539658 | Y40: -0.11398639 | Z40: -0.0050774128 | AA40: -0.59424073 | AB40: -0.020584011 | AC40: 0.061202116 | AD40: 1 | AE40: 0 | AF40: 0 | AG40: ; | AM40: 0.0082810381 | AN40: -0.10844211 | AO40: -0.007846294 | AP40: -0.55936807 | AQ40: -0.046268456 | AR40: 0.062992834 | AS40: 1.5 | AT40: 0 | AU40: 0 | AV40: ;
I41: -0.0071243802 | J41: -0.11870384 | K41: 0.0023287549 | L41: -0.62453347 | M41: 0.042728335 | N41: 0.060788006 | O41: 0 | P41: 0.5 | Q41: 0 | R41: ; | X41: -0.01152942 | Y41: -0.11257924 | Z41: 0.0054107048 | AA41: -0.58909464 | AB41: 0.067401126 | AC41: 0.058719873 | AD41: 0 | AE41: 1 | AF41: 0 | AG41: ; | AM41: -0.015550986 | AN41: -0.1071352 | AO41: 0.0081710052 | AP41: -0.55525368 | AQ41: 0.0893749 | AR41: 0.057175279 | AS41: 0 | AT41: 1.5 | AU41: 0 | AV41: ;
I42: -0.0045787622 | J42: -0.12431109 | K42: 0.00047403655 | L42: -0.65914351 | M42: 0.028539293 | N42: 0.058112755 | O42: 0 | P42: 0 | Q42: 0.5 | R42: ] | S42: } | X42: -0.0046229525 | Y42: -0.12288959 | Z42: 0.00048266863 | AA42: -0.65276098 | AB42: 0.028584428 | AC42: 0.054238036 | AD42: 0 | AE42: 0 | AF42: 1 | AG42: ] | AH42: } | AM42: -0.0057001724 | AN42: -0.136848 | AO42: 0.00087988528 | AP42: -0.73760039 | AQ42: 0.035193816 | AR42: 0.042752042 | AS42: 0 | AT42: 0 | AU42: 1.5 | AV42: ] | AW42: }
Y47: { | Z47: [ | AA47: -0.00028477586 | AB47: -0.058327373 | AC47: -0.0001506703 | AD47: 0.0060134237 | AE47: 0.0022609532 | AF47: 0.37637502 | AG47: 0 | AH47: 0 | AI47: 0 | AJ47: ]
Z48: [ | AA48: -0.001375952 | AB48: -0.12723181 | AC48: -0.0015217981 | AD48: -0.08266665 | AE48: -0.004741177 | AF48: 0.8163234 | AG48: 0 | AH48: 0 | AI48: 0 | AJ48: ]
Z49: [ | AA49: -0.00028428674 | AB49: -0.043962169 | AC49: -0.00019410931 | AD49: -0.014232989 | AE49: 0.00080315024 | AF49: 0.24872187 | AG49: 0 | AH49: 0 | AI49: 0 | AJ49: ] | AO49: [ | AP49: 0.4 | AQ49: 0.06 | AR49: 1.5707963 | AS49: 0 | AT49: 0 | AU49: 0 | AV49: ;
Z50: [ | AA50: -0.00090206554 | AB50: -0.095010705 | AC50: -0.00031485432 | AD50: -0.14170778 | AE50: 0.0032724366 | AF50: 0.46851912 | AG50: 0 | AH50: 0 | AI50: 0 | AJ50: ] | AP50: 0.8 | AQ50: 0.06 | AR50: 1.5707963 | AS50: 0 | AT50: 0 | AU50: 0 | AV50: ;
Z51: [ | AA51: -0.0013697715 | AB51: -0.12989934 | AC51: -0.0011154995 | AD51: -0.27736902 | AE51: 0.002998434 | AF51: 0.62586665 | AG51: 0 | AH51: 0 | AI51: 0 | AJ51: ] | AP51: 0.3 | AQ51: 0.08 | AR51: 1.5707963 | AS51: 0 | AT51: 0 | AU51: 0 | AV51: ;
Z52: [ | AA52: -0.0013016209 | AB52: -0.09177132 | AC52: -0.00068558258 | AD52: -0.18813878 | AE52: 0.0035599116 | AF52: 0.31649771 | AG52: 0 | AH52: 0 | AI52: 0 | AJ52: ] | AP52: 0.5 | AQ52: 0.1 | AR52: 1.5707963 | AS52: 0 | AT52: 0 | AU52: 0
Z53: [ | AA53: -0.0021819151 | AB53: -0.13427521 | AC53: -0.00028121364 | AD53: -0.47822568 | AE53: 0.01204087 | AF53: 0.39143002 | AG53: 0 | AH53: 0 | AI53: 0 | AJ53: ] | AP53: 0.7 | AQ53: 0.1 | AR53: 1.5707963 | AS53: 0 | AT53: 0 | AU53: 0 | AV53: ;
Z54: [ | AA54: -0.0010585423 | AB54: -0.13548036 | AC54: -0.0012497484 | AD54: -0.72550738 | AE54: 0.029684354 | AF54: 0.1316857 | AG54: 0 | AH54: 0 | AI54: 0 | AJ54: ] | AP54: 0.4 | AQ54: 0.16 | AR54: 1.5707963 | AS54: 0 | AT54: 0 | AU54: 0 | AV54: ;
Z55: [ | AA55: -0.00088630803 | AB55: -0.067533724 | AC55: -0.00047554963 | AD55: -0.16650236 | AE55: 0.002737375 | AF55: 0.18086977 | AG55: 0 | AH55: 0 | AI55: 0 | AJ55: ] | AP55: 0.6 | AQ55: 0.16 | AR55: 1.5707963 | AS55: 0 | AT55: 0 | AU55: 0 | AV55: ;
Z56: [ | AA56: -0.0027598871 | AB56: -0.12722152 | AC56: -0.00088058261 | AD56: -0.6718719 | AE56: 0.017920591 | AF56: 0.066542283 | AG56: 0 | AH56: 0 | AI56: 0 | AJ56: ] | AK56: } | AP56: 0.8 | AQ56: 0.18 | AR56: 1.5707963 | AS56: 0 | AT56: 0 | AU56: 0 | AV56: ;
AP57: 0.3 | AQ57: 0.2 | AR57: 1.5707963 | AS57: 0 | AT57: 0 | AU57: 0 | AV57: ;
AP58: 0.7 | AQ58: 0.2 | AR58: 1.5707963 | AS58: 0 | AT58: 0 | AU58: 0 | AV58: ]
A71: [ | B71: 0.4 | C71: 0.06 | D71: 1.5707963 | E71: 0 | F71: 0 | G71: 0 | H71: ;
B72: 0.8 | C72: 0.06 | D72: 1.5707963 | E72: 0 | F72: 0 | G72: 0 | H72: ;
B73: 0.3 | C73: 0.08 | D73: 1.5707963 | E73: 0 | F73: 0 | G73: 0 | H73: ;
B74: 0.5 | C74: 0.1 | D74: 1.5707963 | E74: 0 | F74: 0 | G74: 0 | H74: ;
B75: 0.7 | C75: 0.1 | D75: 1.5707963 | E75: 0 | F75: 0 | G75: 0 | H75: ;
B76: 0.4 | C76: 0.16 | D76: 1.5707963 | E76: 0 | F76: 0 | G76: 0 | H76: ;
B77: 0.6 | C77: 0.16 | D77: 1.5707963 | E77: 0 | F77: 0 | G77: 0 | H77: ;
B78: 0.8 | C78: 0.18 | D78: 1.5707963 | E78: 0 | F78: 0 | G78: 0 | H78: ;
B79: 0.3 | C79: 0.2 | D79: 1.5707963 | E79: 0 | F79: 0 | G79: 0 | H79: ;
B80: 0.7 | C80: 0.2 | D80: 1.5707963 | E80: 0 | F80: 0 | G80: 0 | H80: ]
