Workbook

Sheet Proximal Validation (prelim)
A2: Ground Truth | H2: Gimbal | J2: 6-Axis FT Sensor | P2: SoRoSim get_proximal_value | V2: Proximal Errors
A3: F (N) | B3: s (m) | C3: el (rad) | D3: az (deg) | E3: tau1 (N) | F3: tau2 (N) | G3: tau3 (N) | H3: α_roll (deg) | I3: β_pitch (deg) | J3: Tx (Nm) | K3: Ty (Nm) | L3: Tz(Nm) | M3: Fx (N) | N3: Fy (N) | O3: Fz (N) | P3: Tx (Nm) | Q3: Ty (Nm) | R3: Tz(Nm) | S3: Fx (N) | T3: Fy (N) | U3: Fz (N) | V3: Tx (Nm) | W3: Ty (Nm) | X3: Tz(Nm) | Y3: Fx (N) | Z3: Fy (N) | AA3: Fz (N)
A4: 0.713 | B4: 0.04 | C4: 1.571 | D4: -3.142 | E4: 1.19 | F4: 0.377 | G4: 0.338 | H4: =DEGREES(ATAN2(COS($C4) * SIN($D4), -SIN($C4)))+90 -> -4.7535757e-06 | I4: =DEGREES(ACOS(COS($C4) * COS($D4))) -> 89.98833 | J4: -0.0005501227 | K4: -0.09199293 | L4: 0.00083513604 | M4: -0.011971755 | N4: 0.0070847869 | O4: 0.69741023 | P4: 0.000109 | Q4: -0.09265 | R4: -3.6e-06 | S4: -0.01621 | T4: -4.7e-05 | U4: 0.712811 | V4: =ABS(J4-P4) -> 0.0006591227 | W4: =ABS(K4-Q4) -> 0.00065707042 | X4: =ABS(L4-R4) -> 0.00083873604 | Y4: =ABS(M4-S4) -> 0.004238245 | Z4: =ABS(N4-T4) -> 0.0071317869 | AA4: =ABS(O4-U4) -> 0.015400774
A5: 0.42 | B5: 0.1 | C5: 1.571 | D5: -3.142 | E5: 0.455 | F5: 0.619 | G5: 0.95 | H5: =DEGREES(ATAN2(COS($C5) * SIN($D5), -SIN($C5)))+90 -> -4.7535757e-06 | I5: =DEGREES(ACOS(COS($C5) * COS($D5))) -> 89.98833 | J5: 0.00015116832 | K5: -0.064147308 | L5: 0.00037789688 | M5: -0.01675386 | N5: 0.000162635 | O5: 0.32800156 | P5: -9.9e-05 | Q5: -0.07968 | R5: 1.38e-06 | S5: -0.02886 | T5: 4.33e-05 | U5: 0.419007 | V5: =ABS(J5-P5) -> 0.00025016832 | W5: =ABS(K5-Q5) -> 0.015532692 | X5: =ABS(L5-R5) -> 0.00037651688 | Y5: =ABS(M5-S5) -> 0.01210614 | Z5: =ABS(N5-T5) -> 0.000119335 | AA5: =ABS(O5-U5) -> 0.091005441
A6: 0.852 | B6: 0.06 | C6: 0.785 | D6: -3.142 | E6: 0.308 | F6: 0.694 | G6: 0.013 | H6: =DEGREES(ATAN2(COS($C6) * SIN($D6), -SIN($C6)))+90 -> 0.023357821 | I6: =DEGREES(ACOS(COS($C6) * COS($D6))) -> 135.02281 | J6: 0.0006245696 | K6: -0.081467919 | L6: -0.00096467417 | M6: -0.55178428 | N6: -0.0025920421 | O6: 0.49018782 | P6: -0.0001 | Q6: -0.08712 | R6: 0.000511 | S6: -0.62927 | T6: 0.004057 | U6: 0.574359 | V6: =ABS(J6-P6) -> 0.0007245696 | W6: =ABS(K6-Q6) -> 0.0056520809 | X6: =ABS(L6-R6) -> 0.0014756742 | Y6: =ABS(M6-S6) -> 0.077485723 | Z6: =ABS(N6-T6) -> 0.0066490421 | AA6: =ABS(O6-U6) -> 0.084171176
A7: 0.611 | B7: 0.1 | C7: 0.785 | D7: -3.142 | E7: 1.008 | F7: 0.046 | G7: 1.286 | H7: =DEGREES(ATAN2(COS($C7) * SIN($D7), -SIN($C7)))+90 -> 0.023357821 | I7: =DEGREES(ACOS(COS($C7) * COS($D7))) -> 135.02281 | J7: 0.0014487131 | K7: -0.092176184 | L7: -0.0007676839 | M7: -0.5339607 | N7: -0.0091972947 | O7: 0.43053609 | P7: 0.00059 | Q7: -0.079 | R7: -0.00208 | S7: -0.45588 | T7: -0.01395 | U7: 0.406559 | V7: =ABS(J7-P7) -> 0.00085871313 | W7: =ABS(K7-Q7) -> 0.013176184 | X7: =ABS(L7-R7) -> 0.0013123161 | Y7: =ABS(M7-S7) -> 0.0780807 | Z7: =ABS(N7-T7) -> 0.0047527053 | AA7: =ABS(O7-U7) -> 0.023977091
A8: 0.658 | B8: 0.04 | C8: -0.785 | D8: 0 | E8: 0.397 | F8: 0.309 | G8: 0.065 | H8: =DEGREES(ATAN2(COS($C8) * SIN($D8), -SIN($C8)))+90 -> 180 | I8: =DEGREES(ACOS(COS($C8) * COS($D8))) -> 44.977187 | J8: 0.0013399257 | K8: 0.060653578 | L8: 0.0018496325 | M8: 0.3945944 | N8: 0.0046048462 | O8: -0.48639551 | P8: -7.7e-06 | Q8: 0.060845 | R8: 4.56e-05 | S8: 0.461502 | T8: 0.0004 | U8: -0.46902 | V8: =ABS(J8-P8) -> 0.0013476257 | W8: =ABS(K8-Q8) -> 0.00019142151 | X8: =ABS(L8-R8) -> 0.0018040325 | Y8: =ABS(M8-S8) -> 0.066907599 | Z8: =ABS(N8-T8) -> 0.0042048462 | AA8: =ABS(O8-U8) -> 0.017375508
A9: 0.363 | B9: 0.18 | C9: -0.785 | D9: 0 | E9: 0.756 | F9: 1.339 | G9: 0.394 | H9: =DEGREES(ATAN2(COS($C9) * SIN($D9), -SIN($C9)))+90 -> 180 | I9: =DEGREES(ACOS(COS($C9) * COS($D9))) -> 44.977187 | J9: 0.0009165337 | K9: 0.043244336 | L9: 0.0038156479 | M9: 0.19862668 | N9: 0.0099807931 | O9: -0.16723004 | P9: 0.00113 | Q9: 0.075069 | R9: -0.00458 | S9: 0.209427 | T9: -0.02112 | U9: -0.2957 | V9: =ABS(J9-P9) -> 0.0002134663 | W9: =ABS(K9-Q9) -> 0.031824664 | X9: =ABS(L9-R9) -> 0.0083956479 | Y9: =ABS(M9-S9) -> 0.010800318 | Z9: =ABS(N9-T9) -> 0.031100793 | AA9: =ABS(O9-U9) -> 0.12846996
A10: 0.216 | B10: 0.04 | C10: -1.047 | D10: 0 | E10: 1.106 | F10: 0.213 | G10: 0.419 | H10: =DEGREES(ATAN2(COS($C10) * SIN($D10), -SIN($C10)))+90 -> 180 | I10: =DEGREES(ACOS(COS($C10) * COS($D10))) -> 59.988681 | J10: 0.00045122195 | K10: 0.0220937 | L10: 0.00041068564 | M10: 0.10166593 | N10: -0.0023199152 | O10: -0.17379917 | P10: -3.1e-05 | Q10: 0.024329 | R10: 0.000107 | S10: 0.107658 | T10: 0.000941 | U10: -0.18726 | V10: =ABS(J10-P10) -> 0.00048222195 | W10: =ABS(K10-Q10) -> 0.0022352998 | X10: =ABS(L10-R10) -> 0.00030368564 | Y10: =ABS(M10-S10) -> 0.005992071 | Z10: =ABS(N10-T10) -> 0.0032609152 | AA10: =ABS(O10-U10) -> 0.013460828
A11: 0.166 | B11: 0.1 | C11: -1.047 | D11: 0 | E11: 0.962 | F11: 0.959 | G11: 0.779 | H11: =DEGREES(ATAN2(COS($C11) * SIN($D11), -SIN($C11)))+90 -> 180 | I11: =DEGREES(ACOS(COS($C11) * COS($D11))) -> 59.988681 | J11: 0.00033241365 | K11: 0.022209086 | L11: 0.00023622061 | M11: 0.074208476 | N11: -0.0029545557 | O11: -0.11434805 | P11: -6.2e-07 | Q11: 0.027531 | R11: 1.31e-06 | S11: 0.07984 | T11: 8.66e-06 | U11: -0.14554 | V11: =ABS(J11-P11) -> 0.00033303365 | W11: =ABS(K11-Q11) -> 0.0053219145 | X11: =ABS(L11-R11) -> 0.00023491061 | Y11: =ABS(M11-S11) -> 0.0056315244 | Z11: =ABS(N11-T11) -> 0.0029632157 | AA11: =ABS(O11-U11) -> 0.031191954
A12: 0.184 | B12: 0.12 | C12: -1.047 | D12: 0 | E12: 0.276 | F12: 0.894 | G12: 0.747 | H12: =DEGREES(ATAN2(COS($C12) * SIN($D12), -SIN($C12)))+90 -> 180 | I12: =DEGREES(ACOS(COS($C12) * COS($D12))) -> 59.988681 | J12: 0.00041037553 | K12: 0.018090434 | L12: 0.00032764772 | M12: 0.055308752 | N12: -0.00017109048 | O12: -0.087187305 | P12: 0.000225 | Q12: 0.034217 | R12: -0.00045 | S12: 0.082174 | T12: -0.0027 | U12: -0.16461 | V12: =ABS(J12-P12) -> 0.00018537553 | W12: =ABS(K12-Q12) -> 0.016126566 | X12: =ABS(L12-R12) -> 0.00077764772 | Y12: =ABS(M12-S12) -> 0.026865248 | Z12: =ABS(N12-T12) -> 0.0025289095 | AA12: =ABS(O12-U12) -> 0.077422695
A13: 0.961 | B13: 0.14 | C13: -1.047 | D13: 0 | E13: 0.61 | F13: 0.648 | G13: 1.244 | H13: =DEGREES(ATAN2(COS($C13) * SIN($D13), -SIN($C13)))+90 -> 180 | I13: =DEGREES(ACOS(COS($C13) * COS($D13))) -> 59.988681 | J13: 0.0016050215 | K13: 0.20343687 | L13: -0.00094352686 | M13: 0.16312501 | N13: -0.011226714 | O13: -0.93589824 | P13: 0.000112 | Q13: 0.213129 | R13: -0.00021 | S13: 0.049297 | T13: -0.00097 | U13: -0.95956 | V13: =ABS(J13-P13) -> 0.0014930215 | W13: =ABS(K13-Q13) -> 0.0096921336 | X13: =ABS(L13-R13) -> 0.00073352686 | Y13: =ABS(M13-S13) -> 0.11382801 | Z13: =ABS(N13-T13) -> 0.010256714 | AA13: =ABS(O13-U13) -> 0.023661756
A14: 0.51 | B14: 0.06 | C14: -1.571 | D14: -3.142 | E14: 0.77 | F14: 0.723 | G14: 0.808 | H14: =DEGREES(ATAN2(COS($C14) * SIN($D14), -SIN($C14)))+90 -> 180 | I14: =DEGREES(ACOS(COS($C14) * COS($D14))) -> 89.98833 | J14: 0.0011370532 | K14: 0.069547608 | L14: -0.00019496295 | M14: 0.0058881054 | N14: -0.0041733608 | O14: -0.45174664 | P14: -1.1e-05 | Q14: 0.07646 | R14: -2.6e-07 | S14: -0.0162 | T14: -4e-06 | U14: -0.50974 | V14: =ABS(J14-P14) -> 0.0011480532 | W14: =ABS(K14-Q14) -> 0.0069123915 | X14: =ABS(L14-R14) -> 0.00019470295 | Y14: =ABS(M14-S14) -> 0.022088105 | Z14: =ABS(N14-T14) -> 0.0041693608 | AA14: =ABS(O14-U14) -> 0.057993357
A15: 0.309 | B15: 0.12 | C15: -1.571 | D15: 0 | E15: 0.075 | F15: 0.871 | G15: 0.308 | H15: =DEGREES(ATAN2(COS($C15) * SIN($D15), -SIN($C15)))+90 -> 180 | I15: =DEGREES(ACOS(COS($C15) * COS($D15))) -> 90.01167 | J15: 0.0011122038 | K15: 0.044223316 | L15: 0.00030775432 | M15: -0.0076349932 | N15: 0.0019808747 | O15: -0.20005062 | P15: 0.000558 | Q15: 0.064725 | R15: 1.26e-05 | S15: -0.02776 | T15: 0.000299 | U15: -0.30775 | V15: =ABS(J15-P15) -> 0.00055420381 | W15: =ABS(K15-Q15) -> 0.020501684 | X15: =ABS(L15-R15) -> 0.00029515432 | Y15: =ABS(M15-S15) -> 0.020125007 | Z15: =ABS(N15-T15) -> 0.0016818747 | AA15: =ABS(O15-U15) -> 0.10769938
... A18: 0.429 | B18: 0.18 | C18: -1.047 | D18: -3.142 | E18: 1.105 | F18: 1.337 | G18: 0.407 | H18: =DEGREES(ATAN2(COS($C18) * SIN($D18), -SIN($C18)))+90 -> 179.98652 | I18: =DEGREES(ACOS(COS($C18) * COS($D18))) -> 120.01132 | J18: 0.00086086942 | K18: 0.064414084 | L18: 0.0011422571 | M18: -0.11927793 | N18: -0.00085563958 | O18: -0.2179742 | P18: 0.000585 | Q18: 0.089931 | R18: 0.001246 | S18: -0.30026 | T18: 0.006161 | U18: -0.30629 | V18: =ABS(J18-P18) -> 0.00027586942 | W18: =ABS(K18-Q18) -> 0.025516916 | X18: =ABS(L18-R18) -> 0.00010374287 | Y18: =ABS(M18-S18) -> 0.18098207 | Z18: =ABS(N18-T18) -> 0.0070166396 | AA18: =ABS(O18-U18) -> 0.088315799
AI19: `
P26: 0.0017147952 | Q26: 0.066436306 | R26: 0.0047061667 | S26: -0.027332893 | T26: 0.01427271 | U26: -0.30307317

Sheet Distal Validation (prelim)
A2: Ground Truth | H2: Gimbal | J2: 6-Axis FT Sensor | P2: SoRoSim get_distal_value | T2: Distal Errors | X2: Ground-truth unit vector | AA2: Predicted unit vector
A3: F (N) | B3: s (m) | C3: el (rad) | D3: az (rad) | E3: tau1 (N) | F3: tau2 (N) | G3: tau3 (N) | H3: α_roll (deg) | I3: β_pitch (deg) | J3: Tx (Nm) | K3: Ty (Nm) | L3: Tz(Nm) | M3: Fx (N) | N3: Fy (N) | O3: Fz (N) | P3: F (N) | Q3: s (m) | R3: el (rad) | S3: az (rad) | T3: F (N) | U3: s (m) | V3: Combiend Angular (deg) | X3: x | Y3: y | Z3: z | AA3: x | AB3: y | AC3: z
A4: ='Proximal Validation (prelim)'!A4 -> 0.713 | B4: ='Proximal Validation (prelim)'!B4 -> 0.04 | C4: ='Proximal Validation (prelim)'!C4 -> 1.571 | D4: ='Proximal Validation (prelim)'!D4 -> -3.142 | E4: ='Proximal Validation (prelim)'!E4 -> 1.19 | F4: ='Proximal Validation (prelim)'!F4 -> 0.377 | G4: ='Proximal Validation (prelim)'!G4 -> 0.338 | H4: ='Proximal Validation (prelim)'!H4 -> -4.7535757e-06 | ... O4: ='Proximal Validation (prelim)'!O4 -> 0.69741023 | P4: 0.697144 | Q4: 0.042011 | R4: 1.558158 | S4: 0.921867 | T4: =P4-A4 -> -0.015856 | U4: =Q4-B4 -> 0.002011 | V4: =DEGREES(ACOS( MAX(-1, MIN(1, AA4*X4 + AB4*Y4 + AC4*Z4)) )) -> 0.71713454 | X4: =COS(C4)*COS(D4) -> 0.00020367319 | Y4: =COS(C4)*SIN(D4) -> -8.2965546e-08 | Z4: =SIN(C4) -> 0.99999998 | AA4: =COS(R4)*COS(S4) -> 0.0076375636 | AB4: =COS(R4)*SIN(S4) -> 0.010069082 | AC4: =SIN(R4) -> 0.99992014
A5: ='Proximal Validation (prelim)'!A5 -> 0.42 | B5: ='Proximal Validation (prelim)'!B5 -> 0.1 | C5: ='Proximal Validation (prelim)'!C5 -> 1.571 | D5: ='Proximal Validation (prelim)'!D5 -> -3.142 | E5: ='Proximal Validation (prelim)'!E5 -> 0.455 | F5: ='Proximal Validation (prelim)'!F5 -> 0.619 | G5: ='Proximal Validation (prelim)'!G5 -> 0.95 | H5: ='Proximal Validation (prelim)'!H5 -> -4.7535757e-06 | ... O5: ='Proximal Validation (prelim)'!O5 -> 0.32800156 | P5: 0.328561 | Q5: 0.102375 | R5: 1.570796 | S5: -2.13799 | T5: =P5-A5 -> -0.091439 | U5: =Q5-B5 -> 0.002375 | V5: =DEGREES(ACOS( MAX(-1, MIN(1, AA5*X5 + AB5*Y5 + AC5*Z5)) )) -> 0.011679679 | X5: =COS(C5)*COS(D5) -> 0.00020367319 | Y5: =COS(C5)*SIN(D5) -> -8.2965546e-08 | Z5: =SIN(C5) -> 0.99999998 | AA5: =COS(R5)*COS(S5) -> -1.755762e-07 | AB5: =COS(R5)*SIN(S5) -> -2.7562275e-07 | AC5: =SIN(R5) -> 1
A6: ='Proximal Validation (prelim)'!A6 -> 0.852 | B6: ='Proximal Validation (prelim)'!B6 -> 0.06 | C6: ='Proximal Validation (prelim)'!C6 -> 0.785 | D6: ='Proximal Validation (prelim)'!D6 -> -3.142 | E6: ='Proximal Validation (prelim)'!E6 -> 0.308 | F6: ='Proximal Validation (prelim)'!F6 -> 0.694 | G6: ='Proximal Validation (prelim)'!G6 -> 0.013 | H6: ='Proximal Validation (prelim)'!H6 -> 0.023357821 | ... O6: ='Proximal Validation (prelim)'!O6 -> 0.49018782 | P6: 0.738125 | Q6: 0.072558 | R6: 0.786265 | S6: -3.12675 | T6: =P6-A6 -> -0.113875 | U6: =Q6-B6 -> 0.012558 | V6: =DEGREES(ACOS( MAX(-1, MIN(1, AA6*X6 + AB6*Y6 + AC6*Z6)) )) -> 0.62193187 | X6: =COS(C6)*COS(D6) -> -0.70738821 | Y6: =COS(C6)*SIN(D6) -> 0.00028815206 | Z6: =SIN(C6) -> 0.70682518 | AA6: =COS(R6)*COS(S6) -> -0.70641575 | AB6: =COS(R6)*SIN(S6) -> -0.010485854 | AC6: =SIN(R6) -> 0.70771946
A7: ='Proximal Validation (prelim)'!A7 -> 0.611 | B7: ='Proximal Validation (prelim)'!B7 -> 0.1 | C7: ='Proximal Validation (prelim)'!C7 -> 0.785 | D7: ='Proximal Validation (prelim)'!D7 -> -3.142 | E7: ='Proximal Validation (prelim)'!E7 -> 1.008 | F7: ='Proximal Validation (prelim)'!F7 -> 0.046 | G7: ='Proximal Validation (prelim)'!G7 -> 1.286 | H7: ='Proximal Validation (prelim)'!H7 -> 0.023357821 | ... O7: ='Proximal Validation (prelim)'!O7 -> 0.43053609 | P7: 0.686306 | Q7: 0.114683 | R7: 0.77569 | S7: 3.115279 | T7: =P7-A7 -> 0.075306 | U7: =Q7-B7 -> 0.014683 | V7: =DEGREES(ACOS( MAX(-1, MIN(1, AA7*X7 + AB7*Y7 + AC7*Z7)) )) -> 1.1820395 | X7: =COS(C7)*COS(D7) -> -0.70738821 | Y7: =COS(C7)*SIN(D7) -> 0.00028815206 | Z7: =SIN(C7) -> 0.70682518 | AA7: =COS(R7)*COS(S7) -> -0.71369091 | AB7: =COS(R7)*SIN(S7) -> 0.018784151 | AC7: =SIN(R7) -> 0.70020886
A8: ='Proximal Validation (prelim)'!A8 -> 0.658 | B8: ='Proximal Validation (prelim)'!B8 -> 0.04 | C8: ='Proximal Validation (prelim)'!C8 -> -0.785 | D8: ='Proximal Validation (prelim)'!D8 -> 0 | E8: ='Proximal Validation (prelim)'!E8 -> 0.397 | F8: ='Proximal Validation (prelim)'!F8 -> 0.309 | G8: ='Proximal Validation (prelim)'!G8 -> 0.065 | H8: ='Proximal Validation (prelim)'!H8 -> 180 | ... O8: ='Proximal Validation (prelim)'!O8 -> -0.48639551 | P8: 0.626296 | Q8: 0.035716 | R8: -0.88149 | S8: 0.012138 | T8: =P8-A8 -> -0.031704 | U8: =Q8-B8 -> -0.004284 | V8: =DEGREES(ACOS( MAX(-1, MIN(1, AA8*X8 + AB8*Y8 + AC8*Z8)) )) -> 5.548145 | X8: =COS(C8)*COS(D8) -> 0.70738827 | Y8: =COS(C8)*SIN(D8) -> 0 | Z8: =SIN(C8) -> -0.70682518 | AA8: =COS(R8)*COS(S8) -> 0.63595519 | AB8: =COS(R8)*SIN(S8) -> 0.0077196032 | AC8: =SIN(R8) -> -0.77168738
A9: ='Proximal Validation (prelim)'!A9 -> 0.363 | B9: ='Proximal Validation (prelim)'!B9 -> 0.18 | C9: ='Proximal Validation (prelim)'!C9 -> -0.785 | D9: ='Proximal Validation (prelim)'!D9 -> 0 | E9: ='Proximal Validation (prelim)'!E9 -> 0.756 | F9: ='Proximal Validation (prelim)'!F9 -> 1.339 | G9: ='Proximal Validation (prelim)'!G9 -> 0.394 | H9: ='Proximal Validation (prelim)'!H9 -> 180 | ... O9: ='Proximal Validation (prelim)'!O9 -> -0.16723004 | P9: 0.26 | Q9: 0.180788 | R9: -0.63808 | S9: 0.108522 | T9: =P9-A9 -> -0.103 | U9: =Q9-B9 -> 0.000788 | V9: =DEGREES(ACOS( MAX(-1, MIN(1, AA9*X9 + AB9*Y9 + AC9*Z9)) )) -> 9.6383926 | X9: =COS(C9)*COS(D9) -> 0.70738827 | Y9: =COS(C9)*SIN(D9) -> 0 | Z9: =SIN(C9) -> -0.70682518 | AA9: =COS(R9)*COS(S9) -> 0.79851564 | AB9: =COS(R9)*SIN(S9) -> 0.08699831 | AC9: =SIN(R9) -> -0.59565432
A10: ='Proximal Validation (prelim)'!A10 -> 0.216 | B10: ='Proximal Validation (prelim)'!B10 -> 0.04 | C10: ='Proximal Validation (prelim)'!C10 -> -1.047 | D10: ='Proximal Validation (prelim)'!D10 -> 0 | E10: ='Proximal Validation (prelim)'!E10 -> 1.106 | F10: ='Proximal Validation (prelim)'!F10 -> 0.213 | G10: ='Proximal Validation (prelim)'!G10 -> 0.419 | H10: ='Proximal Validation (prelim)'!H10 -> 180 | ... O10: ='Proximal Validation (prelim)'!O10 -> -0.17379917 | P10: 0.201703 | Q10: 0.036476 | R10: -1.0393 | S10: -0.02695 | T10: =P10-A10 -> -0.014297 | U10: =Q10-B10 -> -0.003524 | V10: =DEGREES(ACOS( MAX(-1, MIN(1, AA10*X10 + AB10*Y10 + AC10*Z10)) )) -> 0.89388794 | X10: =COS(C10)*COS(D10) -> 0.50017107 | Y10: =COS(C10)*SIN(D10) -> 0 | Z10: =SIN(C10) -> -0.86592661 | AA10: =COS(R10)*COS(S10) -> 0.50663977 | AB10: =COS(R10)*SIN(S10) -> -0.013657248 | AC10: =SIN(R10) -> -0.86204966
A11: ='Proximal Validation (prelim)'!A11 -> 0.166 | B11: ='Proximal Validation (prelim)'!B11 -> 0.1 | C11: ='Proximal Validation (prelim)'!C11 -> -1.047 | D11: ='Proximal Validation (prelim)'!D11 -> 0 | E11: ='Proximal Validation (prelim)'!E11 -> 0.962 | F11: ='Proximal Validation (prelim)'!F11 -> 0.959 | G11: ='Proximal Validation (prelim)'!G11 -> 0.779 | H11: ='Proximal Validation (prelim)'!H11 -> 180 | ... O11: ='Proximal Validation (prelim)'!O11 -> -0.11434805 | P11: 0.135945 | Q11: 0.103683 | R11: -0.97736 | S11: -0.03754 | T11: =P11-A11 -> -0.030055 | U11: =Q11-B11 -> 0.003683 | V11: =DEGREES(ACOS( MAX(-1, MIN(1, AA11*X11 + AB11*Y11 + AC11*Z11)) )) -> 4.1491742 | X11: =COS(C11)*COS(D11) -> 0.50017107 | Y11: =COS(C11)*SIN(D11) -> 0 | Z11: =SIN(C11) -> -0.86592661 | AA11: =COS(R11)*COS(S11) -> 0.55881913 | AB11: =COS(R11)*SIN(S11) -> -0.02098793 | AC11: =SIN(R11) -> -0.82902394
A12: ='Proximal Validation (prelim)'!A12 -> 0.184 | B12: ='Proximal Validation (prelim)'!B12 -> 0.12 | C12: ='Proximal Validation (prelim)'!C12 -> -1.047 | D12: ='Proximal Validation (prelim)'!D12 -> 0 | E12: ='Proximal Validation (prelim)'!E12 -> 0.276 | F12: ='Proximal Validation (prelim)'!F12 -> 0.894 | G12: ='Proximal Validation (prelim)'!G12 -> 0.747 | H12: ='Proximal Validation (prelim)'!H12 -> 180 | ... O12: ='Proximal Validation (prelim)'!O12 -> -0.087187305 | P12: 0.102928 | Q12: 0.118312 | R12: -0.97177 | S12: 0.028124 | T12: =P12-A12 -> -0.081072 | U12: =Q12-B12 -> -0.001688 | V12: =DEGREES(ACOS( MAX(-1, MIN(1, AA12*X12 + AB12*Y12 + AC12*Z12)) )) -> 4.3945586 | X12: =COS(C12)*COS(D12) -> 0.50017107 | Y12: =COS(C12)*SIN(D12) -> 0 | Z12: =SIN(C12) -> -0.86592661 | AA12: =COS(R12)*COS(S12) -> 0.56361563 | AB12: =COS(R12)*SIN(S12) -> 0.015855306 | AC12: =SIN(R12) -> -0.825885
A13: ='Proximal Validation (prelim)'!A13 -> 0.961 | B13: ='Proximal Validation (prelim)'!B13 -> 0.14 | C13: ='Proximal Validation (prelim)'!C13 -> -1.047 | D13: ='Proximal Validation (prelim)'!D13 -> 0 | E13: ='Proximal Validation (prelim)'!E13 -> 0.61 | F13: ='Proximal Validation (prelim)'!F13 -> 0.648 | G13: ='Proximal Validation (prelim)'!G13 -> 1.244 | H13: ='Proximal Validation (prelim)'!H13 -> 180 | ... O13: ='Proximal Validation (prelim)'!O13 -> -0.93589824 | P13: 0.950294 | Q13: 0.137302 | R13: -0.97117 | S13: -0.01532 | T13: =P13-A13 -> -0.010706 | U13: =Q13-B13 -> -0.002698 | V13: =DEGREES(ACOS( MAX(-1, MIN(1, AA13*X13 + AB13*Y13 + AC13*Z13)) )) -> 4.3697187 | X13: =COS(C13)*COS(D13) -> 0.50017107 | Y13: =COS(C13)*SIN(D13) -> 0 | Z13: =SIN(C13) -> -0.86592661 | AA13: =COS(R13)*COS(S13) -> 0.5642678 | AB13: =COS(R13)*SIN(S13) -> -0.0086452591 | AC13: =SIN(R13) -> -0.82554655
A14: ='Proximal Validation (prelim)'!A14 -> 0.51 | B14: ='Proximal Validation (prelim)'!B14 -> 0.06 | C14: ='Proximal Validation (prelim)'!C14 -> -1.571 | D14: ='Proximal Validation (prelim)'!D14 -> -3.142 | E14: ='Proximal Validation (prelim)'!E14 -> 0.77 | F14: ='Proximal Validation (prelim)'!F14 -> 0.723 | G14: ='Proximal Validation (prelim)'!G14 -> 0.808 | H14: ='Proximal Validation (prelim)'!H14 -> 180 | ... O14: ='Proximal Validation (prelim)'!O14 -> -0.45174664 | P14: 0.452059 | Q14: 0.064913 | R14: -1.52278 | S14: -0.18149 | T14: =P14-A14 -> -0.057941 | U14: =Q14-B14 -> 0.004913 | V14: =DEGREES(ACOS( MAX(-1, MIN(1, AA14*X14 + AB14*Y14 + AC14*Z14)) )) -> 2.7396549 | X14: =COS(C14)*COS(D14) -> 0.00020367319 | Y14: =COS(C14)*SIN(D14) -> -8.2965546e-08 | Z14: =SIN(C14) -> -0.99999998 | AA14: =COS(R14)*COS(S14) -> 0.047209554 | AB14: =COS(R14)*SIN(S14) -> -0.0086633915 | AC14: =SIN(R14) -> -0.99884744
A15: ='Proximal Validation (prelim)'!A15 -> 0.309 | B15: ='Proximal Validation (prelim)'!B15 -> 0.12 | C15: ='Proximal Validation (prelim)'!C15 -> -1.571 | D15: ='Proximal Validation (prelim)'!D15 -> 0 | E15: ='Proximal Validation (prelim)'!E15 -> 0.075 | F15: ='Proximal Validation (prelim)'!F15 -> 0.871 | G15: ='Proximal Validation (prelim)'!G15 -> 0.308 | H15: ='Proximal Validation (prelim)'!H15 -> 180 | ... O15: ='Proximal Validation (prelim)'!O15 -> -0.20005062 | P15: 0.200166 | Q15: 0.130096 | R15: -1.5411 | S15: 0.344539 | T15: =P15-A15 -> -0.108834 | U15: =Q15-B15 -> 0.010096 | V15: =DEGREES(ACOS( MAX(-1, MIN(1, AA15*X15 + AB15*Y15 + AC15*Z15)) )) -> 1.7124625 | X15: =COS(C15)*COS(D15) -> -0.0002036732 | Y15: =COS(C15)*SIN(D15) -> 0 | Z15: =SIN(C15) -> -0.99999998 | AA15: =COS(R15)*COS(S15) -> 0.027947003 | AB15: =COS(R15)*SIN(S15) -> 0.01002884 | AC15: =SIN(R15) -> -0.9995591
... A18: ='Proximal Validation (prelim)'!A18 -> 0.429 | B18: ='Proximal Validation (prelim)'!B18 -> 0.18 | C18: ='Proximal Validation (prelim)'!C18 -> -1.047 | D18: ='Proximal Validation (prelim)'!D18 -> -3.142 | E18: ='Proximal Validation (prelim)'!E18 -> 1.105 | F18: ='Proximal Validation (prelim)'!F18 -> 1.337 | G18: ='Proximal Validation (prelim)'!G18 -> 0.407 | H18: ='Proximal Validation (prelim)'!H18 -> 179.98652 | ... O18: ='Proximal Validation (prelim)'!O18 -> -0.2179742 | P18: 0.248487 | Q18: 0.2 | R18: -1.22007 | S18: -3.09454 | T18: =P18-A18 -> -0.180513 | U18: =Q18-B18 -> 0.02 | V18: =DEGREES(ACOS( MAX(-1, MIN(1, AA18*X18 + AB18*Y18 + AC18*Z18)) )) -> 9.9803565 | X18: =COS(C18)*COS(D18) -> -0.50017103 | Y18: =COS(C18)*SIN(D18) -> 0.00020374289 | Z18: =SIN(C18) -> -0.86592661 | AA18: =COS(R18)*COS(S18) -> -0.34319974 | AB18: =COS(R18)*SIN(S18) -> -0.016160387 | AC18: =SIN(R18) -> -0.93912341
T24: ABS Mean Error
T25: {=AVERAGE(ABS(T4:T18))} -> 0.082715 | U25: {=AVERAGE(ABS(U4:U18))} -> 0.0073351333 | V25: {=AVERAGE(ABS(V4:V18))} -> 3.408154
T26: Mean Error
T27: =AVERAGE(T4:T18) -> -0.0726742 | U27: =AVERAGE(U4:U18) -> 0.0021458 | V27: =AVERAGE(V4:V18) -> 3.408154
T28: STDEV
T29: =_xlfn.STDEV.S(T4:T18) -> 0.079952522 | U29: =_xlfn.STDEV.S(U4:U18) -> 0.010721616 | V29: =_xlfn.STDEV.S(V4:V18) -> 3.2155156

Sheet Proximal Validation (single)
A1: Ground Truth | H1: Gimbal | J1: 6-Axis FT Sensor | P1: SoRoSim get_proximal_value | V1: Proximal Errors
A2: F (N) | B2: s (m) | C2: el (rad) | D2: az (deg) | E2: tau1 (N) | F2: tau2 (N) | G2: tau3 (N) | H2: α_roll (deg) | I2: β_pitch (deg) | J2: Tx (Nm) | K2: Ty (Nm) | L2: Tz(Nm) | M2: Fx (N) | N2: Fy (N) | O2: Fz (N) | P2: Tx (Nm) | Q2: Ty (Nm) | R2: Tz(Nm) | S2: Fx (N) | T2: Fy (N) | U2: Fz (N) | V2: Tx (Nm) | W2: Ty (Nm) | X2: Tz(Nm) | Y2: Fx (N) | Z2: Fy (N) | AA2: Fz (N)
A3: 0.713 | B3: 0.04 | C3: 1.571 | D3: -3.142 | E3: 1.19 | F3: 0.377 | G3: 0.338 | H3: =DEGREES(ATAN2(COS($C3) * SIN($D3), -SIN($C3)))+90 -> -4.7535757e-06 | I3: =DEGREES(ACOS(COS($C3) * COS($D3))) -> 89.98833 | J3: -0.00016326946 | K3: -0.10088179 | L3: 0.0015315763 | M3: -0.028801661 | N3: 0.012661368 | O3: 0.76009643 | P3: 0.000109 | Q3: -0.09265 | R3: -3.6e-06 | S3: -0.01621 | T3: -4.7e-05 | U3: 0.712811 | V3: =ABS(J3-P3) -> 0.00027226946 | W3: =ABS(K3-Q3) -> 0.0082317852 | X3: =ABS(L3-R3) -> 0.0015351763 | Y3: =ABS(M3-S3) -> 0.012591661 | Z3: =ABS(N3-T3) -> 0.012708368 | AA3: =ABS(O3-U3) -> 0.047285431
A4: 0.42 | B4: 0.1 | C4: 1.571 | D4: -3.142 | E4: 0.455 | F4: 0.619 | G4: 0.95 | H4: =DEGREES(ATAN2(COS($C4) * SIN($D4), -SIN($C4)))+90 -> -4.7535757e-06 | I4: =DEGREES(ACOS(COS($C4) * COS($D4))) -> 89.98833 | J4: -0.00051882281 | K4: -0.071877092 | L4: 0.0016076842 | M4: 0.0044302065 | N4: 0.0089177527 | O4: 0.37066662 | P4: -9.9e-05 | Q4: -0.07968 | R4: 1.38e-06 | S4: -0.02886 | T4: 4.33e-05 | U4: 0.419007 | V4: =ABS(J4-P4) -> 0.00041982281 | W4: =ABS(K4-Q4) -> 0.0078029079 | X4: =ABS(L4-R4) -> 0.0016063042 | Y4: =ABS(M4-S4) -> 0.033290206 | Z4: =ABS(N4-T4) -> 0.0088744527 | AA4: =ABS(O4-U4) -> 0.048340377
A5: 0.852 | B5: 0.06 | C5: 0.785 | D5: -3.142 | E5: 0.308 | F5: 0.694 | G5: 0.013 | H5: =DEGREES(ATAN2(COS($C5) * SIN($D5), -SIN($C5)))+90 -> 0.023357821 | I5: =DEGREES(ACOS(COS($C5) * COS($D5))) -> 135.02281 | J5: 0.0050875843 | K5: -0.095912658 | L5: -0.0031094127 | M5: -0.6831547 | N5: -0.017542303 | O5: 0.53376687 | P5: -0.0001 | Q5: -0.08712 | R5: 0.000511 | S5: -0.62927 | T5: 0.004057 | U5: 0.574359 | V5: =ABS(J5-P5) -> 0.0051875843 | W5: =ABS(K5-Q5) -> 0.0087926577 | X5: =ABS(L5-R5) -> 0.0036204127 | Y5: =ABS(M5-S5) -> 0.053884702 | Z5: =ABS(N5-T5) -> 0.021599303 | AA5: =ABS(O5-U5) -> 0.040592134
A6: 0.611 | B6: 0.1 | C6: 0.785 | D6: -3.142 | E6: 1.008 | F6: 0.046 | G6: 1.286 | H6: =DEGREES(ATAN2(COS($C6) * SIN($D6), -SIN($C6)))+90 -> 0.023357821 | I6: =DEGREES(ACOS(COS($C6) * COS($D6))) -> 135.02281 | J6: 0.0013818801 | K6: -0.077725053 | L6: 0.00075050461 | M6: -0.4768908 | N6: -0.0051729009 | O6: 0.36760026 | P6: 0.00059 | Q6: -0.079 | R6: -0.00208 | S6: -0.45588 | T6: -0.01395 | U6: 0.406559 | V6: =ABS(J6-P6) -> 0.00079188014 | W6: =ABS(K6-Q6) -> 0.0012749472 | X6: =ABS(L6-R6) -> 0.0028305046 | Y6: =ABS(M6-S6) -> 0.021010802 | Z6: =ABS(N6-T6) -> 0.0087770991 | AA6: =ABS(O6-U6) -> 0.038958738
A7: 0.658 | B7: 0.04 | C7: -0.785 | D7: 0 | E7: 0.397 | F7: 0.309 | G7: 0.065 | H7: =DEGREES(ATAN2(COS($C7) * SIN($D7), -SIN($C7)))+90 -> 180 | I7: =DEGREES(ACOS(COS($C7) * COS($D7))) -> 44.977187 | J7: 0.0010729681 | K7: 0.057813205 | L7: 0.00089241954 | M7: 0.47709453 | N7: -0.0088123307 | O7: -0.47201949 | P7: -7.7e-06 | Q7: 0.060845 | R7: 4.56e-05 | S7: 0.461502 | T7: 0.0004 | U7: -0.46902 | V7: =ABS(J7-P7) -> 0.0010806681 | W7: =ABS(K7-Q7) -> 0.0030317952 | X7: =ABS(L7-R7) -> 0.00084681954 | Y7: =ABS(M7-S7) -> 0.015592531 | Z7: =ABS(N7-T7) -> 0.0092123307 | AA7: =ABS(O7-U7) -> 0.0029994936
A8: 0.363 | B8: 0.18 | C8: -0.785 | D8: 0 | E8: 0.756 | F8: 1.339 | G8: 0.394 | H8: =DEGREES(ATAN2(COS($C8) * SIN($D8), -SIN($C8)))+90 -> 180 | I8: =DEGREES(ACOS(COS($C8) * COS($D8))) -> 44.977187 | J8: 0.002431195 | K8: 0.073576458 | L8: 0.0050929911 | M8: 0.17550503 | N8: 0.012399044 | O8: -0.29193351 | P8: 0.00113 | Q8: 0.075069 | R8: -0.00458 | S8: 0.209427 | T8: -0.02112 | U8: -0.2957 | V8: =ABS(J8-P8) -> 0.001301195 | W8: =ABS(K8-Q8) -> 0.0014925422 | X8: =ABS(L8-R8) -> 0.0096729911 | Y8: =ABS(M8-S8) -> 0.033921973 | Z8: =ABS(N8-T8) -> 0.033519044 | AA8: =ABS(O8-U8) -> 0.0037664933
A9: 0.216 | B9: 0.04 | C9: -1.047 | D9: 0 | E9: 1.106 | F9: 0.213 | G9: 0.419 | H9: =DEGREES(ATAN2(COS($C9) * SIN($D9), -SIN($C9)))+90 -> 180 | I9: =DEGREES(ACOS(COS($C9) * COS($D9))) -> 59.988681 | J9: 0.00035711145 | K9: 0.018554492 | L9: 0.00041511812 | M9: 0.081662133 | N9: -0.0031207241 | O9: -0.14335287 | P9: -3.1e-05 | Q9: 0.024329 | R9: 0.000107 | S9: 0.107658 | T9: 0.000941 | U9: -0.18726 | V9: =ABS(J9-P9) -> 0.00038811145 | W9: =ABS(K9-Q9) -> 0.0057745081 | X9: =ABS(L9-R9) -> 0.00030811812 | Y9: =ABS(M9-S9) -> 0.025995867 | Z9: =ABS(N9-T9) -> 0.0040617241 | AA9: =ABS(O9-U9) -> 0.043907134
A10: 0.166 | B10: 0.1 | C10: -1.047 | D10: 0 | E10: 0.962 | F10: 0.959 | G10: 0.779 | H10: =DEGREES(ATAN2(COS($C10) * SIN($D10), -SIN($C10)))+90 -> 180 | I10: =DEGREES(ACOS(COS($C10) * COS($D10))) -> 59.988681 | J10: 0.00015705972 | K10: 0.016164383 | L10: 0.00030920116 | M10: 0.060226541 | N10: -0.0028210813 | O10: -0.08474502 | P10: -6.2e-07 | Q10: 0.027531 | R10: 1.31e-06 | S10: 0.07984 | T10: 8.66e-06 | U10: -0.14554 | V10: =ABS(J10-P10) -> 0.00015767972 | W10: =ABS(K10-Q10) -> 0.011366617 | X10: =ABS(L10-R10) -> 0.00030789116 | Y10: =ABS(M10-S10) -> 0.019613459 | Z10: =ABS(N10-T10) -> 0.0028297413 | AA10: =ABS(O10-U10) -> 0.06079498
A11: 0.184 | B11: 0.12 | C11: -1.047 | D11: 0 | E11: 0.276 | F11: 0.894 | G11: 0.747 | H11: =DEGREES(ATAN2(COS($C11) * SIN($D11), -SIN($C11)))+90 -> 180 | I11: =DEGREES(ACOS(COS($C11) * COS($D11))) -> 59.988681 | J11: 0.00021470242 | K11: 0.015533366 | L11: 0.00036654109 | M11: 0.046168812 | N11: -0.0015444607 | O11: -0.073661819 | P11: 0.000225 | Q11: 0.034217 | R11: -0.00045 | S11: 0.082174 | T11: -0.0027 | U11: -0.16461 | V11: =ABS(J11-P11) -> 1.0297579e-05 | W11: =ABS(K11-Q11) -> 0.018683634 | X11: =ABS(L11-R11) -> 0.00081654109 | Y11: =ABS(M11-S11) -> 0.036005188 | Z11: =ABS(N11-T11) -> 0.0011555393 | AA11: =ABS(O11-U11) -> 0.090948181
A12: 0.961 | B12: 0.14 | C12: -1.047 | D12: 0 | E12: 0.61 | F12: 0.648 | G12: 1.244 | H12: =DEGREES(ATAN2(COS($C12) * SIN($D12), -SIN($C12)))+90 -> 180 | I12: =DEGREES(ACOS(COS($C12) * COS($D12))) -> 59.988681 | J12: 0.0031155148 | K12: 0.20931207 | L12: -0.00050425099 | M12: 0.07192111 | N12: -0.010019064 | O12: -0.94342941 | P12: 0.000112 | Q12: 0.213129 | R12: -0.00021 | S12: 0.049297 | T12: -0.00097 | U12: -0.95956 | V12: =ABS(J12-P12) -> 0.0030035148 | W12: =ABS(K12-Q12) -> 0.0038169336 | X12: =ABS(L12-R12) -> 0.00029425099 | Y12: =ABS(M12-S12) -> 0.02262411 | Z12: =ABS(N12-T12) -> 0.0090490639 | AA12: =ABS(O12-U12) -> 0.01613059
A13: 0.51 | B13: 0.06 | C13: -1.571 | D13: -3.142 | E13: 0.77 | F13: 0.723 | G13: 0.808 | H13: =DEGREES(ATAN2(COS($C13) * SIN($D13), -SIN($C13)))+90 -> 180 | I13: =DEGREES(ACOS(COS($C13) * COS($D13))) -> 89.98833 | J13: 0.0012828014 | K13: 0.076031476 | L13: 0.00015808671 | M13: 0.0078634992 | N13: -0.0035974979 | O13: -0.49391869 | P13: -1.1e-05 | Q13: 0.07646 | R13: -2.6e-07 | S13: -0.0162 | T13: -4e-06 | U13: -0.50974 | V13: =ABS(J13-P13) -> 0.0012938014 | W13: =ABS(K13-Q13) -> 0.00042852374 | X13: =ABS(L13-R13) -> 0.00015834671 | Y13: =ABS(M13-S13) -> 0.024063499 | Z13: =ABS(N13-T13) -> 0.0035934979 | AA13: =ABS(O13-U13) -> 0.015821313
A14: 0.309 | B14: 0.12 | C14: -1.571 | D14: 0 | E14: 0.075 | F14: 0.871 | G14: 0.308 | H14: =DEGREES(ATAN2(COS($C14) * SIN($D14), -SIN($C14)))+90 -> 180 | I14: =DEGREES(ACOS(COS($C14) * COS($D14))) -> 90.01167 | J14: 0.0010434185 | K14: 0.053879973 | L14: 0.0005687002 | M14: -0.018664565 | N14: -0.0024635009 | O14: -0.24773327 | P14: 0.000558 | Q14: 0.064725 | R14: 1.26e-05 | S14: -0.02776 | T14: 0.000299 | U14: -0.30775 | V14: =ABS(J14-P14) -> 0.00048541854 | W14: =ABS(K14-Q14) -> 0.010845027 | X14: =ABS(L14-R14) -> 0.0005561002 | Y14: =ABS(M14-S14) -> 0.0090954351 | Z14: =ABS(N14-T14) -> 0.0027625009 | AA14: =ABS(O14-U14) -> 0.060016735
... A17: 0.429 | B17: 0.18 | C17: -1.047 | D17: -3.142 | E17: 1.105 | F17: 1.337 | G17: 0.407 | H17: =DEGREES(ATAN2(COS($C17) * SIN($D17), -SIN($C17)))+90 -> 179.98652 | I17: =DEGREES(ACOS(COS($C17) * COS($D17))) -> 120.01132 | J17: -0.00033441791 | K17: 0.093109056 | L17: -0.0020891901 | M17: -0.341804 | N17: -0.023063254 | O17: -0.014767043 | P17: 0.000585 | Q17: 0.089931 | R17: 0.001246 | S17: -0.30026 | T17: 0.006161 | U17: -0.30629 | V17: =ABS(J17-P17) -> 0.00091941791 | W17: =ABS(K17-Q17) -> 0.0031780564 | X17: =ABS(L17-R17) -> 0.0033351901 | Y17: =ABS(M17-S17) -> 0.041543998 | Z17: =ABS(N17-T17) -> 0.029224254 | AA17: =ABS(O17-U17) -> 0.29152296

Sheet Distal Validation (single)
A1: Ground Truth | H1: Gimbal | J1: 6-Axis FT Sensor | P1: SoRoSim get_distal_value | T1: Distal Errors | X1: Ground-truth unit vector | AA1: Predicted unit vector
A2: F (N) | B2: s (m) | C2: el (rad) | D2: az (rad) | E2: tau1 (N) | F2: tau2 (N) | G2: tau3 (N) | H2: α_roll (deg) | I2: β_pitch (deg) | J2: Tx (Nm) | K2: Ty (Nm) | L2: Tz(Nm) | M2: Fx (N) | N2: Fy (N) | O2: Fz (N) | P2: F (N) | Q2: s (m) | R2: el (rad) | S2: az (rad) | T2: F (N) | U2: s (m) | V2: Combiend Angular (deg) | X2: x | Y2: y | Z2: z | AA2: x | AB2: y | AC2: z
A3: ='Proximal Validation (single)'!A3 -> 0.713 | B3: ='Proximal Validation (single)'!B3 -> 0.04 | C3: ='Proximal Validation (single)'!C3 -> 1.571 | D3: ='Proximal Validation (single)'!D3 -> -3.142 | E3: ='Proximal Validation (single)'!E3 -> 1.19 | F3: ='Proximal Validation (single)'!F3 -> 0.377 | G3: ='Proximal Validation (single)'!G3 -> 0.338 | H3: ='Proximal Validation (single)'!H3 -> -4.7535757e-06 | ... O3: ='Proximal Validation (single)'!O3 -> 0.76009643 | P3: 0.760753 | Q3: 0.04273 | R3: 1.551087 | S3: 2.120863 | T3: =P3-A3 -> 0.047753 | U3: =Q3-B3 -> 0.00273 | V3: =DEGREES(ACOS( MAX(-1, MIN(1, AA3*X3 + AB3*Y3 + AC3*Z3)) )) -> 1.1354091 | X3: =COS(C3)*COS(D3) -> 0.00020367319 | Y3: =COS(C3)*SIN(D3) -> -8.2965546e-08 | Z3: =SIN(C3) -> 0.99999998 | AA3: =COS(R3)*COS(S3) -> -0.010302267 | AB3: =COS(R3)*SIN(S3) -> 0.01680091 | AC3: =SIN(R3) -> 0.99980578
A4: ='Proximal Validation (single)'!A4 -> 0.42 | B4: ='Proximal Validation (single)'!B4 -> 0.1 | C4: ='Proximal Validation (single)'!C4 -> 1.571 | D4: ='Proximal Validation (single)'!D4 -> -3.142 | E4: ='Proximal Validation (single)'!E4 -> 0.455 | F4: ='Proximal Validation (single)'!F4 -> 0.619 | G4: ='Proximal Validation (single)'!G4 -> 0.95 | H4: ='Proximal Validation (single)'!H4 -> -4.7535757e-06 | ... O4: ='Proximal Validation (single)'!O4 -> 0.37066662 | P4: 0.371952 | Q4: 0.071115 | R4: 1.570796 | S4: -2.06849 | T4: =P4-A4 -> -0.048048 | U4: =Q4-B4 -> -0.028885 | V4: =DEGREES(ACOS( MAX(-1, MIN(1, AA4*X4 + AB4*Y4 + AC4*Z4)) )) -> 0.011678559 | X4: =COS(C4)*COS(D4) -> 0.00020367319 | Y4: =COS(C4)*SIN(D4) -> -8.2965546e-08 | Z4: =SIN(C4) -> 0.99999998 | AA4: =COS(R4)*COS(S4) -> -1.5601197e-07 | AB4: =COS(R4)*SIN(S4) -> -2.8715008e-07 | AC4: =SIN(R4) -> 1
A5: ='Proximal Validation (single)'!A5 -> 0.852 | B5: ='Proximal Validation (single)'!B5 -> 0.06 | C5: ='Proximal Validation (single)'!C5 -> 0.785 | D5: ='Proximal Validation (single)'!D5 -> -3.142 | E5: ='Proximal Validation (single)'!E5 -> 0.308 | F5: ='Proximal Validation (single)'!F5 -> 0.694 | G5: ='Proximal Validation (single)'!G5 -> 0.013 | H5: ='Proximal Validation (single)'!H5 -> 0.023357821 | ... O5: ='Proximal Validation (single)'!O5 -> 0.53376687 | P5: 0.867153 | Q5: 0.084088 | R5: 0.755542 | S5: -3.10014 | T5: =P5-A5 -> 0.015153 | U5: =Q5-B5 -> 0.024088 | V5: =DEGREES(ACOS( MAX(-1, MIN(1, AA5*X5 + AB5*Y5 + AC5*Z5)) )) -> 2.410575 | X5: =COS(C5)*COS(D5) -> -0.70738821 | Y5: =COS(C5)*SIN(D5) -> 0.00028815206 | Z5: =SIN(C5) -> 0.70682518 | AA5: =COS(R5)*COS(S5) -> -0.72727472 | AB5: =COS(R5)*SIN(S5) -> -0.030164746 | AC5: =SIN(R5) -> 0.68568329
A6: ='Proximal Validation (single)'!A6 -> 0.611 | B6: ='Proximal Validation (single)'!B6 -> 0.1 | C6: ='Proximal Validation (single)'!C6 -> 0.785 | D6: ='Proximal Validation (single)'!D6 -> -3.142 | E6: ='Proximal Validation (single)'!E6 -> 1.008 | F6: ='Proximal Validation (single)'!F6 -> 0.046 | G6: ='Proximal Validation (single)'!G6 -> 1.286 | H6: ='Proximal Validation (single)'!H6 -> 0.023357821 | ... O6: ='Proximal Validation (single)'!O6 -> 0.36760026 | P6: 0.602153 | Q6: 0.114267 | R6: 0.730872 | S6: 3.10773 | T6: =P6-A6 -> -0.008847 | U6: =Q6-B6 -> 0.014267 | V6: =DEGREES(ACOS( MAX(-1, MIN(1, AA6*X6 + AB6*Y6 + AC6*Z6)) )) -> 3.3991579 | X6: =COS(C6)*COS(D6) -> -0.70738821 | Y6: =COS(C6)*SIN(D6) -> 0.00028815206 | Z6: =SIN(C6) -> 0.70682518 | AA6: =COS(R6)*COS(S6) -> -0.74416575 | AB6: =COS(R6)*SIN(S6) -> 0.025209063 | AC6: =SIN(R6) -> 0.66751917
A7: ='Proximal Validation (single)'!A7 -> 0.658 | B7: ='Proximal Validation (single)'!B7 -> 0.04 | C7: ='Proximal Validation (single)'!C7 -> -0.785 | D7: ='Proximal Validation (single)'!D7 -> 0 | E7: ='Proximal Validation (single)'!E7 -> 0.397 | F7: ='Proximal Validation (single)'!F7 -> 0.309 | G7: ='Proximal Validation (single)'!G7 -> 0.065 | H7: ='Proximal Validation (single)'!H7 -> 180 | ... O7: ='Proximal Validation (single)'!O7 -> -0.47201949 | P7: 0.671193 | Q7: 0.032552 | R7: -0.7748 | S7: -0.0184 | T7: =P7-A7 -> 0.013193 | U7: =Q7-B7 -> -0.007448 | V7: =DEGREES(ACOS( MAX(-1, MIN(1, AA7*X7 + AB7*Y7 + AC7*Z7)) )) -> 0.95044217 | X7: =COS(C7)*COS(D7) -> 0.70738827 | Y7: =COS(C7)*SIN(D7) -> 0 | Z7: =SIN(C7) -> -0.70682518 | AA7: =COS(R7)*COS(S7) -> 0.71444001 | AB7: =COS(R7)*SIN(S7) -> -0.01314718 | AC7: =SIN(R7) -> -0.69957318
A8: ='Proximal Validation (single)'!A8 -> 0.363 | B8: ='Proximal Validation (single)'!B8 -> 0.18 | C8: ='Proximal Validation (single)'!C8 -> -0.785 | D8: ='Proximal Validation (single)'!D8 -> 0 | E8: ='Proximal Validation (single)'!E8 -> 0.756 | F8: ='Proximal Validation (single)'!F8 -> 1.339 | G8: ='Proximal Validation (single)'!G8 -> 0.394 | H8: ='Proximal Validation (single)'!H8 -> 180 | ... O8: ='Proximal Validation (single)'!O8 -> -0.29193351 | P8: 0.3408 | Q8: 0.1754 | R8: -0.87 | S8: 0.1104 | T8: =P8-A8 -> -0.0222 | U8: =Q8-B8 -> -0.0046 | V8: =DEGREES(ACOS( MAX(-1, MIN(1, AA8*X8 + AB8*Y8 + AC8*Z8)) )) -> 6.4792811 | X8: =COS(C8)*COS(D8) -> 0.70738827 | Y8: =COS(C8)*SIN(D8) -> 0 | Z8: =SIN(C8) -> -0.70682518 | AA8: =COS(R8)*COS(S8) -> 0.64090091 | AB8: =COS(R8)*SIN(S8) -> 0.071044329 | AC8: =SIN(R8) -> -0.76432894
A9: ='Proximal Validation (single)'!A9 -> 0.216 | B9: ='Proximal Validation (single)'!B9 -> 0.04 | C9: ='Proximal Validation (single)'!C9 -> -1.047 | D9: ='Proximal Validation (single)'!D9 -> 0 | E9: ='Proximal Validation (single)'!E9 -> 1.106 | F9: ='Proximal Validation (single)'!F9 -> 0.213 | G9: ='Proximal Validation (single)'!G9 -> 0.419 | H9: ='Proximal Validation (single)'!H9 -> 180 | ... O9: ='Proximal Validation (single)'!O9 -> -0.14335287 | P9: 0.165011 | Q9: 0.039321 | R9: -1.05187 | S9: -0.04529 | T9: =P9-A9 -> -0.050989 | U9: =Q9-B9 -> -0.000679 | V9: =DEGREES(ACOS( MAX(-1, MIN(1, AA9*X9 + AB9*Y9 + AC9*Z9)) )) -> 1.3221154 | X9: =COS(C9)*COS(D9) -> 0.50017107 | Y9: =COS(C9)*SIN(D9) -> 0 | Z9: =SIN(C9) -> -0.86592661 | AA9: =COS(R9)*COS(S9) -> 0.49543954 | AB9: =COS(R9)*SIN(S9) -> -0.022453811 | AC9: =SIN(R9) -> -0.86835217
A10: ='Proximal Validation (single)'!A10 -> 0.166 | B10: ='Proximal Validation (single)'!B10 -> 0.1 | C10: ='Proximal Validation (single)'!C10 -> -1.047 | D10: ='Proximal Validation (single)'!D10 -> 0 | E10: ='Proximal Validation (single)'!E10 -> 0.962 | F10: ='Proximal Validation (single)'!F10 -> 0.959 | G10: ='Proximal Validation (single)'!G10 -> 0.779 | H10: ='Proximal Validation (single)'!H10 -> 180 | ... O10: ='Proximal Validation (single)'!O10 -> -0.08474502 | P10: 0.104004 | Q10: 0.100994 | R10: -0.94237 | S10: -0.04317 | T10: =P10-A10 -> -0.061996 | U10: =Q10-B10 -> 0.000994 | V10: =DEGREES(ACOS( MAX(-1, MIN(1, AA10*X10 + AB10*Y10 + AC10*Z10)) )) -> 6.1433152 | X10: =COS(C10)*COS(D10) -> 0.50017107 | Y10: =COS(C10)*SIN(D10) -> 0 | Z10: =SIN(C10) -> -0.86592661 | AA10: =COS(R10)*COS(S10) -> 0.58732475 | AB10: =COS(R10)*SIN(S10) -> -0.025370572 | AC10: =SIN(R10) -> -0.80895363
A11: ='Proximal Validation (single)'!A11 -> 0.184 | B11: ='Proximal Validation (single)'!B11 -> 0.12 | C11: ='Proximal Validation (single)'!C11 -> -1.047 | D11: ='Proximal Validation (single)'!D11 -> 0 | E11: ='Proximal Validation (single)'!E11 -> 0.276 | F11: ='Proximal Validation (single)'!F11 -> 0.894 | G11: ='Proximal Validation (single)'!G11 -> 0.747 | H11: ='Proximal Validation (single)'!H11 -> 180 | ... O11: ='Proximal Validation (single)'!O11 -> -0.073661819 | P11: 0.086947 | Q11: 0.122346 | R11: -0.97684 | S11: 0.001664 | T11: =P11-A11 -> -0.097053 | U11: =Q11-B11 -> 0.002346 | V11: =DEGREES(ACOS( MAX(-1, MIN(1, AA11*X11 + AB11*Y11 + AC11*Z11)) )) -> 4.0201886 | X11: =COS(C11)*COS(D11) -> 0.50017107 | Y11: =COS(C11)*SIN(D11) -> 0 | Z11: =SIN(C11) -> -0.86592661 | AA11: =COS(R11)*COS(S11) -> 0.55964336 | AB11: =COS(R11)*SIN(S11) -> 0.00093124741 | AC11: =SIN(R11) -> -0.82873304
A12: ='Proximal Validation (single)'!A12 -> 0.961 | B12: ='Proximal Validation (single)'!B12 -> 0.14 | C12: ='Proximal Validation (single)'!C12 -> -1.047 | D12: ='Proximal Validation (single)'!D12 -> 0 | E12: ='Proximal Validation (single)'!E12 -> 0.61 | F12: ='Proximal Validation (single)'!F12 -> 0.648 | G12: ='Proximal Validation (single)'!G12 -> 1.244 | H12: ='Proximal Validation (single)'!H12 -> 180 | ... O12: ='Proximal Validation (single)'!O12 -> -0.94342941 | P12: 0.9464 | Q12: 0.1404 | R12: -1.0283 | S12: -0.0155 | T12: =P12-A12 -> -0.0146 | U12: =Q12-B12 -> 0.0004 | V12: =DEGREES(ACOS( MAX(-1, MIN(1, AA12*X12 + AB12*Y12 + AC12*Z12)) )) -> 1.1625983 | X12: =COS(C12)*COS(D12) -> 0.50017107 | Y12: =COS(C12)*SIN(D12) -> 0 | Z12: =SIN(C12) -> -0.86592661 | AA12: =COS(R12)*COS(S12) -> 0.51621349 | AB12: =COS(R12)*SIN(S12) -> -0.00800195 | AC12: =SIN(R12) -> -0.85642256
A13: ='Proximal Validation (single)'!A13 -> 0.51 | B13: ='Proximal Validation (single)'!B13 -> 0.06 | C13: ='Proximal Validation (single)'!C13 -> -1.571 | D13: ='Proximal Validation (single)'!D13 -> -3.142 | E13: ='Proximal Validation (single)'!E13 -> 0.77 | F13: ='Proximal Validation (single)'!F13 -> 0.723 | G13: ='Proximal Validation (single)'!G13 -> 0.808 | H13: ='Proximal Validation (single)'!H13 -> 180 | ... O13: ='Proximal Validation (single)'!O13 -> -0.49391869 | P13: 0.493996 | Q13: 0.063988 | R13: -1.5186 | S13: -0.13634 | T13: =P13-A13 -> -0.016004 | U13: =Q13-B13 -> 0.003988 | V13: =DEGREES(ACOS( MAX(-1, MIN(1, AA13*X13 + AB13*Y13 + AC13*Z13)) )) -> 2.9790677 | X13: =COS(C13)*COS(D13) -> 0.00020367319 | Y13: =COS(C13)*SIN(D13) -> -8.2965546e-08 | Z13: =SIN(C13) -> -0.99999998 | AA13: =COS(R13)*COS(S13) -> 0.051688472 | AB13: =COS(R13)*SIN(S13) -> -0.0070911993 | AC13: =SIN(R13) -> -0.99863808
A14: ='Proximal Validation (single)'!A14 -> 0.309 | B14: ='Proximal Validation (single)'!B14 -> 0.12 | C14: ='Proximal Validation (single)'!C14 -> -1.571 | D14: ='Proximal Validation (single)'!D14 -> 0 | E14: ='Proximal Validation (single)'!E14 -> 0.075 | F14: ='Proximal Validation (single)'!F14 -> 0.871 | G14: ='Proximal Validation (single)'!G14 -> 0.308 | H14: ='Proximal Validation (single)'!H14 -> 180 | ... O14: ='Proximal Validation (single)'!O14 -> -0.24773327 | P14: 0.248444 | Q14: 0.127307 | R14: -1.55848 | S14: -0.8972 | T14: =P14-A14 -> -0.060556 | U14: =Q14-B14 -> 0.007307 | V14: =DEGREES(ACOS( MAX(-1, MIN(1, AA14*X14 + AB14*Y14 + AC14*Z14)) )) -> 0.7130114 | X14: =COS(C14)*COS(D14) -> -0.0002036732 | Y14: =COS(C14)*SIN(D14) -> 0 | Z14: =SIN(C14) -> -0.99999998 | AA14: =COS(R14)*COS(S14) -> 0.0076827408 | AB14: =COS(R14)*SIN(S14) -> -0.0096259924 | AC14: =SIN(R14) -> -0.99992416
... A16: ='Proximal Validation (single)'!A16 -> 0.204 | B16: ='Proximal Validation (single)'!B16 -> 0.2 | C16: ='Proximal Validation (single)'!C16 -> -1.571 | D16: ='Proximal Validation (single)'!D16 -> 0 | E16: ='Proximal Validation (single)'!E16 -> 0.785 | F16: ='Proximal Validation (single)'!F16 -> 1.315 | G16: ='Proximal Validation (single)'!G16 -> 0.401 | H16: ='Proximal Validation (single)'!H16 -> 180 | ... O16: ='Proximal Validation (single)'!O16 -> -0.16968629 | P16: 0.170559 | Q16: 0.2 | R16: -1.46625 | S16: 0.199435 | T16: =P16-A16 -> -0.033441 | U16: =Q16-B16 -> 0 | V16: =DEGREES(ACOS( MAX(-1, MIN(1, AA16*X16 + AB16*Y16 + AC16*Z16)) )) -> 6.001502 | X16: =COS(C16)*COS(D16) -> -0.0002036732 | Y16: =COS(C16)*SIN(D16) -> 0 | Z16: =SIN(C16) -> -0.99999998 | AA16: =COS(R16)*COS(S16) -> 0.10228751 | AB16: =COS(R16)*SIN(S16) -> 0.020674544 | AC16: =SIN(R16) -> -0.99454001
T17: ABS Mean Error | X17: =COS(#REF!)*COS(#REF!) -> #REF! | Y17: =COS(#REF!)*SIN(#REF!) -> #REF! | Z17: =SIN(#REF!) -> #REF! | AA17: =COS(#REF!)*COS(#REF!) -> #REF! | AB17: =COS(#REF!)*SIN(#REF!) -> #REF! | AC17: =SIN(#REF!) -> #REF!
T18: {=AVERAGE(ABS(T3:T16))} -> 0.039152571 | U18: {=AVERAGE(ABS(U3:U16))} -> 0.0079528571 | V18: {=AVERAGE(ABS(V3:V16))} -> 2.6242715
T19: Mean Error
T20: =AVERAGE(T3:T16) -> -0.019952286 | U20: =AVERAGE(U3:U16) -> 6.4285714e-05 | V20: =AVERAGE(V3:V16) -> 2.6242715
T21: STDEV
T22: =_xlfn.STDEV.S(T3:T16) -> 0.043418314 | U22: =_xlfn.STDEV.S(U3:U16) -> 0.012290512 | V22: =_xlfn.STDEV.S(V3:V16) -> 2.2791175

Sheet Proximal Validation (double)
A1: Ground Truth | H1: Gimbal | Q1: 6-Axis FT Sensor | W1: SoRoSim get_proximal_value | AC1: Proximal Errors
A2: F (N) | B2: s (m) | C2: el (rad) | D2: az (deg) | E2: tau1 (N) | F2: tau2 (N) | G2: tau3 (N) | H2: α_roll (deg) | I2: β_pitch (deg) | J2: F (N) | K2: s (m) | L2: el (rad) | M2: az (deg) | N2: tau1 (N) | O2: tau2 (N) | P2: tau3 (N) | Q2: Tx (Nm) | R2: Ty (Nm) | S2: Tz(Nm) | T2: Fx (N) | U2: Fy (N) | V2: Fz (N) | W2: Tx (Nm) | X2: Ty (Nm) | Y2: Tz(Nm) | Z2: Fx (N) | AA2: Fy (N) | AB2: Fz (N) | AC2: Tx (Nm) | AD2: Ty (Nm) | AE2: Tz(Nm) | AF2: Fx (N) | AG2: Fy (N) | AH2: Fz (N)
A3: 0.2 | B3: 0.12 | D3: 0 | J3: 1 | K3: 0.04 | AC3: =ABS(Q3-W3) -> 0 | AD3: =ABS(R3-X3) -> 0 | AE3: =ABS(S3-Y3) -> 0 | AF3: =ABS(T3-Z3) -> 0 | AG3: =ABS(U3-AA3) -> 0 | AH3: =ABS(V3-AB3) -> 0
A4: 0.2 | B4: 0.12 | D4: 0 | J4: 1 | K4: 0.04 | AC4: =ABS(Q4-W4) -> 0 | AD4: =ABS(R4-X4) -> 0 | AE4: =ABS(S4-Y4) -> 0 | AF4: =ABS(T4-Z4) -> 0 | AG4: =ABS(U4-AA4) -> 0 | AH4: =ABS(V4-AB4) -> 0
A5: 0.4 | B5: 0.12 | D5: 0 | J5: 1 | K5: 0.04 | AC5: =ABS(Q5-W5) -> 0 | AD5: =ABS(R5-X5) -> 0 | AE5: =ABS(S5-Y5) -> 0 | AF5: =ABS(T5-Z5) -> 0 | AG5: =ABS(U5-AA5) -> 0 | AH5: =ABS(V5-AB5) -> 0
A6: 0.4 | B6: 0.12 | D6: 0 | J6: 1 | K6: 0.04 | AC6: =ABS(Q6-W6) -> 0 | AD6: =ABS(R6-X6) -> 0 | AE6: =ABS(S6-Y6) -> 0 | AF6: =ABS(T6-Z6) -> 0 | AG6: =ABS(U6-AA6) -> 0 | AH6: =ABS(V6-AB6) -> 0
A7: 0.6 | B7: 0.12 | D7: 0 | J7: 1 | K7: 0.04 | AC7: =ABS(Q7-W7) -> 0 | AD7: =ABS(R7-X7) -> 0 | AE7: =ABS(S7-Y7) -> 0 | AF7: =ABS(T7-Z7) -> 0 | AG7: =ABS(U7-AA7) -> 0 | AH7: =ABS(V7-AB7) -> 0
A8: 0.6 | B8: 0.12 | D8: 0 | J8: 1 | K8: 0.04 | AC8: =ABS(Q8-W8) -> 0 | AD8: =ABS(R8-X8) -> 0 | AE8: =ABS(S8-Y8) -> 0 | AF8: =ABS(T8-Z8) -> 0 | AG8: =ABS(U8-AA8) -> 0 | AH8: =ABS(V8-AB8) -> 0
A9: 0.8 | B9: 0.12 | D9: 0 | J9: 1 | K9: 0.04
A10: 0.8 | B10: 0.12 | D10: 0 | J10: 1 | K10: 0.04
A11: 1 | B11: 0.12 | D11: 0 | J11: 1 | K11: 0.04
A12: 1 | B12: 0.12 | D12: 0 | J12: 1 | K12: 0.04
A13: 0.2 | B13: 0.14 | D13: 0 | J13: 1 | K13: 0.04
A14: 0.2 | B14: 0.14 | D14: 0 | J14: 1 | K14: 0.04
A15: 0.4 | B15: 0.14 | D15: 0 | J15: 1 | K15: 0.04
A16: 0.4 | B16: 0.14 | D16: 0 | J16: 1 | K16: 0.04
A17: 0.6 | B17: 0.14 | D17: 0 | J17: 1 | K17: 0.04
A18: 0.6 | B18: 0.14 | D18: 0 | J18: 1 | K18: 0.04
A19: 0.8 | B19: 0.14 | D19: 0 | J19: 1 | K19: 0.04
A20: 0.8 | B20: 0.14 | D20: 0 | J20: 1 | K20: 0.04
... A52: 1 | B52: 0.2 | D52: 0 | J52: 1 | K52: 0.04

Sheet Distal Validation (double)
A1: Ground Truth | H1: Gimbal | Q1: 6-Axis FT Sensor | W1: SoRoSim get_distal_value | AE1: Proximal Errors
A2: F (N) | B2: s (m) | C2: el (rad) | D2: az (deg) | E2: tau1 (N) | F2: tau2 (N) | G2: tau3 (N) | H2: α_roll (deg) | I2: β_pitch (deg) | J2: F (N) | K2: s (m) | L2: el (rad) | M2: az (deg) | N2: tau1 (N) | O2: tau2 (N) | P2: tau3 (N) | Q2: Tx (Nm) | R2: Ty (Nm) | S2: Tz(Nm) | T2: Fx (N) | U2: Fy (N) | V2: Fz (N) | W2: F (N) | X2: s (m) | Y2: el (rad) | Z2: az (rad) | AA2: F (N) | AB2: s (m) | AC2: el (rad) | AD2: az (rad) | AE2: F (N) | AF2: s (m) | AG2: el (rad) | AH2: az (rad) | AI2: F (N) | AJ2: s (m) | AK2: el (rad) | AL2: az (rad) | AM2: ABS Mean Error
A3: ='Proximal Validation (double)'!A3 -> 0.2 | B3: ='Proximal Validation (double)'!B3 -> 0.12 | C3: ='Proximal Validation (double)'!C3 -> 0 | D3: ='Proximal Validation (double)'!D3 -> 0 | E3: ='Proximal Validation (double)'!E3 -> 0 | F3: ='Proximal Validation (double)'!F3 -> 0 | G3: ='Proximal Validation (double)'!G3 -> 0 | H3: ='Proximal Validation (double)'!H3 -> 0 | ... V3: ='Proximal Validation (double)'!V3 -> 0 | W3: 0.7059 | X3: 0.2 | Y3: 1.5539 | Z3: 1.5708 | AA3: 1 | AB3: 0.0502 | AC3: 3.7632 | AD3: 1.5708 | AE3: =W3-A3 -> 0.5059 | AF3: =X3-B3 -> 0.08 | AG3: =Y3-C3 -> 1.5539 | AH3: =Z3-D3 -> 1.5708 | AI3: =AA3-J3 -> 0 | AJ3: =AB3-K3 -> 0.0102 | AK3: =AC3-L3 -> 3.7632 | AL3: =AD3-M3 -> 1.5708 | AM3: {=AVERAGE(ABS(AE3:AE8), ABS(AI3:AI8))} -> 0.21989167 | AN3: {=AVERAGE(ABS(AF3:AF8), ABS(AJ3:AJ8))} -> 0.0382 | AO3: {=AVERAGE(ABS(#REF!))} -> #REF!
A4: ='Proximal Validation (double)'!A4 -> 0.2 | B4: ='Proximal Validation (double)'!B4 -> 0.12 | C4: ='Proximal Validation (double)'!C4 -> 0 | D4: ='Proximal Validation (double)'!D4 -> 0 | E4: ='Proximal Validation (double)'!E4 -> 0 | F4: ='Proximal Validation (double)'!F4 -> 0 | G4: ='Proximal Validation (double)'!G4 -> 0 | H4: ='Proximal Validation (double)'!H4 -> 0 | ... V4: ='Proximal Validation (double)'!V4 -> 0 | W4: 0.6509 | X4: 0.1781 | Y4: 1.5549 | Z4: 1.5708 | AA4: 0.7794 | AB4: 0.0235 | AC4: 3.5415 | AD4: 1.5708 | AE4: =W4-A4 -> 0.4509 | AF4: =X4-B4 -> 0.0581 | AG4: =Y4-C4 -> 1.5549 | AH4: =Z4-D4 -> 1.5708 | AI4: =AA4-J4 -> -0.2206 | AJ4: =AB4-K4 -> -0.0165 | AK4: =AC4-L4 -> 3.5415 | AL4: =AD4-M4 -> 1.5708
A5: ='Proximal Validation (double)'!A5 -> 0.4 | B5: ='Proximal Validation (double)'!B5 -> 0.12 | C5: ='Proximal Validation (double)'!C5 -> 0 | D5: ='Proximal Validation (double)'!D5 -> 0 | E5: ='Proximal Validation (double)'!E5 -> 0 | F5: ='Proximal Validation (double)'!F5 -> 0 | G5: ='Proximal Validation (double)'!G5 -> 0 | H5: ='Proximal Validation (double)'!H5 -> 0 | ... V5: ='Proximal Validation (double)'!V5 -> 0 | W5: 0.3713 | X5: 0.1825 | Y5: 1.4414 | Z5: 1.5708 | AA5: 0.9407 | AB5: 0.0313 | AC5: 3.882 | AD5: 1.5708 | AE5: =W5-A5 -> -0.0287 | AF5: =X5-B5 -> 0.0625 | AG5: =Y5-C5 -> 1.4414 | AH5: =Z5-D5 -> 1.5708 | AI5: =AA5-J5 -> -0.0593 | AJ5: =AB5-K5 -> -0.0087 | AK5: =AC5-L5 -> 3.882 | AL5: =AD5-M5 -> 1.5708
A6: ='Proximal Validation (double)'!A6 -> 0.4 | B6: ='Proximal Validation (double)'!B6 -> 0.12 | C6: ='Proximal Validation (double)'!C6 -> 0 | D6: ='Proximal Validation (double)'!D6 -> 0 | E6: ='Proximal Validation (double)'!E6 -> 0 | F6: ='Proximal Validation (double)'!F6 -> 0 | G6: ='Proximal Validation (double)'!G6 -> 0 | H6: ='Proximal Validation (double)'!H6 -> 0 | ... V6: ='Proximal Validation (double)'!V6 -> 0 | W6: 0.2764 | X6: 0.1831 | Y6: 4.1991 | Z6: 1.5708 | AA6: 0.7731 | AB6: 0.0118 | AC6: 3.8604 | AD6: 1.5708 | AE6: =W6-A6 -> -0.1236 | AF6: =X6-B6 -> 0.0631 | AG6: =Y6-C6 -> 4.1991 | AH6: =Z6-D6 -> 1.5708 | AI6: =AA6-J6 -> -0.2269 | AJ6: =AB6-K6 -> -0.0282 | AK6: =AC6-L6 -> 3.8604 | AL6: =AD6-M6 -> 1.5708
A7: ='Proximal Validation (double)'!A7 -> 0.6 | B7: ='Proximal Validation (double)'!B7 -> 0.12 | C7: ='Proximal Validation (double)'!C7 -> 0 | D7: ='Proximal Validation (double)'!D7 -> 0 | E7: ='Proximal Validation (double)'!E7 -> 0 | F7: ='Proximal Validation (double)'!F7 -> 0 | G7: ='Proximal Validation (double)'!G7 -> 0 | H7: ='Proximal Validation (double)'!H7 -> 0 | ... V7: ='Proximal Validation (double)'!V7 -> 0 | W7: 0.3879 | X7: 0.165 | Y7: 4.3217 | Z7: 1.5708 | AA7: 0.7676 | AB7: 0.01 | AC7: 3.9122 | AD7: 1.5708 | AE7: =W7-A7 -> -0.2121 | AF7: =X7-B7 -> 0.045 | AG7: =Y7-C7 -> 4.3217 | AH7: =Z7-D7 -> 1.5708 | AI7: =AA7-J7 -> -0.2324 | AJ7: =AB7-K7 -> -0.03 | AK7: =AC7-L7 -> 3.9122 | AL7: =AD7-M7 -> 1.5708
A8: ='Proximal Validation (double)'!A8 -> 0.6 | B8: ='Proximal Validation (double)'!B8 -> 0.12 | C8: ='Proximal Validation (double)'!C8 -> 0 | D8: ='Proximal Validation (double)'!D8 -> 0 | E8: ='Proximal Validation (double)'!E8 -> 0 | F8: ='Proximal Validation (double)'!F8 -> 0 | G8: ='Proximal Validation (double)'!G8 -> 0 | H8: ='Proximal Validation (double)'!H8 -> 0 | ... V8: ='Proximal Validation (double)'!V8 -> 0 | W8: 0.3272 | X8: 0.1461 | Y8: 4.2334 | Z8: 1.5708 | AA8: 0.6945 | AB8: 0.01 | AC8: 3.7793 | AD8: 1.5708 | AE8: =W8-A8 -> -0.2728 | AF8: =X8-B8 -> 0.0261 | AG8: =Y8-C8 -> 4.2334 | AH8: =Z8-D8 -> 1.5708 | AI8: =AA8-J8 -> -0.3055 | AJ8: =AB8-K8 -> -0.03 | AK8: =AC8-L8 -> 3.7793 | AL8: =AD8-M8 -> 1.5708

Sheet Conversion
A1: Raw Data | H1: Converted
A2: Fx | B2: Fy | C2: Fz | D2: Tx | E2: Ty | F2: Tz | H2: Tx | I2: Ty | J2: Tz | K2: Fx | L2: Fy | M2: Fz
A3: 0.72479081 | B3: -0.0099455118 | C3: -0.010545279 | D3: 0.0014317656 | E3: 0.096430309 | F3: 6.0397666e-05 | H3: =$F3 -> 6.0397666e-05 | I3: =-1*$E3 -> -0.096430309 | J3: =$D3 -> 0.0014317656 | K3: =$C3 -> -0.010545279 | L3: =-1*$B3 -> 0.0099455118 | M3: =$A3 -> 0.72479081
A4: 0.37508684 | B4: -0.0020568073 | C4: 0.0073846946 | D4: 0.0015578496 | E4: 0.0737224 | F4: -0.0010763531 | H4: =$F4 -> -0.0010763531 | I4: =-1*$E4 -> -0.0737224 | J4: =$D4 -> 0.0015578496 | K4: =$C4 -> 0.0073846946 | L4: =-1*$B4 -> 0.0020568073 | M4: =$A4 -> 0.37508684
A5: 0.88607919 | B5: -0.0213148 | C5: -0.011456959 | D5: 0.0027415291 | E5: 0.13645045 | F5: -0.0010711243 | H5: =$F5 -> -0.0010711243 | I5: =-1*$E5 -> -0.13645045 | J5: =$D5 -> 0.0027415291 | K5: =$C5 -> -0.011456959 | L5: =-1*$B5 -> 0.0213148 | M5: =$A5 -> 0.88607919
A6: 0.60131729 | B6: -0.010472886 | C6: -0.03284245 | D6: 0.0020242252 | E6: 0.11741212 | F6: -0.00052221236 | H6: =$F6 -> -0.00052221236 | I6: =-1*$E6 -> -0.11741212 | J6: =$D6 -> 0.0020242252 | K6: =$C6 -> -0.03284245 | L6: =-1*$B6 -> 0.010472886 | M6: =$A6 -> 0.60131729
A7: 0.71892864 | B7: -0.012147844 | C7: -0.010973542 | D7: 0.0014573536 | E7: 0.095774993 | F7: -0.00033149123 | H7: =$F7 -> -0.00033149123 | I7: =-1*$E7 -> -0.095774993 | J7: =$D7 -> 0.0014573536 | K7: =$C7 -> -0.010973542 | L7: =-1*$B7 -> 0.012147844 | M7: =$A7 -> 0.71892864
A8: 0.20873737 | B8: -0.023408532 | C8: -0.06822145 | D8: 0.0054139029 | E8: 0.059810352 | F8: -0.0038271623 | H8: =$F8 -> -0.0038271623 | I8: =-1*$E8 -> -0.059810352 | J8: =$D8 -> 0.0054139029 | K8: =$C8 -> -0.06822145 | L8: =-1*$B8 -> 0.023408532 | M8: =$A8 -> 0.20873737
A9: -0.24890962 | B9: 0.018294841 | C9: 0.0062404554 | D9: -0.0032205852 | E9: -0.063227378 | F9: -0.0017426892 | H9: =$F9 -> -0.0017426892 | I9: =-1*$E9 -> 0.063227378 | J9: =$D9 -> -0.0032205852 | K9: =$C9 -> 0.0062404554 | L9: =-1*$B9 -> -0.018294841 | M9: =$A9 -> -0.24890962
A10: -0.11845401 | B10: 0.0087108798 | C10: -0.0024364162 | D10: -0.000154963 | E10: -0.023816854 | F10: 7.6294877e-05 | H10: =$F10 -> 7.6294877e-05 | I10: =-1*$E10 -> 0.023816854 | J10: =$D10 -> -0.000154963 | K10: =$C10 -> -0.0024364162 | L10: =-1*$B10 -> -0.0087108798 | M10: =$A10 -> -0.11845401
A11: -0.13278961 | B11: 0.00030621141 | C11: -0.0010298399 | D11: 0.00020693298 | E11: -0.02957195 | F11: 0.00088944205 | H11: =$F11 -> 0.00088944205 | I11: =-1*$E11 -> 0.02957195 | J11: =$D11 -> 0.00020693298 | K11: =$C11 -> -0.0010298399 | L11: =-1*$B11 -> -0.00030621141 | M11: =$A11 -> -0.13278961
A12: 2.6867633 | B12: 0.17441225 | C12: -0.17777738 | D12: -0.014844695 | E12: 0.076463409 | F12: -0.021618284 | H12: =$F12 -> -0.021618284 | I12: =-1*$E12 -> -0.076463409 | J12: =$D12 -> -0.014844695 | K12: =$C12 -> -0.17777738 | L12: =-1*$B12 -> -0.17441225 | M12: =$A12 -> 2.6867633
A13: -0.17899594 | B13: 0.074936464 | C13: -0.33283505 | D13: -0.0073320661 | E13: -0.14413126 | F13: -0.0062490334 | H13: =$F13 -> -0.0062490334 | I13: =-1*$E13 -> 0.14413126 | J13: =$D13 -> -0.0073320661 | K13: =$C13 -> -0.33283505 | L13: =-1*$B13 -> -0.074936464 | M13: =$A13 -> -0.17899594
A14: -0.48203146 | B14: -0.018385781 | C14: -0.049640357 | D14: 0.00054728158 | E14: -0.086795211 | F14: 0.003998409 | H14: =$F14 -> 0.003998409 | I14: =-1*$E14 -> 0.086795211 | J14: =$D14 -> 0.00054728158 | K14: =$C14 -> -0.049640357 | L14: =-1*$B14 -> 0.018385781 | M14: =$A14 -> -0.48203146
... A28: -0.70020294 | B28: 0.70478249 | C28: -0.069652721 | D28: -0.092105731 | E28: -0.1103689 | F28: 0.00088760722 | H28: =$F28 -> 0.00088760722 | I28: =-1*$E28 -> 0.1103689 | J28: =$D28 -> -0.092105731 | K28: =$C28 -> -0.069652721 | L28: =-1*$B28 -> -0.70478249 | M28: =$A28 -> -0.70020294
