Workbook

Sheet Proximal Validation (single)
A1: Ground Truth | H1: 6-Axis FT Sensor | N1: SoRoSim get_proximal_value | T1: Proximal Errors
A2: F (N) | B2: s (m) | C2: roll (rad) | D2: pitch (deg) | E2: tau1 (N) | F2: tau2 (N) | G2: tau3 (N) | H2: Tx (Nm) | I2: Ty (Nm) | J2: Tz(Nm) | K2: Fx (N) | L2: Fy (N) | M2: Fz (N) | N2: Tx (Nm) | O2: Ty (Nm) | P2: Tz(Nm) | Q2: Fx (N) | R2: Fy (N) | S2: Fz (N) | T2: Tx (Nm) | U2: Ty (Nm) | V2: Tz(Nm) | W2: Fx (N) | X2: Fy (N) | Y2: Fz (N)
A3: 0.3 | B3: 0.08 | C3: 1.571 | D3: 0.785 | E3: 1.4 | F3: 0 | G3: 0 | H3: -0.00015595352 | I3: -0.034215424 | J3: -1.4112447e-07 | K3: 0.19788618 | L3: -0.0031988472 | M3: 0.19883658 | N3: 0.00034924465 | O3: -0.037526673 | P3: 0.0011158353 | Q3: 0.19907962 | R3: 0.0085059071 | S3: 0.22426396 | T3: =ABS(H3-N3) -> 0.00050519817 | U3: =ABS(I3-O3) -> 0.0033112484 | V3: =ABS(J3-P3) -> 0.0011159764 | W3: =ABS(K3-Q3) -> 0.0011934377 | X3: =ABS(L3-R3) -> 0.011704754 | Y3: =ABS(M3-S3) -> 0.025427383
A4: 0.4 | B4: 0.14 | C4: 1.571 | D4: 0.785 | E4: 0 | F4: 0 | G4: 0 | H4: -0.00024353998 | I4: -0.058889583 | J4: -5.925406e-05 | K4: 0.25050288 | L4: 0.00098302215 | M4: 0.25498384 | N4: -1.340093e-22 | O4: -0.070452667 | P4: -1.4349321e-05 | Q4: 0.23762857 | R4: -6.5534877e-05 | S4: 0.32176484 | T4: =ABS(H4-N4) -> 0.00024353998 | U4: =ABS(I4-O4) -> 0.011563084 | V4: =ABS(J4-P4) -> 4.4904739e-05 | W4: =ABS(K4-Q4) -> 0.01287431 | X4: =ABS(L4-R4) -> 0.001048557 | Y4: =ABS(M4-S4) -> 0.066780998
A5: 0.6 | B5: 0.16 | C5: 1.571 | D5: 0.785 | E5: 1.4 | F5: 0 | G5: 0 | H5: 0.0022863355 | I5: -0.11987079 | J5: -0.0069630081 | K5: 0.31022596 | L5: -0.023233078 | M5: 0.50102174 | N5: 0.0028995644 | O5: -0.12420912 | P5: 0.0061168227 | Q5: 0.25137973 | R5: 0.032630825 | S5: 0.54382019 | T5: =ABS(H5-N5) -> 0.000613229 | U5: =ABS(I5-O5) -> 0.0043383335 | V5: =ABS(J5-P5) -> 0.013079831 | W5: =ABS(K5-Q5) -> 0.058846233 | X5: =ABS(L5-R5) -> 0.055863904 | Y5: =ABS(M5-S5) -> 0.042798445
A6: 0.4 | B6: 0.06 | C6: 1.571 | D6: 1.571 | E6: 1.4 | F6: 0 | G6: 0 | H6: 0.00065225898 | I6: -0.061197262 | J6: -0.00089818926 | K6: -0.0019721901 | L6: -0.0057942867 | M6: 0.38675421 | N6: 0.00036837551 | O6: -0.059881038 | P6: -3.1737754e-05 | Q6: -0.022144283 | R6: -0.00034790357 | S6: 0.39938546 | T6: =ABS(H6-N6) -> 0.00028388347 | U6: =ABS(I6-O6) -> 0.0013162244 | V6: =ABS(J6-P6) -> 0.00086645151 | W6: =ABS(K6-Q6) -> 0.020172093 | X6: =ABS(L6-R6) -> 0.0054463832 | Y6: =ABS(M6-S6) -> 0.012631247
A7: 0.8 | B7: 0.08 | C7: 1.571 | D7: 1.571 | E7: 0 | F7: 0 | G7: 0 | H7: -0.0004060925 | I7: -0.1524459 | J7: -0.001212092 | K7: -0.11741215 | L7: -0.0026462823 | M7: 0.85134244 | N7: -7.4859179e-23 | O7: -0.13520895 | P7: -2.7538441e-05 | Q7: -0.10639343 | R7: -0.00016149094 | S7: 0.7928924 | T7: =ABS(H7-N7) -> 0.0004060925 | U7: =ABS(I7-O7) -> 0.017236945 | V7: =ABS(J7-P7) -> 0.0011845536 | W7: =ABS(K7-Q7) -> 0.011018724 | X7: =ABS(L7-R7) -> 0.0024847914 | Y7: =ABS(M7-S7) -> 0.058450039
A8: 0.7 | B8: 0.16 | C8: 1.571 | D8: 1.571 | E8: 1.4 | F8: 0 | G8: 0 | H8: 0.0050521446 | I8: -0.1575374 | J8: -0.0062086973 | K8: -0.29486877 | L8: -0.028079696 | M8: 0.56537819 | N8: 0.004537287 | O8: -0.16375525 | P8: -0.00027558665 | Q8: -0.34463213 | R8: -0.010574195 | S8: 0.60919045 | T8: =ABS(H8-N8) -> 0.00051485762 | U8: =ABS(I8-O8) -> 0.0062178491 | V8: =ABS(J8-P8) -> 0.0059331107 | W8: =ABS(K8-Q8) -> 0.049763363 | X8: =ABS(L8-R8) -> 0.017505501 | Y8: =ABS(M8-S8) -> 0.043812258
A9: 0.7 | B9: 0.2 | C9: 1.571 | D9: 1.571 | E9: 0 | F9: 0 | G9: 0 | H9: 3.7113496e-05 | I9: -0.19372103 | J9: -0.0021289892 | K9: -0.41201991 | L9: -0.0011864491 | M9: 0.55889893 | N9: 8.8926488e-22 | O9: -0.17938622 | P9: -3.6536168e-05 | Q9: -0.45541348 | R9: -0.00010827267 | S9: 0.53159995 | T9: =ABS(H9-N9) -> 3.7113496e-05 | U9: =ABS(I9-O9) -> 0.014334803 | V9: =ABS(J9-P9) -> 0.002092453 | W9: =ABS(K9-Q9) -> 0.043393574 | X9: =ABS(L9-R9) -> 0.0010781764 | Y9: =ABS(M9-S9) -> 0.027298976
A10: 0.7 | B10: 0.06 | C10: 3.665 | D10: 0.785 | E10: 0 | F10: 0 | G10: 0 | H10: -0.00089350855 | I10: 0.042732272 | J10: -0.077487379 | K10: 0.62493914 | L10: -0.52349442 | M10: -0.28826642 | N10: 3.8645531e-20 | O10: 0.03831692 | P10: -0.066396203 | Q10: 0.47143568 | R10: -0.44816892 | S10: -0.25863607 | T10: =ABS(H10-N10) -> 0.00089350855 | U10: =ABS(I10-O10) -> 0.0044153518 | V10: =ABS(J10-P10) -> 0.011091177 | W10: =ABS(K10-Q10) -> 0.15350346 | X10: =ABS(L10-R10) -> 0.075325505 | Y10: =ABS(M10-S10) -> 0.029630353
A11: 0.6 | B11: 0.1 | C11: 3.665 | D11: 0.785 | E11: 0 | F11: 0 | G11: 0 | H11: -0.00089688366 | I11: 0.041764144 | J11: -0.077566296 | K11: 0.45929119 | L11: -0.41274711 | M11: -0.22374529 | N11: 1.8716693e-19 | O11: 0.043103277 | P11: -0.074690081 | Q11: 0.37355148 | R11: -0.40667026 | S11: -0.2346874 | T11: =ABS(H11-N11) -> 0.00089688366 | U11: =ABS(I11-O11) -> 0.0013391327 | V11: =ABS(J11-P11) -> 0.0028762151 | W11: =ABS(K11-Q11) -> 0.085739705 | X11: =ABS(L11-R11) -> 0.0060768556 | Y11: =ABS(M11-S11) -> 0.010942111
A12: 0.8 | B12: 0.18 | C12: 3.665 | D12: 0.785 | E12: 1.4 | F12: 0 | G12: 0 | H12: -0.00055184728 | I12: 0.066554107 | J12: -0.11961602 | K12: 0.49095398 | L12: -0.47584063 | M12: -0.25870201 | N12: 1.2036386e-06 | O12: 0.089399932 | P12: -0.15491875 | Q12: 0.30071097 | R12: -0.64208764 | S12: -0.3705312 | T12: =ABS(H12-N12) -> 0.00055305091 | U12: =ABS(I12-O12) -> 0.022845825 | V12: =ABS(J12-P12) -> 0.035302725 | W12: =ABS(K12-Q12) -> 0.19024301 | X12: =ABS(L12-R12) -> 0.16624701 | Y12: =ABS(M12-S12) -> 0.11182919
A13: 0.4 | B13: 0.2 | C13: 3.665 | D13: 0.785 | E13: 1.4 | F13: 0 | G13: 0 | H13: -0.00032309396 | I13: 0.03557257 | J13: -0.061782382 | K13: 0.27096123 | L13: -0.21531303 | M13: -0.12271251 | N13: 6.9928762e-07 | O13: 0.04372147 | P13: -0.07576411 | Q13: 0.22876243 | R13: -0.2842014 | S13: -0.16400303 | T13: =ABS(H13-N13) -> 0.00032379325 | U13: =ABS(I13-O13) -> 0.0081489006 | V13: =ABS(J13-P13) -> 0.013981728 | W13: =ABS(K13-Q13) -> 0.042198799 | X13: =ABS(L13-R13) -> 0.068888371 | Y13: =ABS(M13-S13) -> 0.041290518
A14: 0.4 | B14: 0.1 | C14: 3.665 | D14: 1.571 | E14: 1.4 | F14: 0 | G14: 0 | H14: -0.00071692816 | I14: 0.035600811 | J14: -0.062020469 | K14: -0.0065964758 | L14: -0.30639431 | M14: -0.17468151 | N14: 2.4125491e-07 | O14: 0.037964214 | P14: -0.065785037 | Q14: -0.018593307 | R14: -0.34607329 | S14: -0.19971722 | T14: =ABS(H14-N14) -> 0.00071716941 | U14: =ABS(I14-O14) -> 0.0023634024 | V14: =ABS(J14-P14) -> 0.0037645678 | W14: =ABS(K14-Q14) -> 0.011996831 | X14: =ABS(L14-R14) -> 0.039678986 | Y14: =ABS(M14-S14) -> 0.025035709
... A17: 0.3 | B17: 0.18 | C17: 3.665 | D17: 1.571 | E17: 0 | F17: 0 | G17: 0 | H17: -0.000621774 | I17: 0.032626789 | J17: -0.057201467 | K17: -0.027179472 | L17: -0.19488391 | M17: -0.10984056 | N17: -1.5151261e-18 | O17: 0.039953476 | P17: -0.069232053 | Q17: -0.07638979 | R17: -0.25127154 | S17: -0.14500756 | T17: =ABS(H17-N17) -> 0.000621774 | U17: =ABS(I17-O17) -> 0.0073266866 | V17: =ABS(J17-P17) -> 0.012030586 | W17: =ABS(K17-Q17) -> 0.049210318 | X17: =ABS(L17-R17) -> 0.056387623 | Y17: =ABS(M17-S17) -> 0.035167005

Sheet Distal Validation (single)
A1: Ground Truth | H1: 6-Axis FT Sensor | N1: SoRoSim get_distal_value | S1: Distal Errors | W1: Mean Average Error
A2: F (N) | B2: s (m) | C2: roll (rad) | D2: pitch (deg) | E2: tau1 (N) | F2: tau2 (N) | G2: tau3 (N) | H2: Tx (Nm) | I2: Ty (Nm) | J2: Tz(Nm) | K2: Fx (N) | L2: Fy (N) | M2: Fz (N) | N2: F (N) | O2: s (m) | P2: roll (rad) | Q2: pitch (deg) | R2: f_final | S2: Force Error | T2: Position Error | U2: Roll Error | V2: Pitch Error | W2: Force Error | X2: Position Error | Y2: Roll Error | Z2: Pitch Error
A3: ='Proximal Validation (single)'!A3 -> 0.3 | B3: ='Proximal Validation (single)'!B3 -> 0.08 | C3: ='Proximal Validation (single)'!C3 -> 1.571 | D3: ='Proximal Validation (single)'!D3 -> 0.785 | E3: ='Proximal Validation (single)'!E3 -> 1.4 | F3: ='Proximal Validation (single)'!F3 -> 0 | G3: ='Proximal Validation (single)'!G3 -> 0 | H3: ='Proximal Validation (single)'!H3 -> -0.00015595352 | ... M3: ='Proximal Validation (single)'!M3 -> 0.19883658 | N3: 0.28055119 | O3: 0.084875749 | P3: 1.6328522 | Q3: 0.7289027 | R3: 1.0626078e-06 | S3: =ABS(N3-A3) -> 0.019448813 | T3: =ABS(O3-B3) -> 0.0048757486 | U3: =ABS(P3-C3) -> 0.061852223 | V3: =ABS(Q3-D3) -> 0.056097301 | W3: =AVERAGE(S3:S17) -> 0.04848864 | X3: =AVERAGE(T3:T17) -> 0.011015563 | Y3: =AVERAGE(U3:U17) -> 0.024026798 | Z3: =AVERAGE(V3:V17) -> 0.096009575
A4: ='Proximal Validation (single)'!A4 -> 0.4 | B4: ='Proximal Validation (single)'!B4 -> 0.14 | C4: ='Proximal Validation (single)'!C4 -> 1.571 | D4: ='Proximal Validation (single)'!D4 -> 0.785 | E4: ='Proximal Validation (single)'!E4 -> 0 | F4: ='Proximal Validation (single)'!F4 -> 0 | G4: ='Proximal Validation (single)'!G4 -> 0 | H4: ='Proximal Validation (single)'!H4 -> -0.00024353998 | ... M4: ='Proximal Validation (single)'!M4 -> 0.25498384 | N4: 0.35744851 | O4: 0.15641594 | P4: 1.5671873 | Q4: 0.65043615 | R4: 1.3712067e-07 | S4: =ABS(N4-A4) -> 0.042551487 | T4: =ABS(O4-B4) -> 0.016415939 | U4: =ABS(P4-C4) -> 0.0038127177 | V4: =ABS(Q4-D4) -> 0.13456385 | Y4: =DEGREES(Y3) -> 1.3766341 | Z4: =DEGREES(Z3) -> 5.5009434
A5: ='Proximal Validation (single)'!A5 -> 0.6 | B5: ='Proximal Validation (single)'!B5 -> 0.16 | C5: ='Proximal Validation (single)'!C5 -> 1.571 | D5: ='Proximal Validation (single)'!D5 -> 0.785 | E5: ='Proximal Validation (single)'!E5 -> 1.4 | F5: ='Proximal Validation (single)'!F5 -> 0 | G5: ='Proximal Validation (single)'!G5 -> 0 | H5: ='Proximal Validation (single)'!H5 -> 0.0022863355 | ... M5: ='Proximal Validation (single)'!M5 -> 0.50102174 | N5: 0.5897767 | O5: 0.1841097 | P5: 1.7144404 | Q5: 0.63000994 | R5: 1.9654298e-06 | S5: =ABS(N5-A5) -> 0.0102233 | T5: =ABS(O5-B5) -> 0.024109701 | U5: =ABS(P5-C5) -> 0.14344044 | V5: =ABS(Q5-D5) -> 0.15499006
A6: ='Proximal Validation (single)'!A6 -> 0.4 | B6: ='Proximal Validation (single)'!B6 -> 0.06 | C6: ='Proximal Validation (single)'!C6 -> 1.571 | D6: ='Proximal Validation (single)'!D6 -> 1.571 | E6: ='Proximal Validation (single)'!E6 -> 1.4 | F6: ='Proximal Validation (single)'!F6 -> 0 | G6: ='Proximal Validation (single)'!G6 -> 0 | H6: ='Proximal Validation (single)'!H6 -> 0.00065225898 | ... M6: ='Proximal Validation (single)'!M6 -> 0.38675421 | N6: 0.38680275 | O6: 0.068412599 | P6: 1.5870359 | Q6: 1.5093067 | R6: 3.4747943e-08 | S6: =ABS(N6-A6) -> 0.013197252 | T6: =ABS(O6-B6) -> 0.0084125987 | U6: =ABS(P6-C6) -> 0.016035934 | V6: =ABS(Q6-D6) -> 0.061693349
A7: ='Proximal Validation (single)'!A7 -> 0.8 | B7: ='Proximal Validation (single)'!B7 -> 0.08 | C7: ='Proximal Validation (single)'!C7 -> 1.571 | D7: ='Proximal Validation (single)'!D7 -> 1.571 | E7: ='Proximal Validation (single)'!E7 -> 0 | F7: ='Proximal Validation (single)'!F7 -> 0 | G7: ='Proximal Validation (single)'!G7 -> 0 | H7: ='Proximal Validation (single)'!H7 -> -0.0004060925 | ... M7: ='Proximal Validation (single)'!M7 -> 0.85134244 | N7: 0.85940665 | O7: 0.088386432 | P7: 1.5740551 | Q7: 1.5324403 | R7: 6.929637e-07 | S7: =ABS(N7-A7) -> 0.059406648 | T7: =ABS(O7-B7) -> 0.0083864325 | U7: =ABS(P7-C7) -> 0.0030551322 | V7: =ABS(Q7-D7) -> 0.038559705
A8: ='Proximal Validation (single)'!A8 -> 0.7 | B8: ='Proximal Validation (single)'!B8 -> 0.16 | C8: ='Proximal Validation (single)'!C8 -> 1.571 | D8: ='Proximal Validation (single)'!D8 -> 1.571 | E8: ='Proximal Validation (single)'!E8 -> 1.4 | F8: ='Proximal Validation (single)'!F8 -> 0 | G8: ='Proximal Validation (single)'!G8 -> 0 | H8: ='Proximal Validation (single)'!H8 -> 0.0050521446 | ... M8: ='Proximal Validation (single)'!M8 -> 0.56537819 | N8: 0.63827497 | O8: 0.17068498 | P8: 1.6070044 | Q8: 1.5159746 | R8: 8.0174128e-07 | S8: =ABS(N8-A8) -> 0.061725032 | T8: =ABS(O8-B8) -> 0.010684979 | U8: =ABS(P8-C8) -> 0.03600439 | V8: =ABS(Q8-D8) -> 0.055025412
A9: ='Proximal Validation (single)'!A9 -> 0.7 | B9: ='Proximal Validation (single)'!B9 -> 0.2 | C9: ='Proximal Validation (single)'!C9 -> 1.571 | D9: ='Proximal Validation (single)'!D9 -> 1.571 | E9: ='Proximal Validation (single)'!E9 -> 0 | F9: ='Proximal Validation (single)'!F9 -> 0 | G9: ='Proximal Validation (single)'!G9 -> 0 | H9: ='Proximal Validation (single)'!H9 -> 3.7113496e-05 | ... M9: ='Proximal Validation (single)'!M9 -> 0.55889893 | N9: 0.69709308 | O9: 0.2 | P9: 1.5738215 | Q9: 1.495191 | R9: 0.00011399899 | S9: =ABS(N9-A9) -> 0.0029069247 | T9: =ABS(O9-B9) -> 0 | U9: =ABS(P9-C9) -> 0.0028215159 | V9: =ABS(Q9-D9) -> 0.075808978
A10: ='Proximal Validation (single)'!A10 -> 0.7 | B10: ='Proximal Validation (single)'!B10 -> 0.06 | C10: ='Proximal Validation (single)'!C10 -> 3.665 | D10: ='Proximal Validation (single)'!D10 -> 0.785 | E10: ='Proximal Validation (single)'!E10 -> 0 | F10: ='Proximal Validation (single)'!F10 -> 0 | G10: ='Proximal Validation (single)'!G10 -> 0 | H10: ='Proximal Validation (single)'!H10 -> -0.00089350855 | ... M10: ='Proximal Validation (single)'!M10 -> -0.28826642 | N10: 0.86469282 | O10: 0.060503371 | P10: 3.6449544 | Q10: 0.70865228 | R10: 8.0135962e-07 | S10: =ABS(N10-A10) -> 0.16469282 | T10: =ABS(O10-B10) -> 0.00050337056 | U10: =ABS(P10-C10) -> 0.020045624 | V10: =ABS(Q10-D10) -> 0.076347716
A11: ='Proximal Validation (single)'!A11 -> 0.6 | B11: ='Proximal Validation (single)'!B11 -> 0.1 | C11: ='Proximal Validation (single)'!C11 -> 3.665 | D11: ='Proximal Validation (single)'!D11 -> 0.785 | E11: ='Proximal Validation (single)'!E11 -> 0 | F11: ='Proximal Validation (single)'!F11 -> 0 | G11: ='Proximal Validation (single)'!G11 -> 0 | H11: ='Proximal Validation (single)'!H11 -> -0.00089688366 | ... M11: ='Proximal Validation (single)'!M11 -> -0.22374529 | N11: 0.65678838 | O11: 0.10680022 | P11: 3.6382449 | Q11: 0.6702634 | R11: 8.6445704e-07 | S11: =ABS(N11-A11) -> 0.056788381 | T11: =ABS(O11-B11) -> 0.0068002198 | U11: =ABS(P11-C11) -> 0.026755106 | V11: =ABS(Q11-D11) -> 0.1147366
A12: ='Proximal Validation (single)'!A12 -> 0.8 | B12: ='Proximal Validation (single)'!B12 -> 0.18 | C12: ='Proximal Validation (single)'!C12 -> 3.665 | D12: ='Proximal Validation (single)'!D12 -> 0.785 | E12: ='Proximal Validation (single)'!E12 -> 1.4 | F12: ='Proximal Validation (single)'!F12 -> 0 | G12: ='Proximal Validation (single)'!G12 -> 0 | H12: ='Proximal Validation (single)'!H12 -> -0.00055184728 | ... M12: ='Proximal Validation (single)'!M12 -> -0.25870201 | N12: 0.73168297 | O12: 0.2 | P12: 3.643481 | Q12: 0.5452049 | R12: 2.2333612e-05 | S12: =ABS(N12-A12) -> 0.06831703 | T12: =ABS(O12-B12) -> 0.02 | U12: =ABS(P12-C12) -> 0.02151901 | V12: =ABS(Q12-D12) -> 0.2397951
A13: ='Proximal Validation (single)'!A13 -> 0.4 | B13: ='Proximal Validation (single)'!B13 -> 0.2 | C13: ='Proximal Validation (single)'!C13 -> 3.665 | D13: ='Proximal Validation (single)'!D13 -> 0.785 | E13: ='Proximal Validation (single)'!E13 -> 1.4 | F13: ='Proximal Validation (single)'!F13 -> 0 | G13: ='Proximal Validation (single)'!G13 -> 0 | H13: ='Proximal Validation (single)'!H13 -> -0.00032309396 | ... M13: ='Proximal Validation (single)'!M13 -> -0.12271251 | N13: 0.36797289 | O13: 0.2 | P13: 3.6606034 | Q13: 0.63571464 | R13: 2.4420756e-05 | S13: =ABS(N13-A13) -> 0.032027113 | T13: =ABS(O13-B13) -> 0 | U13: =ABS(P13-C13) -> 0.0043966228 | V13: =ABS(Q13-D13) -> 0.14928536
A14: ='Proximal Validation (single)'!A14 -> 0.4 | B14: ='Proximal Validation (single)'!B14 -> 0.1 | C14: ='Proximal Validation (single)'!C14 -> 3.665 | D14: ='Proximal Validation (single)'!D14 -> 1.571 | E14: ='Proximal Validation (single)'!E14 -> 1.4 | F14: ='Proximal Validation (single)'!F14 -> 0 | G14: ='Proximal Validation (single)'!G14 -> 0 | H14: ='Proximal Validation (single)'!H14 -> -0.00071692816 | ... M14: ='Proximal Validation (single)'!M14 -> -0.17468151 | N14: 0.35275373 | O14: 0.11275991 | P14: 3.6598845 | Q14: 1.5375107 | R14: 5.6655765e-07 | S14: =ABS(N14-A14) -> 0.047246268 | T14: =ABS(O14-B14) -> 0.012759906 | U14: =ABS(P14-C14) -> 0.0051154616 | V14: =ABS(Q14-D14) -> 0.033489331
A15: ='Proximal Validation (single)'!A15 -> 0.7 | B15: ='Proximal Validation (single)'!B15 -> 0.1 | C15: ='Proximal Validation (single)'!C15 -> 3.665 | D15: ='Proximal Validation (single)'!D15 -> 1.571 | E15: ='Proximal Validation (single)'!E15 -> 1.4 | F15: ='Proximal Validation (single)'!F15 -> 0 | G15: ='Proximal Validation (single)'!G15 -> 0 | H15: ='Proximal Validation (single)'!H15 -> -0.0012405822 | ... M15: ='Proximal Validation (single)'!M15 -> -0.33820248 | N15: 0.68562412 | O15: 0.11198197 | P15: 3.6595325 | Q15: 1.4909782 | R15: 2.0903459e-06 | S15: =ABS(N15-A15) -> 0.014375875 | T15: =ABS(O15-B15) -> 0.011981965 | U15: =ABS(P15-C15) -> 0.0054675465 | V15: =ABS(Q15-D15) -> 0.080021837
A16: ='Proximal Validation (single)'!A16 -> 0.4 | B16: ='Proximal Validation (single)'!B16 -> 0.16 | C16: ='Proximal Validation (single)'!C16 -> 3.665 | D16: ='Proximal Validation (single)'!D16 -> 1.571 | E16: ='Proximal Validation (single)'!E16 -> 0 | F16: ='Proximal Validation (single)'!F16 -> 0 | G16: ='Proximal Validation (single)'!G16 -> 0 | H16: ='Proximal Validation (single)'!H16 -> -0.00071821292 | ... M16: ='Proximal Validation (single)'!M16 -> -0.16520524 | N16: 0.33988825 | O16: 0.18030259 | P16: 3.6653139 | Q16: 1.5119993 | R16: 9.3741934e-07 | S16: =ABS(N16-A16) -> 0.060111747 | T16: =ABS(O16-B16) -> 0.020302589 | U16: =ABS(P16-C16) -> 0.00031388765 | V16: =ABS(Q16-D16) -> 0.05900071
A17: ='Proximal Validation (single)'!A17 -> 0.3 | B17: ='Proximal Validation (single)'!B17 -> 0.18 | C17: ='Proximal Validation (single)'!C17 -> 3.665 | D17: ='Proximal Validation (single)'!D17 -> 1.571 | E17: ='Proximal Validation (single)'!E17 -> 0 | F17: ='Proximal Validation (single)'!F17 -> 0 | G17: ='Proximal Validation (single)'!G17 -> 0 | H17: ='Proximal Validation (single)'!H17 -> -0.000621774 | ... M17: ='Proximal Validation (single)'!M17 -> -0.10984056 | N17: 0.2256891 | O17: 0.2 | P17: 3.6552336 | Q17: 1.4602717 | R17: 2.0101246e-06 | S17: =ABS(N17-A17) -> 0.074310904 | T17: =ABS(O17-B17) -> 0.02 | U17: =ABS(P17-C17) -> 0.009766366 | V17: =ABS(Q17-D17) -> 0.11072831

Sheet Distal Vali (noise 0.5x spec)
A1: Ground Truth | H1: 6-Axis FT Sensor | N1: SoRoSim get_distal_value | S1: Distal Errors | W1: Mean Average Error
A2: F (N) | B2: s (m) | C2: roll (rad) | D2: pitch (deg) | E2: tau1 (N) | F2: tau2 (N) | G2: tau3 (N) | H2: Tx (Nm) | I2: Ty (Nm) | J2: Tz(Nm) | K2: Fx (N) | L2: Fy (N) | M2: Fz (N) | N2: F (N) | O2: s (m) | P2: roll (rad) | Q2: pitch (deg) | R2: f_final | S2: Force Error | T2: Position Error | U2: Roll Error | V2: Pitch Error | W2: Force Error | X2: Position Error | Y2: Roll Error | Z2: Pitch Error
A3: 0.3 | B3: 0.08 | C3: 1.571 | D3: 0.785 | E3: 1.4 | F3: 0 | G3: 0 | H3: ='Proximal Validation (single)'!H3 -> -0.00015595352 | I3: ='Proximal Validation (single)'!I3 -> -0.034215424 | J3: ='Proximal Validation (single)'!J3 -> -1.4112447e-07 | K3: ='Proximal Validation (single)'!K3 -> 0.19788618 | L3: ='Proximal Validation (single)'!L3 -> -0.0031988472 | M3: ='Proximal Validation (single)'!M3 -> 0.19883658 | N3: 0.28590155 | O3: 0.042255803 | P3: 1.623591 | Q3: 1.3517532 | R3: 4.9835906e-05 | S3: =ABS(N3-A3) -> 0.014098447 | T3: =ABS(O3-B3) -> 0.037744197 | U3: =ABS(P3-C3) -> 0.052591003 | V3: =ABS(Q3-D3) -> 0.56675324 | W3: =AVERAGE(S3:S152) -> 0.077202093 | X3: =AVERAGE(T3:T152) -> 0.025920651 | Y3: =AVERAGE(U3:U152) -> 0.13434 | Z3: =AVERAGE(V3:V152) -> 0.24967928
A4: 0.4 | B4: 0.14 | C4: 1.571 | D4: 0.785 | E4: 0 | F4: 0 | G4: 0 | H4: ='Proximal Validation (single)'!H4 -> -0.00024353998 | I4: ='Proximal Validation (single)'!I4 -> -0.058889583 | J4: ='Proximal Validation (single)'!J4 -> -5.925406e-05 | K4: ='Proximal Validation (single)'!K4 -> 0.25050288 | L4: ='Proximal Validation (single)'!L4 -> 0.00098302215 | M4: ='Proximal Validation (single)'!M4 -> 0.25498384 | N4: 0.40813464 | O4: 0.12854581 | P4: 1.2158698 | Q4: 0.58165737 | R4: 0.00047974823 | S4: =ABS(N4-A4) -> 0.0081346419 | T4: =ABS(O4-B4) -> 0.011454189 | U4: =ABS(P4-C4) -> 0.35513024 | V4: =ABS(Q4-D4) -> 0.20334263 | Y4: =DEGREES(Y3) -> 7.6971151 | Z4: =DEGREES(Z3) -> 14.305569
A5: 0.6 | B5: 0.16 | C5: 1.571 | D5: 0.785 | E5: 1.4 | F5: 0 | G5: 0 | H5: ='Proximal Validation (single)'!H5 -> 0.0022863355 | I5: ='Proximal Validation (single)'!I5 -> -0.11987079 | J5: ='Proximal Validation (single)'!J5 -> -0.0069630081 | K5: ='Proximal Validation (single)'!K5 -> 0.31022596 | L5: ='Proximal Validation (single)'!L5 -> -0.023233078 | M5: ='Proximal Validation (single)'!M5 -> 0.50102174 | N5: 0.68688489 | O5: 0.19999844 | P5: 1.9350278 | Q5: 0.38071232 | R5: 0.00046307389 | S5: =ABS(N5-A5) -> 0.086884888 | T5: =ABS(O5-B5) -> 0.039998443 | U5: =ABS(P5-C5) -> 0.36402782 | V5: =ABS(Q5-D5) -> 0.40428768
A6: 0.4 | B6: 0.06 | C6: 1.571 | D6: 1.571 | E6: 1.4 | F6: 0 | G6: 0 | H6: ='Proximal Validation (single)'!H6 -> 0.00065225898 | I6: ='Proximal Validation (single)'!I6 -> -0.061197262 | J6: ='Proximal Validation (single)'!J6 -> -0.00089818926 | K6: ='Proximal Validation (single)'!K6 -> -0.0019721901 | L6: ='Proximal Validation (single)'!L6 -> -0.0057942867 | M6: ='Proximal Validation (single)'!M6 -> 0.38675421 | N6: 0.4132886 | O6: 0.0595366 | P6: 1.5155808 | Q6: 1.5907137 | R6: 9.7234201e-05 | S6: =ABS(N6-A6) -> 0.013288596 | T6: =ABS(O6-B6) -> 0.00046340006 | U6: =ABS(P6-C6) -> 0.055419198 | V6: =ABS(Q6-D6) -> 0.019713661
A7: 0.8 | B7: 0.08 | C7: 1.571 | D7: 1.571 | E7: 0 | F7: 0 | G7: 0 | H7: ='Proximal Validation (single)'!H7 -> -0.0004060925 | I7: ='Proximal Validation (single)'!I7 -> -0.1524459 | J7: ='Proximal Validation (single)'!J7 -> -0.001212092 | K7: ='Proximal Validation (single)'!K7 -> -0.11741215 | L7: ='Proximal Validation (single)'!L7 -> -0.0026462823 | M7: ='Proximal Validation (single)'!M7 -> 0.85134244 | N7: 0.90069189 | O7: 0.07900011 | P7: 1.5161789 | Q7: 1.4183358 | R7: 0.00016431934 | S7: =ABS(N7-A7) -> 0.10069189 | T7: =ABS(O7-B7) -> 0.00099989046 | U7: =ABS(P7-C7) -> 0.054821065 | V7: =ABS(Q7-D7) -> 0.15266419
A8: 0.7 | B8: 0.16 | C8: 1.571 | D8: 1.571 | E8: 1.4 | F8: 0 | G8: 0 | H8: ='Proximal Validation (single)'!H8 -> 0.0050521446 | I8: ='Proximal Validation (single)'!I8 -> -0.1575374 | J8: ='Proximal Validation (single)'!J8 -> -0.0062086973 | K8: ='Proximal Validation (single)'!K8 -> -0.29486877 | L8: ='Proximal Validation (single)'!L8 -> -0.028079696 | M8: ='Proximal Validation (single)'!M8 -> 0.56537819 | N8: 0.6510184 | O8: 0.18389731 | P8: 1.6527423 | Q8: 1.5634544 | R8: 8.7822801e-05 | S8: =ABS(N8-A8) -> 0.048981603 | T8: =ABS(O8-B8) -> 0.023897313 | U8: =ABS(P8-C8) -> 0.081742254 | V8: =ABS(Q8-D8) -> 0.0075455955
A9: 0.7 | B9: 0.2 | C9: 1.571 | D9: 1.571 | E9: 0 | F9: 0 | G9: 0 | H9: ='Proximal Validation (single)'!H9 -> 3.7113496e-05 | I9: ='Proximal Validation (single)'!I9 -> -0.19372103 | J9: ='Proximal Validation (single)'!J9 -> -0.0021289892 | K9: ='Proximal Validation (single)'!K9 -> -0.41201991 | L9: ='Proximal Validation (single)'!L9 -> -0.0011864491 | M9: ='Proximal Validation (single)'!M9 -> 0.55889893 | N9: 0.80203239 | O9: 0.2 | P9: 1.5581689 | Q9: 1.786039 | R9: 0.00039082018 | S9: =ABS(N9-A9) -> 0.10203239 | T9: =ABS(O9-B9) -> 4.768469e-09 | U9: =ABS(P9-C9) -> 0.012831122 | V9: =ABS(Q9-D9) -> 0.21503899
A10: 0.7 | B10: 0.06 | C10: 3.665 | D10: 0.785 | E10: 0 | F10: 0 | G10: 0 | H10: ='Proximal Validation (single)'!H10 -> -0.00089350855 | I10: ='Proximal Validation (single)'!I10 -> 0.042732272 | J10: ='Proximal Validation (single)'!J10 -> -0.077487379 | K10: ='Proximal Validation (single)'!K10 -> 0.62493914 | L10: ='Proximal Validation (single)'!L10 -> -0.52349442 | M10: ='Proximal Validation (single)'!M10 -> -0.28826642 | N10: 0.93864432 | O10: 0.034510888 | P10: 3.5710589 | Q10: 0.79654732 | R10: 0.00015737832 | S10: =ABS(N10-A10) -> 0.23864432 | T10: =ABS(O10-B10) -> 0.025489112 | U10: =ABS(P10-C10) -> 0.093941127 | V10: =ABS(Q10-D10) -> 0.011547319
A11: 0.6 | B11: 0.1 | C11: 3.665 | D11: 0.785 | E11: 0 | F11: 0 | G11: 0 | H11: ='Proximal Validation (single)'!H11 -> -0.00089688366 | I11: ='Proximal Validation (single)'!I11 -> 0.041764144 | J11: ='Proximal Validation (single)'!J11 -> -0.077566296 | K11: ='Proximal Validation (single)'!K11 -> 0.45929119 | L11: ='Proximal Validation (single)'!L11 -> -0.41274711 | M11: ='Proximal Validation (single)'!M11 -> -0.22374529 | N11: 0.62810311 | O11: 0.095503796 | P11: 3.5087085 | Q11: 0.83711702 | R11: 0.00010692229 | S11: =ABS(N11-A11) -> 0.028103109 | T11: =ABS(O11-B11) -> 0.0044962042 | U11: =ABS(P11-C11) -> 0.15629145 | V11: =ABS(Q11-D11) -> 0.052117015
A12: 0.8 | B12: 0.18 | C12: 3.665 | D12: 0.785 | E12: 1.4 | F12: 0 | G12: 0 | H12: ='Proximal Validation (single)'!H12 -> -0.00055184728 | I12: ='Proximal Validation (single)'!I12 -> 0.066554107 | J12: ='Proximal Validation (single)'!J12 -> -0.11961602 | K12: ='Proximal Validation (single)'!K12 -> 0.49095398 | L12: ='Proximal Validation (single)'!L12 -> -0.47584063 | M12: ='Proximal Validation (single)'!M12 -> -0.25870201 | N12: 0.80973153 | O12: 0.1999972 | P12: 3.7168767 | Q12: 0.46439383 | R12: 0.00012670359 | S12: =ABS(N12-A12) -> 0.0097315276 | T12: =ABS(O12-B12) -> 0.019997199 | U12: =ABS(P12-C12) -> 0.051876687 | V12: =ABS(Q12-D12) -> 0.32060617
A13: 0.4 | B13: 0.2 | C13: 3.665 | D13: 0.785 | E13: 1.4 | F13: 0 | G13: 0 | H13: ='Proximal Validation (single)'!H13 -> -0.00032309396 | I13: ='Proximal Validation (single)'!I13 -> 0.03557257 | J13: ='Proximal Validation (single)'!J13 -> -0.061782382 | K13: ='Proximal Validation (single)'!K13 -> 0.27096123 | L13: ='Proximal Validation (single)'!L13 -> -0.21531303 | M13: ='Proximal Validation (single)'!M13 -> -0.12271251 | N13: 0.38123092 | O13: 0.19834829 | P13: 3.6368545 | Q13: 0.64209602 | R13: 1.9402455e-05 | S13: =ABS(N13-A13) -> 0.018769081 | T13: =ABS(O13-B13) -> 0.001651711 | U13: =ABS(P13-C13) -> 0.028145547 | V13: =ABS(Q13-D13) -> 0.14290398
A14: 0.4 | B14: 0.1 | C14: 3.665 | D14: 1.571 | E14: 1.4 | F14: 0 | G14: 0 | H14: ='Proximal Validation (single)'!H14 -> -0.00071692816 | I14: ='Proximal Validation (single)'!I14 -> 0.035600811 | J14: ='Proximal Validation (single)'!J14 -> -0.062020469 | K14: ='Proximal Validation (single)'!K14 -> -0.0065964758 | L14: ='Proximal Validation (single)'!L14 -> -0.30639431 | M14: ='Proximal Validation (single)'!M14 -> -0.17468151 | N14: 0.40329245 | O14: 0.1548891 | P14: 3.1261129 | Q14: 2.4641151 | R14: 0.0009385771 | S14: =ABS(N14-A14) -> 0.0032924474 | T14: =ABS(O14-B14) -> 0.054889102 | U14: =ABS(P14-C14) -> 0.53888709 | V14: =ABS(Q14-D14) -> 0.89311508
A15: 0.7 | B15: 0.1 | C15: 3.665 | D15: 1.571 | E15: 1.4 | F15: 0 | G15: 0 | H15: ='Proximal Validation (single)'!H15 -> -0.0012405822 | I15: ='Proximal Validation (single)'!I15 -> 0.069012217 | J15: ='Proximal Validation (single)'!J15 -> -0.11969715 | K15: ='Proximal Validation (single)'!K15 -> -0.055351332 | L15: ='Proximal Validation (single)'!L15 -> -0.59383065 | M15: ='Proximal Validation (single)'!M15 -> -0.33820248 | N15: 0.67060933 | O15: 0.11479313 | P15: 3.6401319 | Q15: 1.4099541 | R15: 0.00012083933 | S15: =ABS(N15-A15) -> 0.029390672 | T15: =ABS(O15-B15) -> 0.014793128 | U15: =ABS(P15-C15) -> 0.024868135 | V15: =ABS(Q15-D15) -> 0.16104594
A16: 0.4 | B16: 0.16 | C16: 3.665 | D16: 1.571 | E16: 0 | F16: 0 | G16: 0 | H16: ='Proximal Validation (single)'!H16 -> -0.00071821292 | I16: ='Proximal Validation (single)'!I16 -> 0.046037149 | J16: ='Proximal Validation (single)'!J16 -> -0.078464329 | K16: ='Proximal Validation (single)'!K16 -> -0.078753151 | L16: ='Proximal Validation (single)'!L16 -> -0.28640738 | M16: ='Proximal Validation (single)'!M16 -> -0.16520524 | N16: 0.53147657 | O16: 0.099003904 | P16: 3.6678965 | Q16: 1.9136239 | R16: 1.336014e-06 | S16: =ABS(N16-A16) -> 0.13147657 | T16: =ABS(O16-B16) -> 0.060996096 | U16: =ABS(P16-C16) -> 0.0028964728 | V16: =ABS(Q16-D16) -> 0.34262393
A17: 0.3 | B17: 0.18 | C17: 3.665 | D17: 1.571 | E17: 0 | F17: 0 | G17: 0 | H17: ='Proximal Validation (single)'!H17 -> -0.000621774 | I17: ='Proximal Validation (single)'!I17 -> 0.032626789 | J17: ='Proximal Validation (single)'!J17 -> -0.057201467 | K17: ='Proximal Validation (single)'!K17 -> -0.027179472 | L17: ='Proximal Validation (single)'!L17 -> -0.19488391 | M17: ='Proximal Validation (single)'!M17 -> -0.10984056 | N17: 0.20945414 | O17: 0.19999189 | P17: 3.8456226 | Q17: 1.6960031 | R17: 0.000206993 | S17: =ABS(N17-A17) -> 0.09054586 | T17: =ABS(O17-B17) -> 0.019991886 | U17: =ABS(P17-C17) -> 0.18062258 | V17: =ABS(Q17-D17) -> 0.12500305
A18: 0.3 | B18: 0.08 | C18: 1.571 | D18: 0.785 | E18: 1.4 | F18: 0 | G18: 0 | N18: 0.46912856 | O18: 0.030919252 | P18: 1.7434344 | Q18: 0.60787994 | R18: 3.3825674e-05 | S18: =ABS(N18-A18) -> 0.16912856 | T18: =ABS(O18-B18) -> 0.049080748 | U18: =ABS(P18-C18) -> 0.17243442 | V18: =ABS(Q18-D18) -> 0.17712006
A19: 0.4 | B19: 0.14 | C19: 1.571 | D19: 0.785 | E19: 0 | F19: 0 | G19: 0 | N19: 0.29939535 | O19: 0.096386816 | P19: 1.846629 | Q19: 1.3757069 | R19: 0.00033757659 | S19: =ABS(N19-A19) -> 0.10060465 | T19: =ABS(O19-B19) -> 0.043613184 | U19: =ABS(P19-C19) -> 0.27562903 | V19: =ABS(Q19-D19) -> 0.59070687
A20: 0.6 | B20: 0.16 | C20: 1.571 | D20: 0.785 | E20: 1.4 | F20: 0 | G20: 0 | N20: 0.56206592 | O20: 0.19993519 | P20: 1.7174977 | Q20: 0.54288017 | R20: 0.00023955523 | S20: =ABS(N20-A20) -> 0.037934083 | T20: =ABS(O20-B20) -> 0.039935187 | U20: =ABS(P20-C20) -> 0.14649771 | V20: =ABS(Q20-D20) -> 0.24211983
A21: 0.4 | B21: 0.06 | C21: 1.571 | D21: 1.571 | E21: 1.4 | F21: 0 | G21: 0 | N21: 0.40276072 | O21: 0.073702874 | P21: 1.6677752 | Q21: 1.1467486 | R21: 0.00011306537 | S21: =ABS(N21-A21) -> 0.0027607179 | T21: =ABS(O21-B21) -> 0.013702874 | U21: =ABS(P21-C21) -> 0.096775154 | V21: =ABS(Q21-D21) -> 0.42425141
A22: 0.8 | B22: 0.08 | C22: 1.571 | D22: 1.571 | E22: 0 | F22: 0 | G22: 0 | N22: 0.96529469 | O22: 0.06603411 | P22: 1.5105085 | Q22: 1.6543371 | R22: 0.00012514625 | S22: =ABS(N22-A22) -> 0.16529469 | T22: =ABS(O22-B22) -> 0.01396589 | U22: =ABS(P22-C22) -> 0.060491505 | V22: =ABS(Q22-D22) -> 0.083337082
A23: 0.7 | B23: 0.16 | C23: 1.571 | D23: 1.571 | E23: 1.4 | F23: 0 | G23: 0 | N23: 0.578197 | O23: 0.19929316 | P23: 1.596345 | Q23: 1.0495061 | R23: 0.00014894399 | S23: =ABS(N23-A23) -> 0.121803 | T23: =ABS(O23-B23) -> 0.03929316 | U23: =ABS(P23-C23) -> 0.025345032 | V23: =ABS(Q23-D23) -> 0.52149395
A24: 0.7 | B24: 0.2 | C24: 1.571 | D24: 1.571 | E24: 0 | F24: 0 | G24: 0 | N24: 0.64146217 | O24: 0.199996 | P24: 1.6668264 | Q24: 1.6710685 | R24: 0.0015341971 | S24: =ABS(N24-A24) -> 0.058537829 | T24: =ABS(O24-B24) -> 4.0031108e-06 | U24: =ABS(P24-C24) -> 0.09582635 | V24: =ABS(Q24-D24) -> 0.10006849
A25: 0.7 | B25: 0.06 | C25: 3.665 | D25: 0.785 | E25: 0 | F25: 0 | G25: 0 | N25: 0.72251291 | O25: 0.092935085 | P25: 3.795494 | Q25: 0.6992956 | R25: 0.00020111129 | S25: =ABS(N25-A25) -> 0.022512908 | T25: =ABS(O25-B25) -> 0.032935085 | U25: =ABS(P25-C25) -> 0.13049402 | V25: =ABS(Q25-D25) -> 0.085704396
A26: 0.6 | B26: 0.1 | C26: 3.665 | D26: 0.785 | E26: 0 | F26: 0 | G26: 0 | N26: 0.70305048 | O26: 0.11258191 | P26: 3.528387 | Q26: 0.56684713 | R26: 0.00017789096 | S26: =ABS(N26-A26) -> 0.10305048 | T26: =ABS(O26-B26) -> 0.012581909 | U26: =ABS(P26-C26) -> 0.13661301 | V26: =ABS(Q26-D26) -> 0.21815287
A27: 0.8 | B27: 0.18 | C27: 3.665 | D27: 0.785 | E27: 1.4 | F27: 0 | G27: 0 | N27: 0.75000953 | O27: 0.15636446 | P27: 3.6127854 | Q27: 0.71850036 | R27: 0.00021115083 | S27: =ABS(N27-A27) -> 0.049990468 | T27: =ABS(O27-B27) -> 0.023635537 | U27: =ABS(P27-C27) -> 0.052214622 | V27: =ABS(Q27-D27) -> 0.066499642
A28: 0.4 | B28: 0.2 | C28: 3.665 | D28: 0.785 | E28: 1.4 | F28: 0 | G28: 0 | N28: 0.47437686 | O28: 0.19999898 | P28: 3.4342914 | Q28: 0.37543589 | R28: 0.00044082833 | S28: =ABS(N28-A28) -> 0.074376857 | T28: =ABS(O28-B28) -> 1.0171076e-06 | U28: =ABS(P28-C28) -> 0.23070865 | V28: =ABS(Q28-D28) -> 0.40956411
A29: 0.4 | B29: 0.1 | C29: 3.665 | D29: 1.571 | E29: 1.4 | F29: 0 | G29: 0 | N29: 0.35959547 | O29: 0.11637686 | P29: 3.5755111 | Q29: 1.4189265 | R29: 2.8522214e-05 | S29: =ABS(N29-A29) -> 0.040404529 | T29: =ABS(O29-B29) -> 0.01637686 | U29: =ABS(P29-C29) -> 0.089488899 | V29: =ABS(Q29-D29) -> 0.15207345
... A152: 0.3 | B152: 0.18 | C152: 3.665 | D152: 1.571 | E152: 0 | F152: 0 | G152: 0 | N152: 0.24176796 | O152: 0.1819469 | P152: 3.7635135 | Q152: 1.2989632 | R152: 3.2356425e-05 | S152: =ABS(N152-A152) -> 0.05823204 | T152: =ABS(O152-B152) -> 0.0019468966 | U152: =ABS(P152-C152) -> 0.098513534 | V152: =ABS(Q152-D152) -> 0.27203683

Sheet Distal Vali (noise 1.0x spec)
A1: Ground Truth | H1: 6-Axis FT Sensor | N1: SoRoSim get_distal_value | S1: Distal Errors | W1: Mean Average Error
A2: F (N) | B2: s (m) | C2: roll (rad) | D2: pitch (deg) | E2: tau1 (N) | F2: tau2 (N) | G2: tau3 (N) | H2: Tx (Nm) | I2: Ty (Nm) | J2: Tz(Nm) | K2: Fx (N) | L2: Fy (N) | M2: Fz (N) | N2: F (N) | O2: s (m) | P2: roll (rad) | Q2: pitch (deg) | R2: f_final | S2: Force Error | T2: Position Error | U2: Roll Error | V2: Pitch Error | W2: Force Error | X2: Position Error | Y2: Roll Error | Z2: Pitch Error
A3: 0.3 | B3: 0.08 | C3: 1.571 | D3: 0.785 | E3: 1.4 | F3: 0 | G3: 0 | H3: ='Proximal Validation (single)'!H3 -> -0.00015595352 | I3: ='Proximal Validation (single)'!I3 -> -0.034215424 | J3: ='Proximal Validation (single)'!J3 -> -1.4112447e-07 | K3: ='Proximal Validation (single)'!K3 -> 0.19788618 | L3: ='Proximal Validation (single)'!L3 -> -0.0031988472 | M3: ='Proximal Validation (single)'!M3 -> 0.19883658 | N3: 0.372552 | O3: 0.022575908 | P3: 1.6345313 | Q3: 1.7973086 | R3: 0.00017416255 | S3: =ABS(N3-A3) -> 0.072551997 | T3: =ABS(O3-B3) -> 0.057424092 | U3: =ABS(P3-C3) -> 0.063531311 | V3: =ABS(Q3-D3) -> 1.0123086 | W3: =AVERAGE(S3:S152) -> 0.1370077 | X3: =AVERAGE(T3:T152) -> 0.041942792 | Y3: =AVERAGE(U3:U152) -> 0.26995841 | Z3: =AVERAGE(V3:V152) -> 0.41156169
A4: 0.4 | B4: 0.14 | C4: 1.571 | D4: 0.785 | E4: 0 | F4: 0 | G4: 0 | H4: ='Proximal Validation (single)'!H4 -> -0.00024353998 | I4: ='Proximal Validation (single)'!I4 -> -0.058889583 | J4: ='Proximal Validation (single)'!J4 -> -5.925406e-05 | K4: ='Proximal Validation (single)'!K4 -> 0.25050288 | L4: ='Proximal Validation (single)'!L4 -> 0.00098302215 | M4: ='Proximal Validation (single)'!M4 -> 0.25498384 | N4: 0.48145649 | O4: 0.05576095 | P4: 0.89684463 | Q4: 0.62712083 | R4: 0.0014350976 | S4: =ABS(N4-A4) -> 0.081456488 | T4: =ABS(O4-B4) -> 0.08423905 | U4: =ABS(P4-C4) -> 0.67415537 | V4: =ABS(Q4-D4) -> 0.15787917 | Y4: =DEGREES(Y3) -> 15.467478 | Z4: =DEGREES(Z3) -> 23.580748
A5: 0.6 | B5: 0.16 | C5: 1.571 | D5: 0.785 | E5: 1.4 | F5: 0 | G5: 0 | H5: ='Proximal Validation (single)'!H5 -> 0.0022863355 | I5: ='Proximal Validation (single)'!I5 -> -0.11987079 | J5: ='Proximal Validation (single)'!J5 -> -0.0069630081 | K5: ='Proximal Validation (single)'!K5 -> 0.31022596 | L5: ='Proximal Validation (single)'!L5 -> -0.023233078 | M5: ='Proximal Validation (single)'!M5 -> 0.50102174 | N5: 0.835851 | O5: 0.19999999 | P5: 2.203047 | Q5: 0.25073751 | R5: 0.001712728 | S5: =ABS(N5-A5) -> 0.235851 | T5: =ABS(O5-B5) -> 0.039999993 | U5: =ABS(P5-C5) -> 0.63204697 | V5: =ABS(Q5-D5) -> 0.53426249
A6: 0.4 | B6: 0.06 | C6: 1.571 | D6: 1.571 | E6: 1.4 | F6: 0 | G6: 0 | H6: ='Proximal Validation (single)'!H6 -> 0.00065225898 | I6: ='Proximal Validation (single)'!I6 -> -0.061197262 | J6: ='Proximal Validation (single)'!J6 -> -0.00089818926 | K6: ='Proximal Validation (single)'!K6 -> -0.0019721901 | L6: ='Proximal Validation (single)'!L6 -> -0.0057942867 | M6: ='Proximal Validation (single)'!M6 -> 0.38675421 | N6: 0.44342164 | O6: 0.049572474 | P6: 1.4525373 | Q6: 1.6653796 | R6: 0.00036906082 | S6: =ABS(N6-A6) -> 0.043421637 | T6: =ABS(O6-B6) -> 0.010427526 | U6: =ABS(P6-C6) -> 0.11846274 | V6: =ABS(Q6-D6) -> 0.094379553
A7: 0.8 | B7: 0.08 | C7: 1.571 | D7: 1.571 | E7: 0 | F7: 0 | G7: 0 | H7: ='Proximal Validation (single)'!H7 -> -0.0004060925 | I7: ='Proximal Validation (single)'!I7 -> -0.1524459 | J7: ='Proximal Validation (single)'!J7 -> -0.001212092 | K7: ='Proximal Validation (single)'!K7 -> -0.11741215 | L7: ='Proximal Validation (single)'!L7 -> -0.0026462823 | M7: ='Proximal Validation (single)'!M7 -> 0.85134244 | N7: 0.96155799 | O7: 0.06883481 | P7: 1.4640649 | Q7: 1.3192024 | R7: 0.00056938594 | S7: =ABS(N7-A7) -> 0.16155799 | T7: =ABS(O7-B7) -> 0.01116519 | U7: =ABS(P7-C7) -> 0.10693513 | V7: =ABS(Q7-D7) -> 0.25179758
A8: 0.7 | B8: 0.16 | C8: 1.571 | D8: 1.571 | E8: 1.4 | F8: 0 | G8: 0 | H8: ='Proximal Validation (single)'!H8 -> 0.0050521446 | I8: ='Proximal Validation (single)'!I8 -> -0.1575374 | J8: ='Proximal Validation (single)'!J8 -> -0.0062086973 | K8: ='Proximal Validation (single)'!K8 -> -0.29486877 | L8: ='Proximal Validation (single)'!L8 -> -0.028079696 | M8: ='Proximal Validation (single)'!M8 -> 0.56537819 | N8: 0.67656075 | O8: 0.19308647 | P8: 1.7012669 | Q8: 1.6113936 | R8: 0.00043373266 | S8: =ABS(N8-A8) -> 0.023439246 | T8: =ABS(O8-B8) -> 0.033086467 | U8: =ABS(P8-C8) -> 0.13026687 | V8: =ABS(Q8-D8) -> 0.040393632
A9: 0.7 | B9: 0.2 | C9: 1.571 | D9: 1.571 | E9: 0 | F9: 0 | G9: 0 | H9: ='Proximal Validation (single)'!H9 -> 3.7113496e-05 | I9: ='Proximal Validation (single)'!I9 -> -0.19372103 | J9: ='Proximal Validation (single)'!J9 -> -0.0021289892 | K9: ='Proximal Validation (single)'!K9 -> -0.41201991 | L9: ='Proximal Validation (single)'!L9 -> -0.0011864491 | M9: ='Proximal Validation (single)'!M9 -> 0.55889893 | N9: 0.97749951 | O9: 0.19999947 | P9: 1.5363693 | Q9: 1.9398582 | R9: 0.0006024005 | S9: =ABS(N9-A9) -> 0.27749951 | T9: =ABS(O9-B9) -> 5.3374845e-07 | U9: =ABS(P9-C9) -> 0.034630671 | V9: =ABS(Q9-D9) -> 0.36885823
A10: 0.7 | B10: 0.06 | C10: 3.665 | D10: 0.785 | E10: 0 | F10: 0 | G10: 0 | H10: ='Proximal Validation (single)'!H10 -> -0.00089350855 | I10: ='Proximal Validation (single)'!I10 -> 0.042732272 | J10: ='Proximal Validation (single)'!J10 -> -0.077487379 | K10: ='Proximal Validation (single)'!K10 -> 0.62493914 | L10: ='Proximal Validation (single)'!L10 -> -0.52349442 | M10: ='Proximal Validation (single)'!M10 -> -0.28826642 | N10: 0.99999153 | O10: 0.016267592 | P10: 3.5132822 | Q10: 0.86169099 | R10: 0.00087145677 | S10: =ABS(N10-A10) -> 0.29999153 | T10: =ABS(O10-B10) -> 0.043732408 | U10: =ABS(P10-C10) -> 0.15171777 | V10: =ABS(Q10-D10) -> 0.076690993
A11: 0.6 | B11: 0.1 | C11: 3.665 | D11: 0.785 | E11: 0 | F11: 0 | G11: 0 | H11: ='Proximal Validation (single)'!H11 -> -0.00089688366 | I11: ='Proximal Validation (single)'!I11 -> 0.041764144 | J11: ='Proximal Validation (single)'!J11 -> -0.077566296 | K11: ='Proximal Validation (single)'!K11 -> 0.45929119 | L11: ='Proximal Validation (single)'!L11 -> -0.41274711 | M11: ='Proximal Validation (single)'!M11 -> -0.22374529 | N11: 0.62241264 | O11: 0.083466536 | P11: 3.3996578 | Q11: 1.0235701 | R11: 0.00038334983 | S11: =ABS(N11-A11) -> 0.022412643 | T11: =ABS(O11-B11) -> 0.016533464 | U11: =ABS(P11-C11) -> 0.26534222 | V11: =ABS(Q11-D11) -> 0.2385701
A12: 0.8 | B12: 0.18 | C12: 3.665 | D12: 0.785 | E12: 1.4 | F12: 0 | G12: 0 | H12: ='Proximal Validation (single)'!H12 -> -0.00055184728 | I12: ='Proximal Validation (single)'!I12 -> 0.066554107 | J12: ='Proximal Validation (single)'!J12 -> -0.11961602 | K12: ='Proximal Validation (single)'!K12 -> 0.49095398 | L12: ='Proximal Validation (single)'!L12 -> -0.47584063 | M12: ='Proximal Validation (single)'!M12 -> -0.25870201 | N12: 0.89659691 | O12: 0.19531655 | P12: 3.7859901 | Q12: 0.40366983 | R12: 0.00039302675 | S12: =ABS(N12-A12) -> 0.096596909 | T12: =ABS(O12-B12) -> 0.015316548 | U12: =ABS(P12-C12) -> 0.12099008 | V12: =ABS(Q12-D12) -> 0.38133017
A13: 0.4 | B13: 0.2 | C13: 3.665 | D13: 0.785 | E13: 1.4 | F13: 0 | G13: 0 | H13: ='Proximal Validation (single)'!H13 -> -0.00032309396 | I13: ='Proximal Validation (single)'!I13 -> 0.03557257 | J13: ='Proximal Validation (single)'!J13 -> -0.061782382 | K13: ='Proximal Validation (single)'!K13 -> 0.27096123 | L13: ='Proximal Validation (single)'!L13 -> -0.21531303 | M13: ='Proximal Validation (single)'!M13 -> -0.12271251 | N13: 0.39491623 | O13: 0.19898208 | P13: 3.6155295 | Q13: 0.64450822 | R13: 3.2897739e-05 | S13: =ABS(N13-A13) -> 0.0050837672 | T13: =ABS(O13-B13) -> 0.0010179217 | U13: =ABS(P13-C13) -> 0.049470454 | V13: =ABS(Q13-D13) -> 0.14049178
A14: 0.4 | B14: 0.1 | C14: 3.665 | D14: 1.571 | E14: 1.4 | F14: 0 | G14: 0 | H14: ='Proximal Validation (single)'!H14 -> -0.00071692816 | I14: ='Proximal Validation (single)'!I14 -> 0.035600811 | J14: ='Proximal Validation (single)'!J14 -> -0.062020469 | K14: ='Proximal Validation (single)'!K14 -> -0.0065964758 | L14: ='Proximal Validation (single)'!L14 -> -0.30639431 | M14: ='Proximal Validation (single)'!M14 -> -0.17468151 | N14: 0.69726746 | O14: 0.017567275 | P14: 2.2852661 | Q14: 2.8164632 | R14: 0.0036804415 | S14: =ABS(N14-A14) -> 0.29726746 | T14: =ABS(O14-B14) -> 0.082432725 | U14: =ABS(P14-C14) -> 1.3797339 | V14: =ABS(Q14-D14) -> 1.2454632
A15: 0.7 | B15: 0.1 | C15: 3.665 | D15: 1.571 | E15: 1.4 | F15: 0 | G15: 0 | H15: ='Proximal Validation (single)'!H15 -> -0.0012405822 | I15: ='Proximal Validation (single)'!I15 -> 0.069012217 | J15: ='Proximal Validation (single)'!J15 -> -0.11969715 | K15: ='Proximal Validation (single)'!K15 -> -0.055351332 | L15: ='Proximal Validation (single)'!L15 -> -0.59383065 | M15: ='Proximal Validation (single)'!M15 -> -0.33820248 | N15: 0.66021524 | O15: 0.11716608 | P15: 3.6202858 | Q15: 1.3276742 | R15: 0.00043500514 | S15: =ABS(N15-A15) -> 0.039784759 | T15: =ABS(O15-B15) -> 0.017166077 | U15: =ABS(P15-C15) -> 0.044714171 | V15: =ABS(Q15-D15) -> 0.24332581
A16: 0.4 | B16: 0.16 | C16: 3.665 | D16: 1.571 | E16: 0 | F16: 0 | G16: 0 | H16: ='Proximal Validation (single)'!H16 -> -0.00071821292 | I16: ='Proximal Validation (single)'!I16 -> 0.046037149 | J16: ='Proximal Validation (single)'!J16 -> -0.078464329 | K16: ='Proximal Validation (single)'!K16 -> -0.078753151 | L16: ='Proximal Validation (single)'!L16 -> -0.28640738 | M16: ='Proximal Validation (single)'!M16 -> -0.16520524 | N16: 0.73685893 | O16: 0.057792846 | P16: 3.6694689 | Q16: 2.094679 | R16: 1.0117076e-05 | S16: =ABS(N16-A16) -> 0.33685893 | T16: =ABS(O16-B16) -> 0.10220715 | U16: =ABS(P16-C16) -> 0.0044689375 | V16: =ABS(Q16-D16) -> 0.52367899
A17: 0.3 | B17: 0.18 | C17: 3.665 | D17: 1.571 | E17: 0 | F17: 0 | G17: 0 | H17: ='Proximal Validation (single)'!H17 -> -0.000621774 | I17: ='Proximal Validation (single)'!I17 -> 0.032626789 | J17: ='Proximal Validation (single)'!J17 -> -0.057201467 | K17: ='Proximal Validation (single)'!K17 -> -0.027179472 | L17: ='Proximal Validation (single)'!L17 -> -0.19488391 | M17: ='Proximal Validation (single)'!M17 -> -0.10984056 | N17: 0.21252622 | O17: 0.19295944 | P17: 4.0777091 | Q17: 1.9262283 | R17: 0.00084489686 | S17: =ABS(N17-A17) -> 0.087473776 | T17: =ABS(O17-B17) -> 0.012959439 | U17: =ABS(P17-C17) -> 0.41270913 | V17: =ABS(Q17-D17) -> 0.35522832
A18: 0.3 | B18: 0.08 | C18: 1.571 | D18: 0.785 | E18: 1.4 | F18: 0 | G18: 0 | N18: 0.66449326 | O18: 0.010498925 | P18: 1.8040545 | Q18: 0.55178064 | R18: 0.00013675596 | S18: =ABS(N18-A18) -> 0.36449326 | T18: =ABS(O18-B18) -> 0.069501075 | U18: =ABS(P18-C18) -> 0.23305453 | V18: =ABS(Q18-D18) -> 0.23321936
A19: 0.4 | B19: 0.14 | C19: 1.571 | D19: 0.785 | E19: 0 | F19: 0 | G19: 0 | N19: 0.39878018 | O19: 0.046800217 | P19: 2.0510444 | Q19: 2.0101157 | R19: 0.00096974031 | S19: =ABS(N19-A19) -> 0.0012198201 | T19: =ABS(O19-B19) -> 0.093199783 | U19: =ABS(P19-C19) -> 0.48004445 | V19: =ABS(Q19-D19) -> 1.2251157
A20: 0.6 | B20: 0.16 | C20: 1.571 | D20: 0.785 | E20: 1.4 | F20: 0 | G20: 0 | N20: 0.54052164 | O20: 0.19996837 | P20: 1.7074579 | Q20: 0.48316276 | R20: 0.0011372517 | S20: =ABS(N20-A20) -> 0.059478357 | T20: =ABS(O20-B20) -> 0.039968374 | U20: =ABS(P20-C20) -> 0.13645787 | V20: =ABS(Q20-D20) -> 0.30183724
A21: 0.4 | B21: 0.06 | C21: 1.571 | D21: 1.571 | E21: 1.4 | F21: 0 | G21: 0 | N21: 0.46523928 | O21: 0.074215565 | P21: 1.7532856 | Q21: 0.85655566 | R21: 0.00046107476 | S21: =ABS(N21-A21) -> 0.065239282 | T21: =ABS(O21-B21) -> 0.014215565 | U21: =ABS(P21-C21) -> 0.18228555 | V21: =ABS(Q21-D21) -> 0.71444434
A22: 0.8 | B22: 0.08 | C22: 1.571 | D22: 1.571 | E22: 0 | F22: 0 | G22: 0 | N22: 1 | O22: 0.057573314 | P22: 1.4583872 | Q22: 1.7213184 | R22: 0.0063105003 | S22: =ABS(N22-A22) -> 0.2 | T22: =ABS(O22-B22) -> 0.022426686 | U22: =ABS(P22-C22) -> 0.11261283 | V22: =ABS(Q22-D22) -> 0.15031839
A23: 0.7 | B23: 0.16 | C23: 1.571 | D23: 1.571 | E23: 1.4 | F23: 0 | G23: 0 | N23: 0.62543972 | O23: 0.19983677 | P23: 1.5837248 | Q23: 0.71510559 | R23: 0.0010011602 | S23: =ABS(N23-A23) -> 0.074560277 | T23: =ABS(O23-B23) -> 0.03983677 | U23: =ABS(P23-C23) -> 0.012724836 | V23: =ABS(Q23-D23) -> 0.85589441
A24: 0.7 | B24: 0.2 | C24: 1.571 | D24: 1.571 | E24: 0 | F24: 0 | G24: 0 | N24: 0.59890579 | O24: 0.1999934 | P24: 1.7971765 | Q24: 1.8596636 | R24: 0.0052213433 | S24: =ABS(N24-A24) -> 0.10109421 | T24: =ABS(O24-B24) -> 6.6024039e-06 | U24: =ABS(P24-C24) -> 0.22617647 | V24: =ABS(Q24-D24) -> 0.28866358
A25: 0.7 | B25: 0.06 | C25: 3.665 | D25: 0.785 | E25: 0 | F25: 0 | G25: 0 | N25: 0.59518095 | O25: 0.11963271 | P25: 3.98698 | Q25: 0.73435166 | R25: 0.0011173697 | S25: =ABS(N25-A25) -> 0.10481905 | T25: =ABS(O25-B25) -> 0.059632708 | U25: =ABS(P25-C25) -> 0.32198002 | V25: =ABS(Q25-D25) -> 0.050648342
A26: 0.6 | B26: 0.1 | C26: 3.665 | D26: 0.785 | E26: 0 | F26: 0 | G26: 0 | N26: 0.75874331 | O26: 0.11361291 | P26: 3.4112946 | Q26: 0.49107935 | R26: 0.0007652631 | S26: =ABS(N26-A26) -> 0.15874331 | T26: =ABS(O26-B26) -> 0.01361291 | U26: =ABS(P26-C26) -> 0.25370545 | V26: =ABS(Q26-D26) -> 0.29392065
A27: 0.8 | B27: 0.18 | C27: 3.665 | D27: 0.785 | E27: 1.4 | F27: 0 | G27: 0 | N27: 0.77908789 | O27: 0.12386909 | P27: 3.5862762 | Q27: 0.88676609 | R27: 0.00075995902 | S27: =ABS(N27-A27) -> 0.020912107 | T27: =ABS(O27-B27) -> 0.056130912 | U27: =ABS(P27-C27) -> 0.078723784 | V27: =ABS(Q27-D27) -> 0.10176609
A28: 0.4 | B28: 0.2 | C28: 3.665 | D28: 0.785 | E28: 1.4 | F28: 0 | G28: 0 | N28: 0.61502575 | O28: 0.19991982 | P28: 3.1737549 | Q28: 0.24391746 | R28: 0.0013199999 | S28: =ABS(N28-A28) -> 0.21502575 | T28: =ABS(O28-B28) -> 8.0183965e-05 | U28: =ABS(P28-C28) -> 0.49124515 | V28: =ABS(Q28-D28) -> 0.54108254
A29: 0.4 | B29: 0.1 | C29: 3.665 | D29: 1.571 | E29: 1.4 | F29: 0 | G29: 0 | N29: 0.3734366 | O29: 0.11841334 | P29: 3.4953259 | Q29: 1.3084097 | R29: 0.00010359035 | S29: =ABS(N29-A29) -> 0.026563398 | T29: =ABS(O29-B29) -> 0.018413344 | U29: =ABS(P29-C29) -> 0.16967413 | V29: =ABS(Q29-D29) -> 0.26259032
... A152: 0.3 | B152: 0.18 | C152: 3.665 | D152: 1.571 | E152: 0 | F152: 0 | G152: 0 | N152: 0.26804187 | O152: 0.15823814 | P152: 3.8582061 | Q152: 1.1841091 | R152: 0.00011713759 | S152: =ABS(N152-A152) -> 0.031958126 | T152: =ABS(O152-B152) -> 0.021761859 | U152: =ABS(P152-C152) -> 0.19320615 | V152: =ABS(Q152-D152) -> 0.38689086

Sheet Sheet1
A1: -0.00015595352 | B1: -0.034215424 | C1: -1.4112447e-07 | D1: 0.19788618 | E1: -0.0031988472 | F1: 0.19883658 | G1: 1.4 | H1: 0 | I1: 0
A2: -0.00024353998 | B2: -0.058889583 | C2: -5.925406e-05 | D2: 0.25050288 | E2: 0.00098302215 | F2: 0.25498384 | G2: 0 | H2: 0 | I2: 0
A3: 0.0022863355 | B3: -0.11987079 | C3: -0.0069630081 | D3: 0.31022596 | E3: -0.023233078 | F3: 0.50102174 | G3: 1.4 | H3: 0 | I3: 0
A4: 0.00065225898 | B4: -0.061197262 | C4: -0.00089818926 | D4: -0.0019721901 | E4: -0.0057942867 | F4: 0.38675421 | G4: 1.4 | H4: 0 | I4: 0
A5: -0.0004060925 | B5: -0.1524459 | C5: -0.001212092 | D5: -0.11741215 | E5: -0.0026462823 | F5: 0.85134244 | G5: 0 | H5: 0 | I5: 0
A6: 0.0050521446 | B6: -0.1575374 | C6: -0.0062086973 | D6: -0.29486877 | E6: -0.028079696 | F6: 0.56537819 | G6: 1.4 | H6: 0 | I6: 0
A7: 3.7113496e-05 | B7: -0.19372103 | C7: -0.0021289892 | D7: -0.41201991 | E7: -0.0011864491 | F7: 0.55889893 | G7: 0 | H7: 0 | I7: 0
A8: -0.00089350855 | B8: 0.042732272 | C8: -0.077487379 | D8: 0.62493914 | E8: -0.52349442 | F8: -0.28826642 | G8: 0 | H8: 0 | I8: 0
A9: -0.00089688366 | B9: 0.041764144 | C9: -0.077566296 | D9: 0.45929119 | E9: -0.41274711 | F9: -0.22374529 | G9: 0 | H9: 0 | I9: 0
A10: -0.00055184728 | B10: 0.066554107 | C10: -0.11961602 | D10: 0.49095398 | E10: -0.47584063 | F10: -0.25870201 | G10: 1.4 | H10: 0 | I10: 0
A11: -0.00032309396 | B11: 0.03557257 | C11: -0.061782382 | D11: 0.27096123 | E11: -0.21531303 | F11: -0.12271251 | G11: 1.4 | H11: 0 | I11: 0
A12: -0.00071692816 | B12: 0.035600811 | C12: -0.062020469 | D12: -0.0065964758 | E12: -0.30639431 | F12: -0.17468151 | G12: 1.4 | H12: 0 | I12: 0
... A15: -0.000621774 | B15: 0.032626789 | C15: -0.057201467 | D15: -0.027179472 | E15: -0.19488391 | F15: -0.10984056 | G15: 0 | H15: 0 | I15: 0

Sheet Conversion
A1: Raw Data | H1: Converted
A2: Fx | B2: Fy | C2: Fz | D2: Tx | E2: Ty | F2: Tz | H2: Tx | I2: Ty | J2: Tz | K2: Fx | L2: Fy | M2: Fz
A3: 0.19883658 | B3: 0.0031988472 | C3: 0.19788618 | D3: -1.4112447e-07 | E3: 0.034215424 | F3: -0.00015595352 | H3: =$F3 -> -0.00015595352 | I3: =-1*$E3 -> -0.034215424 | J3: =$D3 -> -1.4112447e-07 | K3: =$C3 -> 0.19788618 | L3: =-1*$B3 -> -0.0031988472 | M3: =$A3 -> 0.19883658
A4: 0.25498384 | B4: -0.00098302215 | C4: 0.25050288 | D4: -5.925406e-05 | E4: 0.058889583 | F4: -0.00024353998 | H4: =$F4 -> -0.00024353998 | I4: =-1*$E4 -> -0.058889583 | J4: =$D4 -> -5.925406e-05 | K4: =$C4 -> 0.25050288 | L4: =-1*$B4 -> 0.00098302215 | M4: =$A4 -> 0.25498384
A5: 0.50102174 | B5: 0.023233078 | C5: 0.31022596 | D5: -0.0069630081 | E5: 0.11987079 | F5: 0.0022863355 | H5: =$F5 -> 0.0022863355 | I5: =-1*$E5 -> -0.11987079 | J5: =$D5 -> -0.0069630081 | K5: =$C5 -> 0.31022596 | L5: =-1*$B5 -> -0.023233078 | M5: =$A5 -> 0.50102174
A6: 0.38675421 | B6: 0.0057942867 | C6: -0.0019721901 | D6: -0.00089818926 | E6: 0.061197262 | F6: 0.00065225898 | H6: =$F6 -> 0.00065225898 | I6: =-1*$E6 -> -0.061197262 | J6: =$D6 -> -0.00089818926 | K6: =$C6 -> -0.0019721901 | L6: =-1*$B6 -> -0.0057942867 | M6: =$A6 -> 0.38675421
A7: 0.85134244 | B7: 0.0026462823 | C7: -0.11741215 | D7: -0.001212092 | E7: 0.1524459 | F7: -0.0004060925 | H7: =$F7 -> -0.0004060925 | I7: =-1*$E7 -> -0.1524459 | J7: =$D7 -> -0.001212092 | K7: =$C7 -> -0.11741215 | L7: =-1*$B7 -> -0.0026462823 | M7: =$A7 -> 0.85134244
A8: 0.56537819 | B8: 0.028079696 | C8: -0.29486877 | D8: -0.0062086973 | E8: 0.1575374 | F8: 0.0050521446 | H8: =$F8 -> 0.0050521446 | I8: =-1*$E8 -> -0.1575374 | J8: =$D8 -> -0.0062086973 | K8: =$C8 -> -0.29486877 | L8: =-1*$B8 -> -0.028079696 | M8: =$A8 -> 0.56537819
A9: 0.55889893 | B9: 0.0011864491 | C9: -0.41201991 | D9: -0.0021289892 | E9: 0.19372103 | F9: 3.7113496e-05 | H9: =$F9 -> 3.7113496e-05 | I9: =-1*$E9 -> -0.19372103 | J9: =$D9 -> -0.0021289892 | K9: =$C9 -> -0.41201991 | L9: =-1*$B9 -> -0.0011864491 | M9: =$A9 -> 0.55889893
A10: -0.28826642 | B10: 0.52349442 | C10: 0.62493914 | D10: -0.077487379 | E10: -0.042732272 | F10: -0.00089350855 | H10: =$F10 -> -0.00089350855 | I10: =-1*$E10 -> 0.042732272 | J10: =$D10 -> -0.077487379 | K10: =$C10 -> 0.62493914 | L10: =-1*$B10 -> -0.52349442 | M10: =$A10 -> -0.28826642
A11: -0.22374529 | B11: 0.41274711 | C11: 0.45929119 | D11: -0.077566296 | E11: -0.041764144 | F11: -0.00089688366 | H11: =$F11 -> -0.00089688366 | I11: =-1*$E11 -> 0.041764144 | J11: =$D11 -> -0.077566296 | K11: =$C11 -> 0.45929119 | L11: =-1*$B11 -> -0.41274711 | M11: =$A11 -> -0.22374529
A12: -0.25870201 | B12: 0.47584063 | C12: 0.49095398 | D12: -0.11961602 | E12: -0.066554107 | F12: -0.00055184728 | H12: =$F12 -> -0.00055184728 | I12: =-1*$E12 -> 0.066554107 | J12: =$D12 -> -0.11961602 | K12: =$C12 -> 0.49095398 | L12: =-1*$B12 -> -0.47584063 | M12: =$A12 -> -0.25870201
A13: -0.12271251 | B13: 0.21531303 | C13: 0.27096123 | D13: -0.061782382 | E13: -0.03557257 | F13: -0.00032309396 | H13: =$F13 -> -0.00032309396 | I13: =-1*$E13 -> 0.03557257 | J13: =$D13 -> -0.061782382 | K13: =$C13 -> 0.27096123 | L13: =-1*$B13 -> -0.21531303 | M13: =$A13 -> -0.12271251
A14: -0.17468151 | B14: 0.30639431 | C14: -0.0065964758 | D14: -0.062020469 | E14: -0.035600811 | F14: -0.00071692816 | H14: =$F14 -> -0.00071692816 | I14: =-1*$E14 -> 0.035600811 | J14: =$D14 -> -0.062020469 | K14: =$C14 -> -0.0065964758 | L14: =-1*$B14 -> -0.30639431 | M14: =$A14 -> -0.17468151
... A17: -0.10984056 | B17: 0.19488391 | C17: -0.027179472 | D17: -0.057201467 | E17: -0.032626789 | F17: -0.000621774 | H17: =$F17 -> -0.000621774 | I17: =-1*$E17 -> 0.032626789 | J17: =$D17 -> -0.057201467 | K17: =$C17 -> -0.027179472 | L17: =-1*$B17 -> -0.19488391 | M17: =$A17 -> -0.10984056
H18: =$F18 -> 0 | I18: =-1*$E18 -> 0 | J18: =$D18 -> 0 | K18: =$C18 -> 0 | L18: =-1*$B18 -> 0 | M18: =$A18 -> 0
H19: =$F19 -> 0 | I19: =-1*$E19 -> 0 | J19: =$D19 -> 0 | K19: =$C19 -> 0 | L19: =-1*$B19 -> 0 | M19: =$A19 -> 0
H20: =$F20 -> 0 | I20: =-1*$E20 -> 0 | J20: =$D20 -> 0 | K20: =$C20 -> 0 | L20: =-1*$B20 -> 0 | M20: =$A20 -> 0
H21: =$F21 -> 0 | I21: =-1*$E21 -> 0 | J21: =$D21 -> 0 | K21: =$C21 -> 0 | L21: =-1*$B21 -> 0 | M21: =$A21 -> 0
H22: =$F22 -> 0 | I22: =-1*$E22 -> 0 | J22: =$D22 -> 0 | K22: =$C22 -> 0 | L22: =-1*$B22 -> 0 | M22: =$A22 -> 0
H23: =$F23 -> 0 | I23: =-1*$E23 -> 0 | J23: =$D23 -> 0 | K23: =$C23 -> 0 | L23: =-1*$B23 -> 0 | M23: =$A23 -> 0
H24: =$F24 -> 0 | I24: =-1*$E24 -> 0 | J24: =$D24 -> 0 | K24: =$C24 -> 0 | L24: =-1*$B24 -> 0 | M24: =$A24 -> 0
H25: =$F25 -> 0 | I25: =-1*$E25 -> 0 | J25: =$D25 -> 0 | K25: =$C25 -> 0 | L25: =-1*$B25 -> 0 | M25: =$A25 -> 0
H26: =$F26 -> 0 | I26: =-1*$E26 -> 0 | J26: =$D26 -> 0 | K26: =$C26 -> 0 | L26: =-1*$B26 -> 0 | M26: =$A26 -> 0
H27: =$F27 -> 0 | I27: =-1*$E27 -> 0 | J27: =$D27 -> 0 | K27: =$C27 -> 0 | L27: =-1*$B27 -> 0 | M27: =$A27 -> 0
H28: =$F28 -> 0 | I28: =-1*$E28 -> 0 | J28: =$D28 -> 0 | K28: =$C28 -> 0 | L28: =-1*$B28 -> 0 | M28: =$A28 -> 0
