Workbook

Sheet Proximal Validation (single)
A1: Ground Truth | H1: Gimbal | J1: 6-Axis FT Sensor | P1: SoRoSim get_proximal_value | V1: Proximal Errors
A2: F (N) | B2: s (m) | C2: el (rad) | D2: az (deg) | E2: tau1 (N) | F2: tau2 (N) | G2: tau3 (N) | H2: α_roll (deg) | I2: β_pitch (deg) | J2: Tx (Nm) | K2: Ty (Nm) | L2: Tz(Nm) | M2: Fx (N) | N2: Fy (N) | O2: Fz (N) | P2: Tx (Nm) | Q2: Ty (Nm) | R2: Tz(Nm) | S2: Fx (N) | T2: Fy (N) | U2: Fz (N) | V2: Tx (Nm) | W2: Ty (Nm) | X2: Tz(Nm) | Y2: Fx (N) | Z2: Fy (N) | AA2: Fz (N)
A3: 0.713 | B3: 0.04 | C3: 1.571 | D3: -3.142 | E3: 1.19 | F3: 0.377 | G3: 0.338 | H3: =DEGREES(ATAN2(COS($C3) * SIN($D3), -SIN($C3)))+90 -> -4.7535757e-06 | I3: =DEGREES(ACOS(COS($C3) * COS($D3))) -> 89.98833 | J3: 0.0010888772 | K3: -0.096208736 | L3: 0.00052786293 | M3: -0.10211793 | N3: 0.00041469932 | O3: 0.71999621 | V3: =ABS(J3-P3) -> 0.0010888772 | W3: =ABS(K3-Q3) -> 0.096208736 | X3: =ABS(L3-R3) -> 0.00052786293 | Y3: =ABS(M3-S3) -> 0.10211793 | Z3: =ABS(N3-T3) -> 0.00041469932 | AA3: =ABS(O3-U3) -> 0.71999621
A4: 0.42 | B4: 0.1 | C4: 1.571 | D4: -3.142 | E4: 0.455 | F4: 0.619 | G4: 0.95 | H4: =DEGREES(ATAN2(COS($C4) * SIN($D4), -SIN($C4)))+90 -> -4.7535757e-06 | I4: =DEGREES(ACOS(COS($C4) * COS($D4))) -> 89.98833 | J4: 0.00023616489 | K4: -0.076096132 | L4: -3.3083488e-06 | M4: -0.094495028 | N4: 0.00034726411 | O4: 0.3770107 | V4: =ABS(J4-P4) -> 0.00023616489 | W4: =ABS(K4-Q4) -> 0.076096132 | X4: =ABS(L4-R4) -> 3.3083488e-06 | Y4: =ABS(M4-S4) -> 0.094495028 | Z4: =ABS(N4-T4) -> 0.00034726411 | AA4: =ABS(O4-U4) -> 0.3770107
A5: 0.852 | B5: 0.06 | C5: 0.785 | D5: -3.142 | E5: 0.308 | F5: 0.694 | G5: 0.013 | H5: =DEGREES(ATAN2(COS($C5) * SIN($D5), -SIN($C5)))+90 -> 0.023357821 | I5: =DEGREES(ACOS(COS($C5) * COS($D5))) -> 135.02281 | J5: -0.0058051599 | K5: -0.057722971 | L5: 0.025792217 | M5: -0.70404148 | N5: 0.26054934 | O5: -0.16655451 | V5: =ABS(J5-P5) -> 0.0058051599 | W5: =ABS(K5-Q5) -> 0.057722971 | X5: =ABS(L5-R5) -> 0.025792217 | Y5: =ABS(M5-S5) -> 0.70404148 | Z5: =ABS(N5-T5) -> 0.26054934 | AA5: =ABS(O5-U5) -> 0.16655451
A6: 0.611 | B6: 0.1 | C6: 0.785 | D6: -3.142 | E6: 1.008 | F6: 0.046 | G6: 1.286 | H6: =DEGREES(ATAN2(COS($C6) * SIN($D6), -SIN($C6)))+90 -> 0.023357821 | I6: =DEGREES(ACOS(COS($C6) * COS($D6))) -> 135.02281 | J6: 0.015627356 | K6: -0.054018211 | L6: -0.0069588195 | M6: -0.60411417 | N6: 0.041902125 | O6: -0.028247416 | V6: =ABS(J6-P6) -> 0.015627356 | W6: =ABS(K6-Q6) -> 0.054018211 | X6: =ABS(L6-R6) -> 0.0069588195 | Y6: =ABS(M6-S6) -> 0.60411417 | Z6: =ABS(N6-T6) -> 0.041902125 | AA6: =ABS(O6-U6) -> 0.028247416
A7: 0.658 | B7: 0.04 | C7: -0.785 | D7: 0 | E7: 0.397 | F7: 0.309 | G7: 0.065 | H7: =DEGREES(ATAN2(COS($C7) * SIN($D7), -SIN($C7)))+90 -> 180 | I7: =DEGREES(ACOS(COS($C7) * COS($D7))) -> 44.977187 | J7: 0.00098052504 | K7: 0.085509866 | L7: 0.0040061371 | M7: 0.62881786 | N7: 0.014058352 | O7: -0.70932925 | V7: =ABS(J7-P7) -> 0.00098052504 | W7: =ABS(K7-Q7) -> 0.085509866 | X7: =ABS(L7-R7) -> 0.0040061371 | Y7: =ABS(M7-S7) -> 0.62881786 | Z7: =ABS(N7-T7) -> 0.014058352 | AA7: =ABS(O7-U7) -> 0.70932925
A8: 0.363 | B8: 0.18 | C8: -0.785 | D8: 0 | E8: 0.756 | F8: 1.339 | G8: 0.394 | H8: =DEGREES(ATAN2(COS($C8) * SIN($D8), -SIN($C8)))+90 -> 180 | I8: =DEGREES(ACOS(COS($C8) * COS($D8))) -> 44.977187 | J8: 0.00061782915 | K8: 0.041015565 | L8: 0.0026633209 | M8: 0.14830488 | N8: 0.0051313285 | O8: -0.17279407 | V8: =ABS(J8-P8) -> 0.00061782915 | W8: =ABS(K8-Q8) -> 0.041015565 | X8: =ABS(L8-R8) -> 0.0026633209 | Y8: =ABS(M8-S8) -> 0.14830488 | Z8: =ABS(N8-T8) -> 0.0051313285 | AA8: =ABS(O8-U8) -> 0.17279407
A9: 0.216 | B9: 0.04 | C9: -1.047 | D9: 0 | E9: 1.106 | F9: 0.213 | G9: 0.419 | H9: =DEGREES(ATAN2(COS($C9) * SIN($D9), -SIN($C9)))+90 -> 180 | I9: =DEGREES(ACOS(COS($C9) * COS($D9))) -> 59.988681 | J9: 0.00020485953 | K9: 0.01752317 | L9: 0.0011188128 | M9: 0.077061228 | N9: 0.00081693381 | O9: -0.13907811 | V9: =ABS(J9-P9) -> 0.00020485953 | W9: =ABS(K9-Q9) -> 0.01752317 | X9: =ABS(L9-R9) -> 0.0011188128 | Y9: =ABS(M9-S9) -> 0.077061228 | Z9: =ABS(N9-T9) -> 0.00081693381 | AA9: =ABS(O9-U9) -> 0.13907811
A10: 0.166 | B10: 0.1 | C10: -1.047 | D10: 0 | E10: 0.962 | F10: 0.959 | G10: 0.779 | H10: =DEGREES(ATAN2(COS($C10) * SIN($D10), -SIN($C10)))+90 -> 180 | I10: =DEGREES(ACOS(COS($C10) * COS($D10))) -> 59.988681 | J10: 0.00015330073 | K10: 0.015153426 | L10: 0.00011925116 | M10: 0.049468119 | N10: -0.0007562954 | O10: -0.080783911 | V10: =ABS(J10-P10) -> 0.00015330073 | W10: =ABS(K10-Q10) -> 0.015153426 | X10: =ABS(L10-R10) -> 0.00011925116 | Y10: =ABS(M10-S10) -> 0.049468119 | Z10: =ABS(N10-T10) -> 0.0007562954 | AA10: =ABS(O10-U10) -> 0.080783911
A11: 0.184 | B11: 0.12 | C11: -1.047 | D11: 0 | E11: 0.276 | F11: 0.894 | G11: 0.747 | H11: =DEGREES(ATAN2(COS($C11) * SIN($D11), -SIN($C11)))+90 -> 180 | I11: =DEGREES(ACOS(COS($C11) * COS($D11))) -> 59.988681 | J11: 0.00098040979 | K11: 0.025940375 | L11: 0.001259484 | M11: 0.045787167 | N11: 0.0065520424 | O11: -0.1244907 | V11: =ABS(J11-P11) -> 0.00098040979 | W11: =ABS(K11-Q11) -> 0.025940375 | X11: =ABS(L11-R11) -> 0.001259484 | Y11: =ABS(M11-S11) -> 0.045787167 | Z11: =ABS(N11-T11) -> 0.0065520424 | AA11: =ABS(O11-U11) -> 0.1244907
A12: 0.309 | B12: 0.12 | C12: -1.571 | D12: 0 | E12: 0.075 | F12: 0.871 | G12: 0.308 | H12: 180 | I12: 90.01167 | J12: 0.0018741261 | K12: 0.04320785 | L12: 0.0013261497 | M12: -0.056303322 | N12: 0.009108033 | O12: -0.1952658
A13: 0.204 | B13: 0.2 | C13: -1.571 | D13: 0 | E13: 0.785 | F13: 1.315 | G13: 0.401 | H13: 180 | I13: 90.01167 | J13: 0.0015600752 | K13: 0.03009814 | L13: 0.0020784591 | M13: -0.027036492 | N13: 0.0082853539 | O13: -0.094623744
A14: 0.961 | B14: 0.14 | C14: -1.047 | D14: 0 | E14: 0.61 | F14: 0.648 | G14: 1.244 | H14: =DEGREES(ATAN2(COS($C14) * SIN($D14), -SIN($C14)))+90 -> 180 | I14: =DEGREES(ACOS(COS($C14) * COS($D14))) -> 59.988681 | V14: =ABS(J14-P14) -> 0 | W14: =ABS(K14-Q14) -> 0 | X14: =ABS(L14-R14) -> 0 | Y14: =ABS(M14-S14) -> 0 | Z14: =ABS(N14-T14) -> 0 | AA14: =ABS(O14-U14) -> 0
A15: 0.51 | B15: 0.06 | C15: -1.571 | D15: -3.142 | E15: 0.77 | F15: 0.723 | G15: 0.808 | H15: =DEGREES(ATAN2(COS($C15) * SIN($D15), -SIN($C15)))+90 -> 180 | I15: =DEGREES(ACOS(COS($C15) * COS($D15))) -> 89.98833 | V15: =ABS(J15-P15) -> 0 | W15: =ABS(K15-Q15) -> 0 | X15: =ABS(L15-R15) -> 0 | Y15: =ABS(M15-S15) -> 0 | Z15: =ABS(N15-T15) -> 0 | AA15: =ABS(O15-U15) -> 0
A16: 0.897 | B16: 0.2 | C16: -1.571 | D16: -3.142 | E16: 1.266 | F16: 0.653 | G16: 0.558 | H16: =DEGREES(ATAN2(COS($C16) * SIN($D16), -SIN($C16)))+90 -> 180 | I16: =DEGREES(ACOS(COS($C16) * COS($D16))) -> 89.98833 | V16: =ABS(J16-P16) -> 0 | W16: =ABS(K16-Q16) -> 0 | X16: =ABS(L16-R16) -> 0 | Y16: =ABS(M16-S16) -> 0 | Z16: =ABS(N16-T16) -> 0 | AA16: =ABS(O16-U16) -> 0
A17: 0.429 | B17: 0.18 | C17: -1.047 | D17: -3.142 | E17: 1.105 | F17: 1.337 | G17: 0.407 | H17: =DEGREES(ATAN2(COS($C17) * SIN($D17), -SIN($C17)))+90 -> 179.98652 | I17: =DEGREES(ACOS(COS($C17) * COS($D17))) -> 120.01132 | V17: =ABS(J17-P17) -> 0 | W17: =ABS(K17-Q17) -> 0 | X17: =ABS(L17-R17) -> 0 | Y17: =ABS(M17-S17) -> 0 | Z17: =ABS(N17-T17) -> 0 | AA17: =ABS(O17-U17) -> 0

Sheet Distal Validation (single)
A1: Ground Truth | H1: Gimbal | J1: 6-Axis FT Sensor | P1: SoRoSim get_distal_value | T1: Distal Errors | X1: Ground-truth unit vector | AA1: Predicted unit vector
A2: F (N) | B2: s (m) | C2: el (rad) | D2: az (rad) | E2: tau1 (N) | F2: tau2 (N) | G2: tau3 (N) | H2: α_roll (deg) | I2: β_pitch (deg) | J2: Tx (Nm) | K2: Ty (Nm) | L2: Tz(Nm) | M2: Fx (N) | N2: Fy (N) | O2: Fz (N) | P2: F (N) | Q2: s (m) | R2: el (rad) | S2: az (rad) | T2: F (N) | U2: s (m) | V2: Combiend Angular (deg) | X2: x | Y2: y | Z2: z | AA2: x | AB2: y | AC2: z
A3: ='Proximal Validation (single)'!A3 -> 0.713 | B3: ='Proximal Validation (single)'!B3 -> 0.04 | C3: ='Proximal Validation (single)'!C3 -> 1.571 | D3: ='Proximal Validation (single)'!D3 -> -3.142 | E3: ='Proximal Validation (single)'!E3 -> 1.19 | F3: ='Proximal Validation (single)'!F3 -> 0.377 | G3: ='Proximal Validation (single)'!G3 -> 0.338 | H3: ='Proximal Validation (single)'!H3 -> -4.7535757e-06 | ... O3: ='Proximal Validation (single)'!O3 -> 0.71999621 | P3: 0.727413 | Q3: 0.041686 | R3: 1.570796 | S3: 3.138989 | T3: =P3-A3 -> 0.014413 | U3: =Q3-B3 -> 0.001686 | V3: =DEGREES(ACOS( MAX(-1, MIN(1, AA3*X3 + AB3*Y3 + AC3*Z3)) )) -> 0.011688339 | X3: =COS(C3)*COS(D3) -> 0.00020367319 | Y3: =COS(C3)*SIN(D3) -> -8.2965546e-08 | Z3: =SIN(C3) -> 0.99999998 | AA3: =COS(R3)*COS(S3) -> -3.2679379e-07 | AB3: =COS(R3)*SIN(S3) -> 8.5085974e-10 | AC3: =SIN(R3) -> 1
A4: ='Proximal Validation (single)'!A4 -> 0.42 | B4: ='Proximal Validation (single)'!B4 -> 0.1 | C4: ='Proximal Validation (single)'!C4 -> 1.571 | D4: ='Proximal Validation (single)'!D4 -> -3.142 | E4: ='Proximal Validation (single)'!E4 -> 0.455 | F4: ='Proximal Validation (single)'!F4 -> 0.619 | G4: ='Proximal Validation (single)'!G4 -> 0.95 | H4: ='Proximal Validation (single)'!H4 -> -4.7535757e-06 | ... O4: ='Proximal Validation (single)'!O4 -> 0.3770107 | P4: 0.389321 | Q4: 0.09309 | R4: 1.570796 | S4: 3.083226 | T4: =P4-A4 -> -0.030679 | U4: =Q4-B4 -> -0.00691 | V4: =DEGREES(ACOS( MAX(-1, MIN(1, AA4*X4 + AB4*Y4 + AC4*Z4)) )) -> 0.011688308 | X4: =COS(C4)*COS(D4) -> 0.00020367319 | Y4: =COS(C4)*SIN(D4) -> -8.2965546e-08 | Z4: =SIN(C4) -> 0.99999998 | AA4: =COS(R4)*COS(S4) -> -3.2623841e-07 | AB4: =COS(R4)*SIN(S4) -> 1.9063097e-08 | AC4: =SIN(R4) -> 1
A5: ='Proximal Validation (single)'!A5 -> 0.852 | B5: ='Proximal Validation (single)'!B5 -> 0.06 | C5: ='Proximal Validation (single)'!C5 -> 0.785 | D5: ='Proximal Validation (single)'!D5 -> -3.142 | E5: ='Proximal Validation (single)'!E5 -> 0.308 | F5: ='Proximal Validation (single)'!F5 -> 0.694 | G5: ='Proximal Validation (single)'!G5 -> 0.013 | H5: ='Proximal Validation (single)'!H5 -> 0.023357821 | ... O5: ='Proximal Validation (single)'!O5 -> -0.16655451 | P5: 0.767534 | Q5: 0.01 | R5: -0.2025 | S5: 2.790268 | T5: =P5-A5 -> -0.084466 | U5: =Q5-B5 -> -0.05 | V5: =DEGREES(ACOS( MAX(-1, MIN(1, AA5*X5 + AB5*Y5 + AC5*Z5)) )) -> 59.432755 | X5: =COS(C5)*COS(D5) -> -0.70738821 | Y5: =COS(C5)*SIN(D5) -> 0.00028815206 | Z5: =SIN(C5) -> 0.70682518 | AA5: =COS(R5)*COS(S5) -> -0.91973262 | AB5: =COS(R5)*SIN(S5) -> 0.33710995 | AC5: =SIN(R5) -> -0.20111887
A6: ='Proximal Validation (single)'!A6 -> 0.611 | B6: ='Proximal Validation (single)'!B6 -> 0.1 | C6: ='Proximal Validation (single)'!C6 -> 0.785 | D6: ='Proximal Validation (single)'!D6 -> -3.142 | E6: ='Proximal Validation (single)'!E6 -> 1.008 | F6: ='Proximal Validation (single)'!F6 -> 0.046 | G6: ='Proximal Validation (single)'!G6 -> 1.286 | H6: ='Proximal Validation (single)'!H6 -> 0.023357821 | ... O6: ='Proximal Validation (single)'!O6 -> -0.028247416 | P6: 0.605836 | Q6: 0.01 | R6: -0.05081 | S6: 3.058273 | T6: =P6-A6 -> -0.005164 | U6: =Q6-B6 -> -0.09 | V6: =DEGREES(ACOS( MAX(-1, MIN(1, AA6*X6 + AB6*Y6 + AC6*Z6)) )) -> 48.075552 | X6: =COS(C6)*COS(D6) -> -0.70738821 | Y6: =COS(C6)*SIN(D6) -> 0.00028815206 | Z6: =SIN(C6) -> 0.70682518 | AA6: =COS(R6)*COS(S6) -> -0.99524485 | AB6: =COS(R6)*SIN(S6) -> 0.08311588 | AC6: =SIN(R6) -> -0.05078814
A7: ='Proximal Validation (single)'!A7 -> 0.658 | B7: ='Proximal Validation (single)'!B7 -> 0.04 | C7: ='Proximal Validation (single)'!C7 -> -0.785 | D7: ='Proximal Validation (single)'!D7 -> 0 | E7: ='Proximal Validation (single)'!E7 -> 0.397 | F7: ='Proximal Validation (single)'!F7 -> 0.309 | G7: ='Proximal Validation (single)'!G7 -> 0.065 | H7: ='Proximal Validation (single)'!H7 -> 180 | ... O7: ='Proximal Validation (single)'!O7 -> -0.70932925 | P7: 0.947926 | Q7: 0.032318 | R7: -0.79464 | S7: 0.0169 | T7: =P7-A7 -> 0.289926 | U7: =Q7-B7 -> -0.007682 | V7: =DEGREES(ACOS( MAX(-1, MIN(1, AA7*X7 + AB7*Y7 + AC7*Z7)) )) -> 0.87732833 | X7: =COS(C7)*COS(D7) -> 0.70738827 | Y7: =COS(C7)*SIN(D7) -> 0 | Z7: =SIN(C7) -> -0.70682518 | AA7: =COS(R7)*COS(S7) -> 0.70044167 | AB7: =COS(R7)*SIN(S7) -> 0.011838591 | AC7: =SIN(R7) -> -0.71361146
A8: ='Proximal Validation (single)'!A8 -> 0.363 | B8: ='Proximal Validation (single)'!B8 -> 0.18 | C8: ='Proximal Validation (single)'!C8 -> -0.785 | D8: ='Proximal Validation (single)'!D8 -> 0 | E8: ='Proximal Validation (single)'!E8 -> 0.756 | F8: ='Proximal Validation (single)'!F8 -> 1.339 | G8: ='Proximal Validation (single)'!G8 -> 0.394 | H8: ='Proximal Validation (single)'!H8 -> 180 | ... O8: ='Proximal Validation (single)'!O8 -> -0.17279407 | P8: 0.227731 | Q8: 0.177912 | R8: -0.64052 | S8: 0.114735 | T8: =P8-A8 -> -0.135269 | U8: =Q8-B8 -> -0.002088 | V8: =DEGREES(ACOS( MAX(-1, MIN(1, AA8*X8 + AB8*Y8 + AC8*Z8)) )) -> 9.6494176 | X8: =COS(C8)*COS(D8) -> 0.70738827 | Y8: =COS(C8)*SIN(D8) -> 0 | Z8: =SIN(C8) -> -0.70682518 | AA8: =COS(R8)*COS(S8) -> 0.7965135 | AB8: =COS(R8)*SIN(S8) -> 0.091791113 | AC8: =SIN(R8) -> -0.59761245
A9: ='Proximal Validation (single)'!A9 -> 0.216 | B9: ='Proximal Validation (single)'!B9 -> 0.04 | C9: ='Proximal Validation (single)'!C9 -> -1.047 | D9: ='Proximal Validation (single)'!D9 -> 0 | E9: ='Proximal Validation (single)'!E9 -> 1.106 | F9: ='Proximal Validation (single)'!F9 -> 0.213 | G9: ='Proximal Validation (single)'!G9 -> 0.419 | H9: ='Proximal Validation (single)'!H9 -> 180 | ... O9: ='Proximal Validation (single)'!O9 -> -0.13907811 | P9: 0.158911 | Q9: 0.039528 | R9: -1.05898 | S9: -0.02944 | T9: =P9-A9 -> -0.057089 | U9: =Q9-B9 -> -0.000472 | V9: =DEGREES(ACOS( MAX(-1, MIN(1, AA9*X9 + AB9*Y9 + AC9*Z9)) )) -> 1.0807935 | X9: =COS(C9)*COS(D9) -> 0.50017107 | Y9: =COS(C9)*SIN(D9) -> 0 | Z9: =SIN(C9) -> -0.86592661 | AA9: =COS(R9)*COS(S9) -> 0.4895494 | AB9: =COS(R9)*SIN(S9) -> -0.0144165 | AC9: =SIN(R9) -> -0.87185638
A10: ='Proximal Validation (single)'!A10 -> 0.166 | B10: ='Proximal Validation (single)'!B10 -> 0.1 | C10: ='Proximal Validation (single)'!C10 -> -1.047 | D10: ='Proximal Validation (single)'!D10 -> 0 | E10: ='Proximal Validation (single)'!E10 -> 0.962 | F10: ='Proximal Validation (single)'!F10 -> 0.959 | G10: ='Proximal Validation (single)'!G10 -> 0.779 | H10: ='Proximal Validation (single)'!H10 -> 180 | ... O10: ='Proximal Validation (single)'!O10 -> -0.080783911 | P10: 0.094673 | Q10: 0.097114 | R10: -0.98511 | S10: -0.01806 | T10: =P10-A10 -> -0.071327 | U10: =Q10-B10 -> -0.002886 | V10: =DEGREES(ACOS( MAX(-1, MIN(1, AA10*X10 + AB10*Y10 + AC10*Z10)) )) -> 3.5875604 | X10: =COS(C10)*COS(D10) -> 0.50017107 | Y10: =COS(C10)*SIN(D10) -> 0 | Z10: =SIN(C10) -> -0.86592661 | AA10: =COS(R10)*COS(S10) -> 0.55268131 | AB10: =COS(R10)*SIN(S10) -> -0.0099825097 | AC10: =SIN(R10) -> -0.8333329
A11: ='Proximal Validation (single)'!A11 -> 0.184 | B11: ='Proximal Validation (single)'!B11 -> 0.12 | C11: ='Proximal Validation (single)'!C11 -> -1.047 | D11: ='Proximal Validation (single)'!D11 -> 0 | E11: ='Proximal Validation (single)'!E11 -> 0.276 | F11: ='Proximal Validation (single)'!F11 -> 0.894 | G11: ='Proximal Validation (single)'!G11 -> 0.747 | H11: ='Proximal Validation (single)'!H11 -> 180 | ... O11: ='Proximal Validation (single)'!O11 -> -0.1244907 | P11: 0.132444 | Q11: 0.12658 | R11: -1.01829 | S11: 0.172927 | T11: =P11-A11 -> -0.051556 | U11: =Q11-B11 -> 0.00658 | V11: =DEGREES(ACOS( MAX(-1, MIN(1, AA11*X11 + AB11*Y11 + AC11*Z11)) )) -> 5.3321029 | X11: =COS(C11)*COS(D11) -> 0.50017107 | Y11: =COS(C11)*SIN(D11) -> 0 | Z11: =SIN(C11) -> -0.86592661 | AA11: =COS(R11)*COS(S11) -> 0.51699475 | AB11: =COS(R11)*SIN(S11) -> 0.090304296 | AC11: =SIN(R11) -> -0.85121182
A12: ='Proximal Validation (single)'!A12 -> 0.309 | B12: ='Proximal Validation (single)'!B12 -> 0.12 | C12: ='Proximal Validation (single)'!C12 -> -1.571 | D12: ='Proximal Validation (single)'!D12 -> 0 | E12: ='Proximal Validation (single)'!E12 -> 0.075 | F12: ='Proximal Validation (single)'!F12 -> 0.871 | G12: ='Proximal Validation (single)'!G12 -> 0.308 | H12: ='Proximal Validation (single)'!H12 -> 180 | ... O12: ='Proximal Validation (single)'!O12 -> -0.1952658 | P12: 0.203072 | Q12: 0.126993 | R12: -1.5328 | S12: 2.127452 | T12: =P12-A12 -> -0.105928 | U12: =Q12-B12 -> 0.006993 | V12: =DEGREES(ACOS( MAX(-1, MIN(1, AA12*X12 + AB12*Y12 + AC12*Z12)) )) -> 2.1708861 | X12: =COS(C12)*COS(D12) -> -0.0002036732 | Y12: =COS(C12)*SIN(D12) -> 0 | Z12: =SIN(C12) -> -0.99999998 | AA12: =COS(R12)*COS(S12) -> -0.020070519 | AB12: =COS(R12)*SIN(S12) -> 0.032252139 | AC12: =SIN(R12) -> -0.99927823
A13: ='Proximal Validation (single)'!A13 -> 0.204 | B13: ='Proximal Validation (single)'!B13 -> 0.2 | C13: ='Proximal Validation (single)'!C13 -> -1.571 | D13: ='Proximal Validation (single)'!D13 -> 0 | E13: ='Proximal Validation (single)'!E13 -> 0.785 | F13: ='Proximal Validation (single)'!F13 -> 1.315 | G13: ='Proximal Validation (single)'!G13 -> 0.401 | H13: ='Proximal Validation (single)'!H13 -> 180 | ... O13: ='Proximal Validation (single)'!O13 -> -0.094623744 | P13: 0.099816 | Q13: 0.2 | R13: -1.42061 | S13: 2.692517 | T13: =P13-A13 -> -0.104184 | U13: =Q13-B13 -> 0 | V13: =DEGREES(ACOS( MAX(-1, MIN(1, AA13*X13 + AB13*Y13 + AC13*Z13)) )) -> 8.5945316 | X13: =COS(C13)*COS(D13) -> -0.0002036732 | Y13: =COS(C13)*SIN(D13) -> 0 | Z13: =SIN(C13) -> -0.99999998 | AA13: =COS(R13)*COS(S13) -> -0.13478712 | AB13: =COS(R13)*SIN(S13) -> 0.064956009 | AC13: =SIN(R13) -> -0.98874322
A14: ='Proximal Validation (single)'!A14 -> 0.961 | B14: ='Proximal Validation (single)'!B14 -> 0.14 | C14: ='Proximal Validation (single)'!C14 -> -1.047 | T14: ABS Mean Error | X14: =COS(C14)*COS(#REF!) -> #REF! | Y14: =COS(C14)*SIN(#REF!) -> #REF! | Z14: =SIN(C14) -> -0.86592661 | AA14: =COS(#REF!)*COS(#REF!) -> #REF! | AB14: =COS(#REF!)*SIN(#REF!) -> #REF! | AC14: =SIN(#REF!) -> #REF!
A15: ='Proximal Validation (single)'!A15 -> 0.51 | B15: ='Proximal Validation (single)'!B15 -> 0.06 | C15: ='Proximal Validation (single)'!C15 -> -1.571 | T15: {=AVERAGE(ABS(T3:T13))} -> 0.086363727 | U15: {=AVERAGE(ABS(U3:U13))} -> 0.015936091 | V15: {=AVERAGE(ABS(V3:V13))} -> 12.620391 | X15: =COS(C15)*COS(#REF!) -> #REF! | Y15: =COS(C15)*SIN(#REF!) -> #REF! | Z15: =SIN(C15) -> -0.99999998 | AA15: =COS(#REF!)*COS(#REF!) -> #REF! | AB15: =COS(#REF!)*SIN(#REF!) -> #REF! | AC15: =SIN(#REF!) -> #REF!
A16: ='Proximal Validation (single)'!A16 -> 0.897 | B16: ='Proximal Validation (single)'!B16 -> 0.2 | C16: ='Proximal Validation (single)'!C16 -> -1.571 | T16: Mean Error | X16: =COS(C16)*COS(#REF!) -> #REF! | Y16: =COS(C16)*SIN(#REF!) -> #REF! | Z16: =SIN(C16) -> -0.99999998 | AA16: =COS(#REF!)*COS(#REF!) -> #REF! | AB16: =COS(#REF!)*SIN(#REF!) -> #REF! | AC16: =SIN(#REF!) -> #REF!
A17: ='Proximal Validation (single)'!A17 -> 0.429 | B17: ='Proximal Validation (single)'!B17 -> 0.18 | C17: ='Proximal Validation (single)'!C17 -> -1.047 | T17: =AVERAGE(T3:T13) -> -0.031029364 | U17: =AVERAGE(U3:U13) -> -0.013161727 | V17: =AVERAGE(V3:V13) -> 12.620391 | X17: =COS(#REF!)*COS(#REF!) -> #REF! | Y17: =COS(#REF!)*SIN(#REF!) -> #REF! | Z17: =SIN(#REF!) -> #REF! | AA17: =COS(#REF!)*COS(#REF!) -> #REF! | AB17: =COS(#REF!)*SIN(#REF!) -> #REF! | AC17: =SIN(#REF!) -> #REF!
T18: STDEV
T19: =_xlfn.STDEV.S(T3:T13) -> 0.11539221 | U19: =_xlfn.STDEV.S(U3:U13) -> 0.029848236 | V19: =_xlfn.STDEV.S(V3:V13) -> 20.751925

Sheet Proximal Validation (3 sensor)
A1: Ground Truth | H1: Gimbal | J1: 6-Axis FT Sensor | M1: SoRoSim get_proximal_value | P1: Proximal Errors
A2: F (N) | B2: s (m) | C2: el (rad) | D2: az (deg) | E2: tau1 (N) | F2: tau2 (N) | G2: tau3 (N) | H2: α_roll (deg) | I2: β_pitch (deg) | J2: Ty (Nm) | K2: Tz(Nm) | L2: Fx (N) | M2: Ty (Nm) | N2: Tz(Nm) | O2: Fx (N) | P2: Ty (Nm) | Q2: Tz(Nm) | R2: Fx (N)
A3: 0.713 | B3: 0.04 | C3: 1.571 | D3: 0 | E3: 1.19 | F3: 0 | G3: 0 | H3: =DEGREES(ATAN2(COS($C3) * SIN($D3), -SIN($C3)))+90 -> 0 | I3: =DEGREES(ACOS(COS($C3) * COS($D3))) -> 90.01167 | J3: -0.084983476 | K3: -0.00055668631 | L3: -0.06905058 | P3: =ABS(J3-M3) -> 0.084983476 | Q3: =ABS(K3-N3) -> 0.00055668631 | R3: =ABS(L3-O3) -> 0.06905058
A4: 0.42 | B4: 0.1 | C4: 1.571 | D4: 0 | E4: 0 | F4: 0 | G4: 0.95 | H4: =DEGREES(ATAN2(COS($C4) * SIN($D4), -SIN($C4)))+90 -> 0 | I4: =DEGREES(ACOS(COS($C4) * COS($D4))) -> 90.01167 | J4: -0.071131989 | K4: 6.4605905e-05 | L4: -0.057656042 | P4: =ABS(J4-M4) -> 0.071131989 | Q4: =ABS(K4-N4) -> 6.4605905e-05 | R4: =ABS(L4-O4) -> 0.057656042
A5: 0.852 | B5: 0.06 | C5: 1.571 | D5: 0 | E5: 0 | F5: 0.694 | G5: 0 | H5: =DEGREES(ATAN2(COS($C5) * SIN($D5), -SIN($C5)))+90 -> 0 | I5: =DEGREES(ACOS(COS($C5) * COS($D5))) -> 90.01167 | J5: -0.12927182 | K5: 0.0019186139 | L5: -0.18650262 | P5: =ABS(J5-M5) -> 0.12927182 | Q5: =ABS(K5-N5) -> 0.0019186139 | R5: =ABS(L5-O5) -> 0.18650262
A6: 0.611 | B6: 0.1 | C6: 1.571 | D6: 0 | E6: 0 | F6: 0 | G6: 1.286 | H6: =DEGREES(ATAN2(COS($C6) * SIN($D6), -SIN($C6)))+90 -> 0 | I6: =DEGREES(ACOS(COS($C6) * COS($D6))) -> 90.01167 | J6: -0.11574728 | K6: 0.00069219834 | L6: -0.098316871 | P6: =ABS(J6-M6) -> 0.11574728 | Q6: =ABS(K6-N6) -> 0.00069219834 | R6: =ABS(L6-O6) -> 0.098316871
A7: 0.658 | B7: 0.04 | C7: 1.571 | D7: 0 | E7: 0.397 | F7: 0 | G7: 0 | H7: =DEGREES(ATAN2(COS($C7) * SIN($D7), -SIN($C7)))+90 -> 0 | I7: =DEGREES(ACOS(COS($C7) * COS($D7))) -> 90.01167 | J7: -0.085103944 | K7: 0.00027206785 | L7: -0.10715988 | P7: =ABS(J7-M7) -> 0.085103944 | Q7: =ABS(K7-N7) -> 0.00027206785 | R7: =ABS(L7-O7) -> 0.10715988
A8: 0.216 | B8: 0.16 | C8: -1.571 | D8: 0 | E8: 1.106 | F8: 0 | G8: 0 | H8: =DEGREES(ATAN2(COS($C8) * SIN($D8), -SIN($C8)))+90 -> 180 | I8: =DEGREES(ACOS(COS($C8) * COS($D8))) -> 90.01167 | J8: 0.030075472 | K8: -0.0050644181 | L8: -0.0090518352 | P8: =ABS(J8-M8) -> 0.030075472 | Q8: =ABS(K8-N8) -> 0.0050644181 | R8: =ABS(L8-O8) -> 0.0090518352
A9: 0.166 | B9: 0.1 | C9: -1.571 | D9: 0 | E9: 0.962 | F9: 0 | G9: 0 | H9: =DEGREES(ATAN2(COS($C9) * SIN($D9), -SIN($C9)))+90 -> 180 | I9: =DEGREES(ACOS(COS($C9) * COS($D9))) -> 90.01167 | J9: 0.023695117 | K9: -0.00092211924 | L9: 0.0028367559 | P9: =ABS(J9-M9) -> 0.023695117 | Q9: =ABS(K9-N9) -> 0.00092211924 | R9: =ABS(L9-O9) -> 0.0028367559
A10: 0.184 | B10: 0.12 | C10: -1.571 | D10: 0 | E10: 0 | F10: 0.894 | G10: 0 | H10: =DEGREES(ATAN2(COS($C10) * SIN($D10), -SIN($C10)))+90 -> 180 | I10: =DEGREES(ACOS(COS($C10) * COS($D10))) -> 90.01167 | J10: 0.028816435 | K10: -0.00045914299 | L10: -0.03649075 | P10: =ABS(J10-M10) -> 0.028816435 | Q10: =ABS(K10-N10) -> 0.00045914299 | R10: =ABS(L10-O10) -> 0.03649075
A11: 0.309 | B11: 0.12 | C11: -1.571 | D11: 0 | E11: 0 | F11: 0.871 | G11: 0 | H11: =DEGREES(ATAN2(COS($C11) * SIN($D11), -SIN($C11)))+90 -> 180 | I11: =DEGREES(ACOS(COS($C11) * COS($D11))) -> 90.01167 | J11: 0.043275639 | K11: 0.0018532184 | L11: -0.052716844 | P11: =ABS(J11-M11) -> 0.043275639 | Q11: =ABS(K11-N11) -> 0.0018532184 | R11: =ABS(L11-O11) -> 0.052716844
A12: 0.204 | B12: 0.2 | C12: -1.571 | D12: 0 | E12: 0 | F12: 1.315 | G12: 0 | H12: =DEGREES(ATAN2(COS($C12) * SIN($D12), -SIN($C12)))+90 -> 180 | I12: =DEGREES(ACOS(COS($C12) * COS($D12))) -> 90.01167 | J12: 0.031712417 | K12: 0.0085735479 | L12: -0.026578259 | P12: =ABS(J12-M12) -> 0.031712417 | Q12: =ABS(K12-N12) -> 0.0085735479 | R12: =ABS(L12-O12) -> 0.026578259
A13: 0.783 | B13: 0.16 | C13: -1.571 | D13: 0 | E13: 1.344 | F13: 0 | G13: 0 | H13: =DEGREES(ATAN2(COS($C13) * SIN($D13), -SIN($C13)))+90 -> 180 | I13: =DEGREES(ACOS(COS($C13) * COS($D13))) -> 90.01167 | J13: -0.24400823 | K13: 0.034461081 | L13: 2.3404412 | P13: =ABS(J13-M13) -> 0.24400823 | Q13: =ABS(K13-N13) -> 0.034461081 | R13: =ABS(L13-O13) -> 2.3404412

Sheet Distal Validation (3 sensor)
A1: Ground Truth | H1: Gimbal | J1: 6-Axis FT Sensor | M1: SoRoSim get_distal_value | Q1: Distal Errors | U1: Ground-truth unit vector | X1: Predicted unit vector
A2: F (N) | B2: s (m) | C2: el (rad) | D2: az (deg) | E2: tau1 (N) | F2: tau2 (N) | G2: tau3 (N) | H2: α_roll (deg) | I2: β_pitch (deg) | J2: Ty (Nm) | K2: Tz(Nm) | L2: Fx (N) | M2: F (N) | N2: s (m) | O2: el (rad) | P2: az (rad) | Q2: F (N) | R2: s (m) | S2: Combiend Angular (deg) | U2: x | V2: y | W2: z | X2: x | Y2: y | Z2: z
A3: ='Proximal Validation (3 sensor)'!A3 -> 0.713 | B3: ='Proximal Validation (3 sensor)'!B3 -> 0.04 | C3: ='Proximal Validation (3 sensor)'!C3 -> 1.571 | D3: ='Proximal Validation (3 sensor)'!D3 -> 0 | E3: ='Proximal Validation (3 sensor)'!E3 -> 1.19 | F3: ='Proximal Validation (3 sensor)'!F3 -> 0 | G3: ='Proximal Validation (3 sensor)'!G3 -> 0 | H3: ='Proximal Validation (3 sensor)'!H3 -> 0 | ... L3: ='Proximal Validation (3 sensor)'!L3 -> -0.06905058 | M3: 0.688601 | N3: 0.034009 | O3: 1.570796 | P3: 0 | Q3: =M3-A3 -> -0.024399 | R3: =N3-B3 -> -0.005991 | S3: =MIN(DEGREES(ACOS( MAX(-1, MIN(1, X3*U3 + Y3*V3 + Z3*W3)) )),180-DEGREES(ACOS( MAX(-1, MIN(1, X3*U3 + Y3*V3 + Z3*W3)) ))) -> 0.011688339 | U3: =COS(C3)*COS(D3) -> -0.0002036732 | V3: =COS(C3)*SIN(D3) -> 0 | W3: =SIN(C3) -> 0.99999998 | X3: =COS(O3)*COS(P3) -> 3.267949e-07 | Y3: =COS(O3)*SIN(P3) -> 0 | Z3: =SIN(O3) -> 1
A4: ='Proximal Validation (3 sensor)'!A4 -> 0.42 | B4: ='Proximal Validation (3 sensor)'!B4 -> 0.1 | C4: ='Proximal Validation (3 sensor)'!C4 -> 1.571 | D4: ='Proximal Validation (3 sensor)'!D4 -> 0 | E4: ='Proximal Validation (3 sensor)'!E4 -> 0 | F4: ='Proximal Validation (3 sensor)'!F4 -> 0 | G4: ='Proximal Validation (3 sensor)'!G4 -> 0.95 | H4: ='Proximal Validation (3 sensor)'!H4 -> 0 | ... L4: ='Proximal Validation (3 sensor)'!L4 -> -0.057656042 | M4: 0.335418 | N4: 0.1237 | O4: 1.45349 | P4: 0 | Q4: =M4-A4 -> -0.084582 | R4: =N4-B4 -> 0.0237 | S4: =MIN(DEGREES(ACOS( MAX(-1, MIN(1, X4*U4 + Y4*V4 + Z4*W4)) )),180-DEGREES(ACOS( MAX(-1, MIN(1, X4*U4 + Y4*V4 + Z4*W4)) ))) -> 6.7328271 | U4: =COS(C4)*COS(D4) -> -0.0002036732 | V4: =COS(C4)*SIN(D4) -> 0 | W4: =SIN(C4) -> 0.99999998 | X4: =COS(O4)*COS(P4) -> 0.11703747 | Y4: =COS(O4)*SIN(P4) -> 0 | Z4: =SIN(O4) -> 0.9931275
A5: ='Proximal Validation (3 sensor)'!A5 -> 0.852 | B5: ='Proximal Validation (3 sensor)'!B5 -> 0.06 | C5: ='Proximal Validation (3 sensor)'!C5 -> 1.571 | D5: ='Proximal Validation (3 sensor)'!D5 -> 0 | E5: ='Proximal Validation (3 sensor)'!E5 -> 0 | F5: ='Proximal Validation (3 sensor)'!F5 -> 0.694 | G5: ='Proximal Validation (3 sensor)'!G5 -> 0 | H5: ='Proximal Validation (3 sensor)'!H5 -> 0 | ... L5: ='Proximal Validation (3 sensor)'!L5 -> -0.18650262 | M5: 0.245319 | N5: 0.2 | O5: -1.5708 | P5: 0 | Q5: =M5-A5 -> -0.606681 | R5: =N5-B5 -> 0.14 | S5: =MIN(DEGREES(ACOS( MAX(-1, MIN(1, X5*U5 + Y5*V5 + Z5*W5)) )),180-DEGREES(ACOS( MAX(-1, MIN(1, X5*U5 + Y5*V5 + Z5*W5)) ))) -> 0.011880074 | U5: =COS(C5)*COS(D5) -> -0.0002036732 | V5: =COS(C5)*SIN(D5) -> 0 | W5: =SIN(C5) -> 0.99999998 | X5: =COS(O5)*COS(P5) -> -3.6732051e-06 | Y5: =COS(O5)*SIN(P5) -> 0 | Z5: =SIN(O5) -> -1
A6: ='Proximal Validation (3 sensor)'!A6 -> 0.611 | B6: ='Proximal Validation (3 sensor)'!B6 -> 0.1 | C6: ='Proximal Validation (3 sensor)'!C6 -> 1.571 | D6: ='Proximal Validation (3 sensor)'!D6 -> 0 | E6: ='Proximal Validation (3 sensor)'!E6 -> 0 | F6: ='Proximal Validation (3 sensor)'!F6 -> 0 | G6: ='Proximal Validation (3 sensor)'!G6 -> 1.286 | H6: ='Proximal Validation (3 sensor)'!H6 -> 0 | ... L6: ='Proximal Validation (3 sensor)'!L6 -> -0.098316871 | M6: 0.618792 | N6: 0.099813 | O6: 1.369394 | P6: 0 | Q6: =M6-A6 -> 0.007792 | R6: =N6-B6 -> -0.000187 | S6: =MIN(DEGREES(ACOS( MAX(-1, MIN(1, X6*U6 + Y6*V6 + Z6*W6)) )),180-DEGREES(ACOS( MAX(-1, MIN(1, X6*U6 + Y6*V6 + Z6*W6)) ))) -> 11.551173 | U6: =COS(C6)*COS(D6) -> -0.0002036732 | V6: =COS(C6)*SIN(D6) -> 0 | W6: =SIN(C6) -> 0.99999998 | X6: =COS(O6)*COS(P6) -> 0.20004351 | Y6: =COS(O6)*SIN(P6) -> 0 | Z6: =SIN(O6) -> 0.97978701
A7: ='Proximal Validation (3 sensor)'!A7 -> 0.658 | B7: ='Proximal Validation (3 sensor)'!B7 -> 0.04 | C7: ='Proximal Validation (3 sensor)'!C7 -> 1.571 | D7: ='Proximal Validation (3 sensor)'!D7 -> 0 | E7: ='Proximal Validation (3 sensor)'!E7 -> 0.397 | F7: ='Proximal Validation (3 sensor)'!F7 -> 0 | G7: ='Proximal Validation (3 sensor)'!G7 -> 0 | H7: ='Proximal Validation (3 sensor)'!H7 -> 0 | ... L7: ='Proximal Validation (3 sensor)'!L7 -> -0.10715988 | M7: 0.161648 | N7: 0.2 | O7: -1.5708 | P7: 0 | Q7: =M7-A7 -> -0.496352 | R7: =N7-B7 -> 0.16 | S7: =MIN(DEGREES(ACOS( MAX(-1, MIN(1, X7*U7 + Y7*V7 + Z7*W7)) )),180-DEGREES(ACOS( MAX(-1, MIN(1, X7*U7 + Y7*V7 + Z7*W7)) ))) -> 0.011880074 | U7: =COS(C7)*COS(D7) -> -0.0002036732 | V7: =COS(C7)*SIN(D7) -> 0 | W7: =SIN(C7) -> 0.99999998 | X7: =COS(O7)*COS(P7) -> -3.6732051e-06 | Y7: =COS(O7)*SIN(P7) -> 0 | Z7: =SIN(O7) -> -1
A8: ='Proximal Validation (3 sensor)'!A8 -> 0.216 | B8: ='Proximal Validation (3 sensor)'!B8 -> 0.16 | C8: ='Proximal Validation (3 sensor)'!C8 -> -1.571 | D8: ='Proximal Validation (3 sensor)'!D8 -> 0 | E8: ='Proximal Validation (3 sensor)'!E8 -> 1.106 | F8: ='Proximal Validation (3 sensor)'!F8 -> 0 | G8: ='Proximal Validation (3 sensor)'!G8 -> 0 | H8: ='Proximal Validation (3 sensor)'!H8 -> 180 | ... L8: ='Proximal Validation (3 sensor)'!L8 -> -0.0090518352 | M8: 0.163243 | N8: 0.094347 | O8: -1.5708 | P8: 0 | Q8: =M8-A8 -> -0.052757 | R8: =N8-B8 -> -0.065653 | S8: =MIN(DEGREES(ACOS( MAX(-1, MIN(1, X8*U8 + Y8*V8 + Z8*W8)) )),180-DEGREES(ACOS( MAX(-1, MIN(1, X8*U8 + Y8*V8 + Z8*W8)) ))) -> 0.011459156 | U8: =COS(C8)*COS(D8) -> -0.0002036732 | V8: =COS(C8)*SIN(D8) -> 0 | W8: =SIN(C8) -> -0.99999998 | X8: =COS(O8)*COS(P8) -> -3.6732051e-06 | Y8: =COS(O8)*SIN(P8) -> 0 | Z8: =SIN(O8) -> -1
A9: ='Proximal Validation (3 sensor)'!A9 -> 0.166 | B9: ='Proximal Validation (3 sensor)'!B9 -> 0.1 | C9: ='Proximal Validation (3 sensor)'!C9 -> -1.571 | D9: ='Proximal Validation (3 sensor)'!D9 -> 0 | E9: ='Proximal Validation (3 sensor)'!E9 -> 0.962 | F9: ='Proximal Validation (3 sensor)'!F9 -> 0 | G9: ='Proximal Validation (3 sensor)'!G9 -> 0 | H9: ='Proximal Validation (3 sensor)'!H9 -> 180 | ... L9: ='Proximal Validation (3 sensor)'!L9 -> 0.0028367559 | M9: 0.05 | N9: 0.01 | O9: 1.497569 | P9: 0 | Q9: =M9-A9 -> -0.116 | R9: =N9-B9 -> -0.09 | S9: =MIN(DEGREES(ACOS( MAX(-1, MIN(1, X9*U9 + Y9*V9 + Z9*W9)) )),180-DEGREES(ACOS( MAX(-1, MIN(1, X9*U9 + Y9*V9 + Z9*W9)) ))) -> 4.1839472 | U9: =COS(C9)*COS(D9) -> -0.0002036732 | V9: =COS(C9)*SIN(D9) -> 0 | W9: =SIN(C9) -> -0.99999998 | X9: =COS(O9)*COS(P9) -> 0.073161901 | Y9: =COS(O9)*SIN(P9) -> 0 | Z9: =SIN(O9) -> 0.99732008
A10: ='Proximal Validation (3 sensor)'!A10 -> 0.184 | B10: ='Proximal Validation (3 sensor)'!B10 -> 0.12 | C10: ='Proximal Validation (3 sensor)'!C10 -> -1.571 | D10: ='Proximal Validation (3 sensor)'!D10 -> 0 | E10: ='Proximal Validation (3 sensor)'!E10 -> 0 | F10: ='Proximal Validation (3 sensor)'!F10 -> 0.894 | G10: ='Proximal Validation (3 sensor)'!G10 -> 0 | H10: ='Proximal Validation (3 sensor)'!H10 -> 180 | ... L10: ='Proximal Validation (3 sensor)'!L10 -> -0.03649075 | M10: 0.122954 | N10: 0.2 | O10: -1.5708 | P10: 0 | Q10: =M10-A10 -> -0.061046 | R10: =N10-B10 -> 0.08 | S10: =MIN(DEGREES(ACOS( MAX(-1, MIN(1, X10*U10 + Y10*V10 + Z10*W10)) )),180-DEGREES(ACOS( MAX(-1, MIN(1, X10*U10 + Y10*V10 + Z10*W10)) ))) -> 0.011459156 | U10: =COS(C10)*COS(D10) -> -0.0002036732 | V10: =COS(C10)*SIN(D10) -> 0 | W10: =SIN(C10) -> -0.99999998 | X10: =COS(O10)*COS(P10) -> -3.6732051e-06 | Y10: =COS(O10)*SIN(P10) -> 0 | Z10: =SIN(O10) -> -1
A11: ='Proximal Validation (3 sensor)'!A11 -> 0.309 | B11: ='Proximal Validation (3 sensor)'!B11 -> 0.12 | C11: ='Proximal Validation (3 sensor)'!C11 -> -1.571 | D11: ='Proximal Validation (3 sensor)'!D11 -> 0 | E11: ='Proximal Validation (3 sensor)'!E11 -> 0 | F11: ='Proximal Validation (3 sensor)'!F11 -> 0.871 | G11: ='Proximal Validation (3 sensor)'!G11 -> 0 | H11: ='Proximal Validation (3 sensor)'!H11 -> 180 | ... L11: ='Proximal Validation (3 sensor)'!L11 -> -0.052716844 | M11: 0.069371 | N11: 0.2 | O11: 1.570796 | P11: 0 | Q11: =M11-A11 -> -0.239629 | R11: =N11-B11 -> 0.08 | S11: =MIN(DEGREES(ACOS( MAX(-1, MIN(1, X11*U11 + Y11*V11 + Z11*W11)) )),180-DEGREES(ACOS( MAX(-1, MIN(1, X11*U11 + Y11*V11 + Z11*W11)) ))) -> 0.011650891 | U11: =COS(C11)*COS(D11) -> -0.0002036732 | V11: =COS(C11)*SIN(D11) -> 0 | W11: =SIN(C11) -> -0.99999998 | X11: =COS(O11)*COS(P11) -> 3.267949e-07 | Y11: =COS(O11)*SIN(P11) -> 0 | Z11: =SIN(O11) -> 1
A12: ='Proximal Validation (3 sensor)'!A12 -> 0.204 | B12: ='Proximal Validation (3 sensor)'!B12 -> 0.2 | C12: ='Proximal Validation (3 sensor)'!C12 -> -1.571 | D12: ='Proximal Validation (3 sensor)'!D12 -> 0 | E12: ='Proximal Validation (3 sensor)'!E12 -> 0 | F12: ='Proximal Validation (3 sensor)'!F12 -> 1.315 | G12: ='Proximal Validation (3 sensor)'!G12 -> 0 | H12: ='Proximal Validation (3 sensor)'!H12 -> 180 | ... L12: ='Proximal Validation (3 sensor)'!L12 -> -0.026578259 | M12: 0.121723 | N12: 0.2 | O12: -1.5708 | P12: 0 | Q12: =M12-A12 -> -0.082277 | R12: =N12-B12 -> 0 | S12: =MIN(DEGREES(ACOS( MAX(-1, MIN(1, X12*U12 + Y12*V12 + Z12*W12)) )),180-DEGREES(ACOS( MAX(-1, MIN(1, X12*U12 + Y12*V12 + Z12*W12)) ))) -> 0.011459156 | U12: =COS(C12)*COS(D12) -> -0.0002036732 | V12: =COS(C12)*SIN(D12) -> 0 | W12: =SIN(C12) -> -0.99999998 | X12: =COS(O12)*COS(P12) -> -3.6732051e-06 | Y12: =COS(O12)*SIN(P12) -> 0 | Z12: =SIN(O12) -> -1
A13: ='Proximal Validation (3 sensor)'!A13 -> 0.783 | B13: ='Proximal Validation (3 sensor)'!B13 -> 0.16 | C13: ='Proximal Validation (3 sensor)'!C13 -> -1.571 | D13: ='Proximal Validation (3 sensor)'!D13 -> 0 | E13: ='Proximal Validation (3 sensor)'!E13 -> 1.344 | F13: ='Proximal Validation (3 sensor)'!F13 -> 0 | G13: ='Proximal Validation (3 sensor)'!G13 -> 0 | H13: ='Proximal Validation (3 sensor)'!H13 -> 180 | ... L13: ='Proximal Validation (3 sensor)'!L13 -> 2.3404412 | M13: 1 | N13: 0.01 | O13: 0.006368 | P13: 0 | Q13: =M13-A13 -> 0.217 | R13: =N13-B13 -> -0.15 | S13: =MIN(DEGREES(ACOS( MAX(-1, MIN(1, X13*U13 + Y13*V13 + Z13*W13)) )),180-DEGREES(ACOS( MAX(-1, MIN(1, X13*U13 + Y13*V13 + Z13*W13)) ))) -> 89.623471 | U13: =COS(C13)*COS(D13) -> -0.0002036732 | V13: =COS(C13)*SIN(D13) -> 0 | W13: =SIN(C13) -> -0.99999998 | X13: =COS(O13)*COS(P13) -> 0.99997972 | Y13: =COS(O13)*SIN(P13) -> 0 | Z13: =SIN(O13) -> 0.006367957
Q14: ABS Mean Error
Q15: {=AVERAGE(ABS(Q3:Q13))} -> 0.18077409 | R15: {=AVERAGE(ABS(R3:R13))} -> 0.072321 | S15: {=AVERAGE(ABS(S3:S13))} -> 10.197536
Q16: Mean Error
Q17: =AVERAGE(#REF!) -> #REF! | R17: =AVERAGE(#REF!) -> #REF! | S17: =AVERAGE(#REF!) -> #REF!
Q18: STDEV
Q19: =_xlfn.STDEV.S(#REF!) -> #REF! | R19: =_xlfn.STDEV.S(#REF!) -> #REF! | S19: =_xlfn.STDEV.S(#REF!) -> #REF!

Sheet Sheet2
A1: 0 | B1: -0.084983476 | C1: -0.00055668631 | D1: -0.06905058 | E1: 0 | F1: 0 | G1: 1.19 | H1: 0 | I1: 0
A2: 0 | B2: -0.071131989 | C2: 6.4605905e-05 | D2: -0.057656042 | E2: 0 | F2: 0 | G2: 0 | H2: 0 | I2: 0.95
A3: 0 | B3: -0.12927182 | C3: 0.0019186139 | D3: -0.18650262 | E3: 0 | F3: 0 | G3: 0 | H3: 0.694 | I3: 0
A4: 0 | B4: -0.11574728 | C4: 0.00069219834 | D4: -0.098316871 | E4: 0 | F4: 0 | G4: 0 | H4: 0 | I4: 1.286
A5: 0 | B5: -0.085103944 | C5: 0.00027206785 | D5: -0.10715988 | E5: 0 | F5: 0 | G5: 0.397 | H5: 0 | I5: 0
A6: 0 | B6: 0.030075472 | C6: -0.0050644181 | D6: -0.0090518352 | E6: 0 | F6: 0 | G6: 1.106 | H6: 0 | I6: 0
A7: 0 | B7: 0.023695117 | C7: -0.00092211924 | D7: 0.0028367559 | E7: 0 | F7: 0 | G7: 0.962 | H7: 0 | I7: 0
A8: 0 | B8: 0.028816435 | C8: -0.00045914299 | D8: -0.03649075 | E8: 0 | F8: 0 | G8: 0 | H8: 0.894 | I8: 0
A9: 0 | B9: 0.043275639 | C9: 0.0018532184 | D9: -0.052716844 | E9: 0 | F9: 0 | G9: 0 | H9: 0.871 | I9: 0
A10: 0 | B10: 0.031712417 | C10: 0.0085735479 | D10: -0.026578259 | E10: 0 | F10: 0 | G10: 0 | H10: 1.315 | I10: 0
A11: 0 | B11: -0.24400823 | C11: 0.034461081 | D11: 2.3404412 | E11: 0 | F11: 0 | G11: 1.344 | H11: 0 | I11: 0

Sheet Proximal Validation (double)
A1: Ground Truth | H1: Gimbal | Q1: 6-Axis FT Sensor | W1: SoRoSim get_proximal_value | AC1: Proximal Errors
A2: F (N) | B2: s (m) | C2: el (rad) | D2: az (deg) | E2: tau1 (N) | F2: tau2 (N) | G2: tau3 (N) | H2: α_roll (deg) | I2: β_pitch (deg) | J2: F (N) | K2: s (m) | L2: el (rad) | M2: az (deg) | N2: tau1 (N) | O2: tau2 (N) | P2: tau3 (N) | Q2: Tx (Nm) | R2: Ty (Nm) | S2: Tz(Nm) | T2: Fx (N) | U2: Fy (N) | V2: Fz (N) | W2: Tx (Nm) | X2: Ty (Nm) | Y2: Tz(Nm) | Z2: Fx (N) | AA2: Fy (N) | AB2: Fz (N) | AC2: Tx (Nm) | AD2: Ty (Nm) | AE2: Tz(Nm) | AF2: Fx (N) | AG2: Fy (N) | AH2: Fz (N)
A3: 0.713 | B3: 0.16 | C3: 1.571 | D3: -3.142 | E3: 1.19 | F3: 0 | G3: 0 | H3: =DEGREES(ATAN2(COS($C3) * SIN($D3), -SIN($C3)))+90 -> -4.7535757e-06 | I3: =DEGREES(ACOS(COS($C3) * COS($D3))) -> 89.98833 | J3: 1.12 | K3: 0.04 | L3: =-1*PI()/4 -> -0.78539816 | M3: =-1*PI()/2 -> -1.5707963 | N3: 1.19 | O3: 0.377 | P3: 0.338 | Q3: 0.0059407577 | R3: -0.062523872 | S3: -0.11014698 | T3: -0.47880077 | U3: -0.8245101 | V3: -0.14894739 | AC3: =ABS(Q3-W3) -> 0.0059407577 | AD3: =ABS(R3-X3) -> 0.062523872 | AE3: =ABS(S3-Y3) -> 0.11014698 | AF3: =ABS(T3-Z3) -> 0.47880077 | AG3: =ABS(U3-AA3) -> 0.8245101 | AH3: =ABS(V3-AB3) -> 0.14894739
A4: 0.42 | B4: 0.1 | C4: 1.571 | D4: -3.142 | E4: 0 | F4: 0 | G4: 0.95 | H4: =DEGREES(ATAN2(COS($C4) * SIN($D4), -SIN($C4)))+90 -> -4.7535757e-06 | I4: =DEGREES(ACOS(COS($C4) * COS($D4))) -> 89.98833 | J4: 0.9 | K4: 0.04 | L4: =-1*PI()/4 -> -0.78539816 | M4: =-1*PI()/2 -> -1.5707963 | N4: 0.455 | O4: 0.619 | P4: 0.95 | Q4: -0.00044273911 | R4: -0.014930857 | S4: -0.073162265 | T4: 0.0051068682 | U4: -0.64753306 | V4: -0.16830507 | AC4: =ABS(Q4-W4) -> 0.00044273911 | AD4: =ABS(R4-X4) -> 0.014930857 | AE4: =ABS(S4-Y4) -> 0.073162265 | AF4: =ABS(T4-Z4) -> 0.0051068682 | AG4: =ABS(U4-AA4) -> 0.64753306 | AH4: =ABS(V4-AB4) -> 0.16830507
A5: 0.852 | B5: 0.12 | C5: 1.571 | D5: -3.142 | E5: 0 | F5: 0.694 | G5: 0 | H5: =DEGREES(ATAN2(COS($C5) * SIN($D5), -SIN($C5)))+90 -> -4.7535757e-06 | I5: =DEGREES(ACOS(COS($C5) * COS($D5))) -> 89.98833 | J5: 1 | K5: 0.04 | L5: =-1*PI()/4 -> -0.78539816 | M5: =-1*PI()/2 -> -1.5707963 | N5: 0.308 | O5: 0.694 | P5: 0.013 | Q5: -0.002732242 | R5: -0.1176232 | S5: -0.078161441 | T5: -0.38883594 | U5: -0.69591957 | V5: 0.20617163 | AC5: =ABS(Q5-W5) -> 0.002732242 | AD5: =ABS(R5-X5) -> 0.1176232 | AE5: =ABS(S5-Y5) -> 0.078161441 | AF5: =ABS(T5-Z5) -> 0.38883594 | AG5: =ABS(U5-AA5) -> 0.69591957 | AH5: =ABS(V5-AB5) -> 0.20617163
A6: 0.611 | B6: 0.1 | C6: 1.571 | D6: -3.142 | E6: 0 | F6: 0 | G6: 1.286 | H6: =DEGREES(ATAN2(COS($C6) * SIN($D6), -SIN($C6)))+90 -> -4.7535757e-06 | I6: =DEGREES(ACOS(COS($C6) * COS($D6))) -> 89.98833 | J6: 0.96 | K6: 0.04 | L6: =-1*PI()/4 -> -0.78539816 | M6: =-1*PI()/2 -> -1.5707963 | N6: 1.008 | O6: 0.046 | P6: 1.286 | Q6: -0.001878507 | R6: -0.07330066 | S6: -0.076524302 | T6: -0.090356886 | U6: -0.67898846 | V6: 0.11682871 | AC6: =ABS(Q6-W6) -> 0.001878507 | AD6: =ABS(R6-X6) -> 0.07330066 | AE6: =ABS(S6-Y6) -> 0.076524302 | AF6: =ABS(T6-Z6) -> 0.090356886 | AG6: =ABS(U6-AA6) -> 0.67898846 | AH6: =ABS(V6-AB6) -> 0.11682871
A7: 0.363 | B7: 0.18 | C7: 1.571 | D7: 0 | E7: 0 | F7: 1.339 | G7: 0 | H7: =DEGREES(ATAN2(COS($C7) * SIN($D7), -SIN($C7)))+90 -> 0 | I7: =DEGREES(ACOS(COS($C7) * COS($D7))) -> 90.01167 | J7: 0.93 | K7: 0.04 | L7: =-1*PI()/4 -> -0.78539816 | M7: =-1*PI()/2 -> -1.5707963 | N7: 0.756 | O7: 1.339 | P7: 0.394 | Q7: -0.0046365834 | R7: -0.01746035 | S7: -0.07087867 | T7: -0.13470298 | U7: -0.63992625 | V7: -0.30394465 | AC7: =ABS(Q7-W7) -> 0.0046365834 | AD7: =ABS(R7-X7) -> 0.01746035 | AE7: =ABS(S7-Y7) -> 0.07087867 | AF7: =ABS(T7-Z7) -> 0.13470298 | AG7: =ABS(U7-AA7) -> 0.63992625 | AH7: =ABS(V7-AB7) -> 0.30394465
A8: 0.216 | B8: 0.16 | C8: -1.571 | D8: 0 | E8: 1.106 | F8: 0 | G8: 0 | H8: =DEGREES(ATAN2(COS($C8) * SIN($D8), -SIN($C8)))+90 -> 180 | I8: =DEGREES(ACOS(COS($C8) * COS($D8))) -> 90.01167 | J8: 0.96 | K8: 0.04 | L8: =-1*PI()/4 -> -0.78539816 | M8: =-1*PI()/2 -> -1.5707963 | N8: 1.106 | O8: 0.213 | P8: 0.419 | Q8: -0.0028513786 | R8: 0.11834385 | S8: -0.097281925 | T8: -0.054698091 | U8: -0.71555197 | V8: -0.74709541 | AC8: =ABS(Q8-W8) -> 0.0028513786 | AD8: =ABS(R8-X8) -> 0.11834385 | AE8: =ABS(S8-Y8) -> 0.097281925 | AF8: =ABS(T8-Z8) -> 0.054698091 | AG8: =ABS(U8-AA8) -> 0.71555197 | AH8: =ABS(V8-AB8) -> 0.74709541
A9: 0.166 | B9: 0.1 | C9: -1.571 | D9: 0 | E9: 0.962 | F9: 0 | G9: 0 | H9: =DEGREES(ATAN2(COS($C9) * SIN($D9), -SIN($C9)))+90 -> 180 | I9: =DEGREES(ACOS(COS($C9) * COS($D9))) -> 90.01167 | J9: 1.02 | K9: 0.04 | L9: =-1*PI()/4 -> -0.78539816 | M9: =-1*PI()/2 -> -1.5707963 | N9: 0.962 | O9: 0.959 | P9: 0.779 | Q9: -0.0027692011 | R9: 0.097560778 | S9: -0.086382136 | T9: 0.03898675 | U9: -0.75769031 | V9: -0.77303338 | AC9: =ABS(Q9-W9) -> 0.0027692011 | AD9: =ABS(R9-X9) -> 0.097560778 | AE9: =ABS(S9-Y9) -> 0.086382136 | AF9: =ABS(T9-Z9) -> 0.03898675 | AG9: =ABS(U9-AA9) -> 0.75769031 | AH9: =ABS(V9-AB9) -> 0.77303338
A10: 0.51 | B10: 0.14 | C10: -1.571 | D10: -3.142 | E10: 0 | F10: 0 | G10: 0.808 | H10: =DEGREES(ATAN2(COS($C10) * SIN($D10), -SIN($C10)))+90 -> 180 | I10: =DEGREES(ACOS(COS($C10) * COS($D10))) -> 89.98833 | J10: 0.95 | K10: 0.04 | L10: =-1*PI()/4 -> -0.78539816 | M10: =-1*PI()/2 -> -1.5707963 | N10: 0.61 | O10: 0.648 | P10: 1.244 | Q10: -0.00063605979 | R10: 0.16263124 | S10: -0.078621164 | T10: -0.09818314 | U10: -0.69786108 | V10: -0.98279035 | AC10: =ABS(Q10-W10) -> 0.00063605979 | AD10: =ABS(R10-X10) -> 0.16263124 | AE10: =ABS(S10-Y10) -> 0.078621164 | AF10: =ABS(T10-Z10) -> 0.09818314 | AG10: =ABS(U10-AA10) -> 0.69786108 | AH10: =ABS(V10-AB10) -> 0.98279035
A11: 0.309 | B11: 0.12 | C11: -1.571 | D11: 0 | E11: 0 | F11: 0.871 | G11: 0 | H11: =DEGREES(ATAN2(COS($C11) * SIN($D11), -SIN($C11)))+90 -> 180 | I11: =DEGREES(ACOS(COS($C11) * COS($D11))) -> 90.01167 | J11: 0.96 | K11: 0.04 | L11: =-1*PI()/4 -> -0.78539816 | M11: =-1*PI()/2 -> -1.5707963 | N11: 0.77 | O11: 0.723 | P11: 0.808 | Q11: 0.00066061318 | R11: 0.14406297 | S11: -0.09297771 | T11: -0.13017064 | U11: -0.68874276 | V11: -0.87943071 | AC11: =ABS(Q11-W11) -> 0.00066061318 | AD11: =ABS(R11-X11) -> 0.14406297 | AE11: =ABS(S11-Y11) -> 0.09297771 | AF11: =ABS(T11-Z11) -> 0.13017064 | AG11: =ABS(U11-AA11) -> 0.68874276 | AH11: =ABS(V11-AB11) -> 0.87943071
A12: 0.204 | B12: 0.2 | C12: -1.571 | D12: 0 | E12: 0 | F12: 1.315 | G12: 0 | H12: =DEGREES(ATAN2(COS($C12) * SIN($D12), -SIN($C12)))+90 -> 180 | I12: =DEGREES(ACOS(COS($C12) * COS($D12))) -> 90.01167 | J12: 0.99 | K12: 0.04 | L12: =-1*PI()/4 -> -0.78539816 | M12: =-1*PI()/2 -> -1.5707963 | N12: 1.266 | O12: 0.653 | P12: 0.558 | Q12: 0.00088760722 | R12: 0.1103689 | S12: -0.092105731 | T12: -0.069652721 | U12: -0.70478249 | V12: -0.70020294 | AC12: =ABS(Q12-W12) -> 0.00088760722 | AD12: =ABS(R12-X12) -> 0.1103689 | AE12: =ABS(S12-Y12) -> 0.092105731 | AF12: =ABS(T12-Z12) -> 0.069652721 | AG12: =ABS(U12-AA12) -> 0.70478249 | AH12: =ABS(V12-AB12) -> 0.70020294
AC13: =ABS(Q13-W13) -> 0 | AD13: =ABS(R13-X13) -> 0 | AE13: =ABS(S13-Y13) -> 0 | AF13: =ABS(T13-Z13) -> 0 | AG13: =ABS(U13-AA13) -> 0 | AH13: =ABS(V13-AB13) -> 0

Sheet Conversion
A1: Raw Data | H1: Converted
A2: Fx | B2: Fy | C2: Fz | D2: Tx | E2: Ty | F2: Tz | H2: Tx | I2: Ty | J2: Tz | K2: Fx | L2: Fy | M2: Fz
A3: 0.71999621 | B3: -0.00041469932 | C3: -0.10211793 | D3: 0.00052786293 | E3: 0.096208736 | F3: 0.0010888772 | H3: =$F3 -> 0.0010888772 | I3: =-1*$E3 -> -0.096208736 | J3: =$D3 -> 0.00052786293 | K3: =$C3 -> -0.10211793 | L3: =-1*$B3 -> 0.00041469932 | M3: =$A3 -> 0.71999621
A4: 0.3770107 | B4: -0.00034726411 | C4: -0.094495028 | D4: -3.3083488e-06 | E4: 0.076096132 | F4: 0.00023616489 | H4: =$F4 -> 0.00023616489 | I4: =-1*$E4 -> -0.076096132 | J4: =$D4 -> -3.3083488e-06 | K4: =$C4 -> -0.094495028 | L4: =-1*$B4 -> 0.00034726411 | M4: =$A4 -> 0.3770107
A5: -0.16655451 | B5: -0.26054934 | C5: -0.70404148 | D5: 0.025792217 | E5: 0.057722971 | F5: -0.0058051599 | H5: =$F5 -> -0.0058051599 | I5: =-1*$E5 -> -0.057722971 | J5: =$D5 -> 0.025792217 | K5: =$C5 -> -0.70404148 | L5: =-1*$B5 -> 0.26054934 | M5: =$A5 -> -0.16655451
A6: -0.028247416 | B6: -0.041902125 | C6: -0.60411417 | D6: -0.0069588195 | E6: 0.054018211 | F6: 0.015627356 | H6: =$F6 -> 0.015627356 | I6: =-1*$E6 -> -0.054018211 | J6: =$D6 -> -0.0069588195 | K6: =$C6 -> -0.60411417 | L6: =-1*$B6 -> 0.041902125 | M6: =$A6 -> -0.028247416
A7: -0.70932925 | B7: -0.014058352 | C7: 0.62881786 | D7: 0.0040061371 | E7: -0.085509866 | F7: 0.00098052504 | H7: =$F7 -> 0.00098052504 | I7: =-1*$E7 -> 0.085509866 | J7: =$D7 -> 0.0040061371 | K7: =$C7 -> 0.62881786 | L7: =-1*$B7 -> 0.014058352 | M7: =$A7 -> -0.70932925
A8: -0.17279407 | B8: -0.0051313285 | C8: 0.14830488 | D8: 0.0026633209 | E8: -0.041015565 | F8: 0.00061782915 | H8: =$F8 -> 0.00061782915 | I8: =-1*$E8 -> 0.041015565 | J8: =$D8 -> 0.0026633209 | K8: =$C8 -> 0.14830488 | L8: =-1*$B8 -> 0.0051313285 | M8: =$A8 -> -0.17279407
A9: -0.13907811 | B9: -0.00081693381 | C9: 0.077061228 | D9: 0.0011188128 | E9: -0.01752317 | F9: 0.00020485953 | H9: =$F9 -> 0.00020485953 | I9: =-1*$E9 -> 0.01752317 | J9: =$D9 -> 0.0011188128 | K9: =$C9 -> 0.077061228 | L9: =-1*$B9 -> 0.00081693381 | M9: =$A9 -> -0.13907811
A10: -0.080783911 | B10: 0.0007562954 | C10: 0.049468119 | D10: 0.00011925116 | E10: -0.015153426 | F10: 0.00015330073 | H10: =$F10 -> 0.00015330073 | I10: =-1*$E10 -> 0.015153426 | J10: =$D10 -> 0.00011925116 | K10: =$C10 -> 0.049468119 | L10: =-1*$B10 -> -0.0007562954 | M10: =$A10 -> -0.080783911
A11: -0.1244907 | B11: -0.0065520424 | C11: 0.045787167 | D11: 0.001259484 | E11: -0.025940375 | F11: 0.00098040979 | H11: =$F11 -> 0.00098040979 | I11: =-1*$E11 -> 0.025940375 | J11: =$D11 -> 0.001259484 | K11: =$C11 -> 0.045787167 | L11: =-1*$B11 -> 0.0065520424 | M11: =$A11 -> -0.1244907
A12: -0.1952658 | B12: -0.009108033 | C12: -0.056303322 | D12: 0.0013261497 | E12: -0.04320785 | F12: 0.0018741261 | H12: =$F12 -> 0.0018741261 | I12: =-1*$E12 -> 0.04320785 | J12: =$D12 -> 0.0013261497 | K12: =$C12 -> -0.056303322 | L12: =-1*$B12 -> 0.009108033 | M12: =$A12 -> -0.1952658
A13: -0.094623744 | B13: -0.0082853539 | C13: -0.027036492 | D13: 0.0020784591 | E13: -0.03009814 | F13: 0.0015600752 | H13: =$F13 -> 0.0015600752 | I13: =-1*$E13 -> 0.03009814 | J13: =$D13 -> 0.0020784591 | K13: =$C13 -> -0.027036492 | L13: =-1*$B13 -> 0.0082853539 | M13: =$A13 -> -0.094623744
H14: =$F14 -> 0 | I14: =-1*$E14 -> 0 | J14: =$D14 -> 0 | K14: =$C14 -> 0 | L14: =-1*$B14 -> 0 | M14: =$A14 -> 0
H15: =$F15 -> 0 | I15: =-1*$E15 -> 0 | J15: =$D15 -> 0 | K15: =$C15 -> 0 | L15: =-1*$B15 -> 0 | M15: =$A15 -> 0
H16: =$F16 -> 0 | I16: =-1*$E16 -> 0 | J16: =$D16 -> 0 | K16: =$C16 -> 0 | L16: =-1*$B16 -> 0 | M16: =$A16 -> 0
H17: =$F17 -> 0 | I17: =-1*$E17 -> 0 | J17: =$D17 -> 0 | K17: =$C17 -> 0 | L17: =-1*$B17 -> 0 | M17: =$A17 -> 0
H18: =$F18 -> 0 | I18: =-1*$E18 -> 0 | J18: =$D18 -> 0 | K18: =$C18 -> 0 | L18: =-1*$B18 -> 0 | M18: =$A18 -> 0
H19: =$F19 -> 0 | I19: =-1*$E19 -> 0 | J19: =$D19 -> 0 | K19: =$C19 -> 0 | L19: =-1*$B19 -> 0 | M19: =$A19 -> 0
H20: =$F20 -> 0 | I20: =-1*$E20 -> 0 | J20: =$D20 -> 0 | K20: =$C20 -> 0 | L20: =-1*$B20 -> 0 | M20: =$A20 -> 0
H21: =$F21 -> 0 | I21: =-1*$E21 -> 0 | J21: =$D21 -> 0 | K21: =$C21 -> 0 | L21: =-1*$B21 -> 0 | M21: =$A21 -> 0
H22: =$F22 -> 0 | I22: =-1*$E22 -> 0 | J22: =$D22 -> 0 | K22: =$C22 -> 0 | L22: =-1*$B22 -> 0 | M22: =$A22 -> 0
H23: =$F23 -> 0 | I23: =-1*$E23 -> 0 | J23: =$D23 -> 0 | K23: =$C23 -> 0 | L23: =-1*$B23 -> 0 | M23: =$A23 -> 0
H24: =$F24 -> 0 | I24: =-1*$E24 -> 0 | J24: =$D24 -> 0 | K24: =$C24 -> 0 | L24: =-1*$B24 -> 0 | M24: =$A24 -> 0
H25: =$F25 -> 0 | I25: =-1*$E25 -> 0 | J25: =$D25 -> 0 | K25: =$C25 -> 0 | L25: =-1*$B25 -> 0 | M25: =$A25 -> 0
... H28: =$F28 -> 0 | I28: =-1*$E28 -> 0 | J28: =$D28 -> 0 | K28: =$C28 -> 0 | L28: =-1*$B28 -> 0 | M28: =$A28 -> 0
